Load ID,Pickup Date,Truck ID,Driver Name,Lane,Miles,Revenue USD,Est Cost USD,Profit USD,Profit Margin %
L000001,2025-02-28,T0161,Kai Johnson,"Kansas City, MO → Tampa, FL",2352,4774.56,4010.0,764.56,16.01
L000002,2025-05-15,T0217,Morgan Jackson,"Savannah, GA → New York, NY",1470,3601.5,2533.55,1067.95,29.65
L000003,2025-04-16,T0296,Reese Moore,"Nashville, TN → Pittsburgh, PA",1865,3375.65,3344.11,31.54,0.93
L000004,2025-04-03,T0240,Micah Martinez,"Memphis, TN → Norfolk, VA",1758,3586.32,2981.86,604.46,16.85
L000005,2025-02-16,T0391,Jordan Thomas,"Miami, FL → Orlando, FL",1266,2506.68,2251.34,255.34,10.19
L000006,2025-05-18,T0130,Emerson Rodriguez,"Phoenix, AZ → Jacksonville, FL",1334,3241.62,2615.07,626.55,19.33
L000007,2025-06-24,T0329,Kai Brown,"Atlanta, GA → Jacksonville, FL",831,1811.58,1558.4,253.18,13.98
L000008,2025-04-19,T0349,Riley Hernandez,"Boston, MA → Minneapolis, MN",1741,2994.52,3149.97,-155.45,-5.19
L000009,2025-02-23,T0078,Avery Anderson,"Phoenix, AZ → Tampa, FL",644,1848.28,1102.69,745.59,40.34
L000010,2025-09-11,T0020,Emerson Taylor,"Denver, CO → Salt Lake City, UT",472,1373.52,836.79,536.73,39.08
L000011,2025-04-16,T0232,Drew Miller,"Miami, FL → Milwaukee, WI",1728,4164.48,3317.31,847.17,20.34
L000012,2025-03-12,T0210,Jesse Williams,"San Antonio, TX → New York, NY",393,1072.89,751.45,321.44,29.96
L000013,2025-07-28,T0049,Jordan Gonzalez,"Kansas City, MO → Milwaukee, WI",1775,3248.25,2966.76,281.49,8.67
L000014,2025-08-11,T0044,Emerson Brown,"Memphis, TN → Louisville, KY",1012,2378.2,1880.92,497.28,20.91
L000015,2025-01-10,T0344,Hayden Martin,"Kansas City, MO → Boise, ID",2157,4421.85,4524.64,-102.79,-2.32
L000016,2025-03-24,T0011,Drew Garcia,"Dallas, TX → Philadelphia, PA",2498,4496.4,4698.68,-202.28,-4.5
L000017,2025-04-28,T0012,Jordan Anderson,"Portland, OR → Buffalo, NY",1687,3475.22,2950.55,524.67,15.1
L000018,2025-08-05,T0240,Quinn Thomas,"Memphis, TN → Boise, ID",1908,3377.16,3556.79,-179.63,-5.32
L000019,2025-04-02,T0021,Rowan Gonzalez,"Charlotte, NC → San Jose, CA",1482,3660.54,2524.77,1135.77,31.03
L000020,2025-02-20,T0260,Jesse Martin,"Los Angeles, CA → San Diego, CA",2178,4639.14,4223.68,415.46,8.96
L000021,2025-06-28,T0242,Avery Taylor,"Portland, OR → Richmond, VA",916,1987.72,1591.56,396.16,19.93
L000022,2025-01-20,T0048,Alex Johnson,"Columbus, OH → Milwaukee, WI",2448,4602.24,3750.86,851.38,18.5
L000023,2025-07-15,T0359,Jordan Gonzalez,"Indianapolis, IN → Milwaukee, WI",158,557.74,321.51,236.23,42.36
L000024,2025-08-21,T0124,Morgan Gonzalez,"Phoenix, AZ → Buffalo, NY",1925,4754.75,3576.68,1178.07,24.78
L000025,2025-08-14,T0291,Jesse Williams,"Portland, OR → Salt Lake City, UT",2208,4393.92,4296.68,97.24,2.21
L000026,2025-03-22,T0285,Harper Gonzalez,"Newark, NJ → Buffalo, NY",1551,2760.78,2595.53,165.25,5.99
L000027,2025-01-18,T0281,Taylor Rodriguez,"Chicago, IL → San Jose, CA",1652,3287.48,3079.21,208.27,6.34
L000028,2025-01-22,T0132,Kai Hernandez,"Nashville, TN → Baltimore, MD",343,1053.01,613.09,439.92,41.78
L000029,2025-03-18,T0277,Alex Jones,"Nashville, TN → Cincinnati, OH",275,1058.75,461.36,597.39,56.42
L000030,2025-07-05,T0315,Finley Moore,"Houston, TX → Birmingham, AL",664,1859.2,1288.27,570.93,30.71
L000031,2025-03-06,T0268,Jordan Taylor,"Los Angeles, CA → Milwaukee, WI",2474,5022.22,4528.63,493.59,9.83
L000032,2025-04-30,T0394,Harper Williams,"Indianapolis, IN → Boise, ID",1131,2759.64,1808.45,951.19,34.47
L000033,2025-08-06,T0322,Emerson Jackson,"Atlanta, GA → Buffalo, NY",1708,3245.2,3192.06,53.14,1.64
L000034,2025-09-01,T0107,Kai Brown,"Denver, CO → Jacksonville, FL",2369,5353.94,4113.4,1240.54,23.17
L000035,2025-02-20,T0094,Taylor Rodriguez,"Houston, TX → New York, NY",2199,4376.01,3612.04,763.97,17.46
L000036,2025-05-22,T0224,Jesse Lopez,"Indianapolis, IN → New York, NY",1546,2643.66,2819.21,-175.55,-6.64
L000037,2025-09-09,T0121,Quinn Thomas,"Indianapolis, IN → Orlando, FL",412,1013.52,782.63,230.89,22.78
L000038,2025-09-18,T0199,Emerson Williams,"San Antonio, TX → Raleigh, NC",627,1511.07,1218.89,292.18,19.34
L000039,2025-05-25,T0347,Reese Moore,"Columbus, OH → Birmingham, AL",1978,3758.2,3132.6,625.6,16.65
L000040,2025-04-25,T0023,Alex Johnson,"Kansas City, MO → Philadelphia, PA",2319,4568.43,4050.98,517.45,11.33
L000041,2025-08-22,T0116,Reese Gonzalez,"Indianapolis, IN → Minneapolis, MN",946,1712.26,1935.57,-223.31,-13.04
L000042,2025-01-14,T0124,Finley Gonzalez,"Savannah, GA → San Jose, CA",873,1588.86,1540.16,48.7,3.06
L000043,2025-01-29,T0150,Cameron Rodriguez,"Los Angeles, CA → Raleigh, NC",1158,2014.92,2176.16,-161.24,-8.0
L000044,2025-02-06,T0356,Micah Martinez,"Houston, TX → Philadelphia, PA",510,1275.0,995.58,279.42,21.92
L000045,2025-01-15,T0081,Morgan Jones,"Portland, OR → Philadelphia, PA",2338,5026.7,4252.52,774.18,15.4
L000046,2025-09-02,T0391,Cameron Moore,"Newark, NJ → San Diego, CA",242,767.14,418.93,348.21,45.39
L000047,2025-06-22,T0271,Quinn Anderson,"Miami, FL → Raleigh, NC",1503,3276.54,2546.35,730.19,22.29
L000048,2025-05-20,T0389,Cameron Gonzalez,"Seattle, WA → Baltimore, MD",1932,3728.76,3821.72,-92.96,-2.49
L000049,2025-05-02,T0234,Hayden Hernandez,"Atlanta, GA → Minneapolis, MN",1771,4020.17,2914.44,1105.73,27.5
L000050,2025-02-09,T0086,Hayden Martin,"Indianapolis, IN → Jacksonville, FL",932,1854.68,1590.08,264.6,14.27
L000051,2025-02-24,T0206,Harper Smith,"Portland, OR → Norfolk, VA",1563,3360.45,2755.2,605.25,18.01
L000052,2025-01-31,T0282,Kai Martin,"Los Angeles, CA → Norfolk, VA",163,536.27,301.65,234.62,43.75
L000053,2025-03-05,T0336,Reese Garcia,"Columbus, OH → Birmingham, AL",1588,2779.0,2808.8,-29.8,-1.07
L000054,2025-06-18,T0018,Jesse Gonzalez,"Memphis, TN → Milwaukee, WI",2384,5173.28,4012.31,1160.97,22.44
L000055,2025-04-26,T0284,Harper Hernandez,"Dallas, TX → Tampa, FL",811,1970.73,1680.64,290.09,14.72
L000056,2025-02-24,T0266,Finley Thomas,"Savannah, GA → Louisville, KY",1225,2119.25,2119.76,-0.51,-0.02
L000057,2025-06-09,T0211,Jordan Moore,"Miami, FL → Boise, ID",2090,4138.2,3924.08,214.12,5.17
L000058,2025-04-23,T0215,Jesse Rodriguez,"Kansas City, MO → Tampa, FL",965,1698.4,1753.23,-54.83,-3.23
L000059,2025-05-24,T0081,Quinn Thomas,"Portland, OR → Richmond, VA",1688,3595.44,3001.31,594.13,16.52
L000060,2025-01-04,T0100,Hayden Hernandez,"Memphis, TN → Norfolk, VA",657,2036.7,1163.29,873.41,42.88
L000061,2025-08-13,T0302,Finley Lopez,"Portland, OR → Minneapolis, MN",1103,2404.54,2149.52,255.02,10.61
L000062,2025-09-17,T0142,Alex Brown,"Columbus, OH → Baltimore, MD",1559,3086.82,2809.88,276.94,8.97
L000063,2025-02-08,T0046,Rowan Martinez,"Chicago, IL → Baltimore, MD",565,1423.8,906.65,517.15,36.32
L000064,2025-07-02,T0370,Riley Moore,"Houston, TX → San Jose, CA",1847,3435.42,3306.99,128.43,3.74
L000065,2025-06-09,T0104,Alex Thomas,"Los Angeles, CA → Salt Lake City, UT",1358,2485.14,2632.78,-147.64,-5.94
L000066,2025-03-14,T0032,Quinn Williams,"Seattle, WA → Salt Lake City, UT",2018,4944.1,3971.39,972.71,19.67
L000067,2025-02-04,T0383,Avery Jones,"Portland, OR → Raleigh, NC",1193,1944.59,2039.39,-94.8,-4.87
L000068,2025-03-29,T0062,Jesse Martin,"Newark, NJ → Birmingham, AL",1376,2352.96,2831.53,-478.57,-20.34
L000069,2025-05-30,T0282,Logan Hernandez,"Chicago, IL → Orlando, FL",771,1781.01,1330.52,450.49,25.29
L000070,2025-09-06,T0051,Riley Hernandez,"Nashville, TN → Philadelphia, PA",1713,3854.25,2728.25,1126.0,29.21
L000071,2025-05-28,T0104,Kai Thomas,"Houston, TX → Orlando, FL",184,658.72,289.44,369.28,56.06
L000072,2025-08-01,T0348,Finley Brown,"Nashville, TN → New York, NY",814,1798.94,1504.4,294.54,16.37
L000073,2025-06-25,T0236,Morgan Gonzalez,"Boston, MA → Baltimore, MD",1562,2702.26,2631.52,70.74,2.62
L000074,2025-04-17,T0219,Kai Thomas,"Memphis, TN → Richmond, VA",575,1443.25,1013.28,429.97,29.79
L000075,2025-09-02,T0280,Emerson Rodriguez,"Columbus, OH → Birmingham, AL",1771,2939.86,3160.46,-220.6,-7.5
L000076,2025-09-03,T0242,Drew Jones,"San Antonio, TX → Buffalo, NY",286,943.8,514.63,429.17,45.47
L000077,2025-04-08,T0378,Harper Rodriguez,"Phoenix, AZ → Jacksonville, FL",256,857.6,454.21,403.39,47.04
L000078,2025-01-25,T0364,Jesse Brown,"Charlotte, NC → Richmond, VA",766,1922.66,1369.62,553.04,28.76
L000079,2025-06-19,T0082,Kai Thomas,"Savannah, GA → Pittsburgh, PA",311,892.57,650.03,242.54,27.17
L000080,2025-08-18,T0322,Emerson Rodriguez,"Memphis, TN → Birmingham, AL",1230,2127.9,2064.33,63.57,2.99
L000081,2025-04-25,T0332,Casey Johnson,"Columbus, OH → San Jose, CA",1570,2841.7,3059.7,-218.0,-7.67
L000082,2025-09-20,T0289,Riley Moore,"San Antonio, TX → Tampa, FL",2270,5629.6,3697.08,1932.52,34.33
L000083,2025-09-08,T0208,Micah Smith,"Atlanta, GA → Pittsburgh, PA",767,1948.18,1309.59,638.59,32.78
L000084,2025-09-07,T0230,Rowan Jackson,"Houston, TX → Buffalo, NY",1237,3055.39,2402.51,652.88,21.37
L000085,2025-03-14,T0164,Hayden Lopez,"Indianapolis, IN → Boise, ID",2054,4066.92,3745.89,321.03,7.89
L000086,2025-05-18,T0186,Hayden Moore,"Dallas, TX → Raleigh, NC",149,478.29,262.33,215.96,45.15
L000087,2025-01-15,T0366,Hayden Garcia,"Atlanta, GA → Tampa, FL",1688,3578.56,2916.07,662.49,18.51
L000088,2025-08-05,T0373,Reese Moore,"Memphis, TN → Louisville, KY",2391,4375.53,4491.66,-116.13,-2.65
L000089,2025-06-19,T0021,Avery Jones,"Memphis, TN → Tampa, FL",1601,2929.83,2893.26,36.57,1.25
L000090,2025-09-11,T0012,Finley Gonzalez,"Seattle, WA → Orlando, FL",967,1750.27,1814.76,-64.49,-3.68
L000091,2025-03-12,T0223,Morgan Jackson,"Columbus, OH → Buffalo, NY",1985,3890.6,3776.76,113.84,2.93
L000092,2025-08-03,T0217,Hayden Martin,"Kansas City, MO → Cincinnati, OH",229,687.0,408.85,278.15,40.49
L000093,2025-05-22,T0102,Hayden Gonzalez,"Newark, NJ → Norfolk, VA",889,2151.38,1567.36,584.02,27.15
L000094,2025-05-18,T0059,Harper Williams,"Seattle, WA → Cincinnati, OH",524,1409.56,994.5,415.06,29.45
L000095,2025-09-19,T0257,Harper Rodriguez,"Memphis, TN → Richmond, VA",873,1693.62,1431.43,262.19,15.48
L000096,2025-05-17,T0326,Morgan Gonzalez,"Chicago, IL → San Diego, CA",1183,2306.85,2103.21,203.64,8.83
L000097,2025-06-24,T0213,Quinn Taylor,"Atlanta, GA → Raleigh, NC",642,1502.28,1182.12,320.16,21.31
L000098,2025-04-15,T0280,Emerson Martin,"Denver, CO → Minneapolis, MN",1768,2899.52,3294.1,-394.58,-13.61
L000099,2025-03-23,T0127,Morgan Jones,"Nashville, TN → San Jose, CA",2186,4896.64,3561.27,1335.37,27.27
L000100,2025-05-18,T0250,Hayden Martin,"Nashville, TN → Baltimore, MD",677,1814.36,1143.7,670.66,36.96
L000101,2025-08-20,T0169,Finley Taylor,"Chicago, IL → Birmingham, AL",1359,2772.36,2144.4,627.96,22.65
L000102,2025-09-08,T0371,Harper Gonzalez,"Memphis, TN → Jacksonville, FL",1905,3314.7,3054.44,260.26,7.85
L000103,2025-03-09,T0301,Rowan Miller,"Atlanta, GA → Buffalo, NY",401,898.24,713.2,185.04,20.6
L000104,2025-01-11,T0264,Morgan Lopez,"Charlotte, NC → Baltimore, MD",2205,4013.1,3548.1,465.0,11.59
L000105,2025-04-20,T0139,Morgan Lopez,"Miami, FL → Salt Lake City, UT",438,1099.38,818.61,280.77,25.54
L000106,2025-07-05,T0204,Jordan Lopez,"Nashville, TN → Salt Lake City, UT",847,1922.69,1510.31,412.38,21.45
L000107,2025-02-07,T0057,Finley Jones,"Houston, TX → Cincinnati, OH",1713,3682.95,2630.78,1052.17,28.57
L000108,2025-01-15,T0361,Emerson Jackson,"Columbus, OH → Richmond, VA",1357,3121.1,2368.67,752.43,24.11
L000109,2025-08-14,T0017,Cameron Moore,"Seattle, WA → Salt Lake City, UT",1451,2379.64,2670.2,-290.56,-12.21
L000110,2025-09-17,T0293,Alex Williams,"Kansas City, MO → Norfolk, VA",637,1592.5,989.48,603.02,37.87
L000111,2025-08-04,T0371,Rowan Brown,"Los Angeles, CA → New York, NY",491,1502.46,808.39,694.07,46.2
L000112,2025-05-13,T0007,Jordan Gonzalez,"Denver, CO → Norfolk, VA",2132,5074.16,3590.8,1483.36,29.23
L000113,2025-05-18,T0309,Cameron Davis,"Miami, FL → Philadelphia, PA",2385,5914.8,4612.77,1302.03,22.01
L000114,2025-01-07,T0188,Alex Johnson,"Memphis, TN → Raleigh, NC",1527,2458.47,2668.88,-210.41,-8.56
L000115,2025-07-16,T0077,Hayden Anderson,"Kansas City, MO → Tampa, FL",1482,3304.86,2674.25,630.61,19.08
L000116,2025-02-17,T0144,Harper Wilson,"Kansas City, MO → Philadelphia, PA",636,1736.28,1300.42,435.86,25.1
L000117,2025-04-25,T0138,Taylor Rodriguez,"Indianapolis, IN → Tampa, FL",2352,4374.72,4097.41,277.31,6.34
L000118,2025-08-18,T0370,Casey Gonzalez,"Atlanta, GA → Buffalo, NY",332,879.8,575.47,304.33,34.59
L000119,2025-07-16,T0005,Drew Williams,"Savannah, GA → Jacksonville, FL",120,432.0,305.11,126.89,29.37
L000120,2025-08-16,T0070,Alex Johnson,"Boston, MA → Jacksonville, FL",2466,4438.8,4474.59,-35.79,-0.81
L000121,2025-03-16,T0071,Jesse Martin,"Portland, OR → Minneapolis, MN",1735,3678.2,2893.76,784.44,21.33
L000122,2025-03-22,T0089,Taylor Williams,"Los Angeles, CA → Raleigh, NC",608,1909.12,1063.61,845.51,44.29
L000123,2025-07-13,T0323,Harper Gonzalez,"Phoenix, AZ → Pittsburgh, PA",708,1854.96,1294.67,560.29,30.2
L000124,2025-04-09,T0297,Drew Rodriguez,"Miami, FL → Cincinnati, OH",1590,2687.1,2886.43,-199.33,-7.42
L000125,2025-03-27,T0159,Reese Williams,"Columbus, OH → Birmingham, AL",933,2033.94,1805.11,228.83,11.25
L000126,2025-04-15,T0111,Quinn Anderson,"Los Angeles, CA → Jacksonville, FL",2186,3738.06,3601.69,136.37,3.65
L000127,2025-06-24,T0036,Alex Martin,"Los Angeles, CA → Raleigh, NC",880,2103.2,1743.47,359.73,17.1
L000128,2025-07-22,T0325,Rowan Garcia,"San Antonio, TX → Buffalo, NY",1014,2251.08,1559.59,691.49,30.72
L000129,2025-03-03,T0335,Rowan Thomas,"Indianapolis, IN → Boise, ID",998,1786.42,1687.68,98.74,5.53
L000130,2025-03-04,T0257,Hayden Lopez,"Nashville, TN → San Jose, CA",234,727.74,470.9,256.84,35.29
L000131,2025-05-01,T0133,Jesse Williams,"Newark, NJ → Minneapolis, MN",1616,2731.04,2935.06,-204.02,-7.47
L000132,2025-02-17,T0109,Jordan Thomas,"Nashville, TN → Jacksonville, FL",661,1745.04,1064.15,680.89,39.02
L000133,2025-05-17,T0076,Taylor Gonzalez,"Columbus, OH → Pittsburgh, PA",1182,2233.98,2063.57,170.41,7.63
L000134,2025-03-13,T0372,Alex Jones,"Kansas City, MO → Jacksonville, FL",2039,5015.94,3195.96,1819.98,36.28
L000135,2025-01-01,T0009,Kai Hernandez,"Charlotte, NC → Richmond, VA",324,923.4,562.71,360.69,39.06
L000136,2025-09-03,T0015,Harper Lopez,"Savannah, GA → Cincinnati, OH",1416,2393.04,2291.34,101.7,4.25
L000137,2025-03-31,T0369,Avery Jones,"Miami, FL → Pittsburgh, PA",1396,3406.24,2438.78,967.46,28.4
L000138,2025-05-30,T0193,Avery Anderson,"Nashville, TN → Birmingham, AL",2045,3681.0,3546.12,134.88,3.66
L000139,2025-05-05,T0026,Cameron Moore,"Nashville, TN → Baltimore, MD",2433,5376.93,4420.21,956.72,17.79
L000140,2025-06-26,T0124,Cameron Moore,"Seattle, WA → Salt Lake City, UT",1523,3777.04,2494.56,1282.48,33.95
L000141,2025-06-05,T0163,Finley Martin,"Los Angeles, CA → Milwaukee, WI",184,609.04,317.65,291.39,47.84
L000142,2025-07-26,T0242,Taylor Rodriguez,"Atlanta, GA → Minneapolis, MN",369,981.54,712.61,268.93,27.4
L000143,2025-06-26,T0119,Harper Gonzalez,"Charlotte, NC → Richmond, VA",1560,3884.4,2615.78,1268.62,32.66
L000144,2025-08-21,T0142,Emerson Rodriguez,"Indianapolis, IN → Pittsburgh, PA",261,916.11,448.43,467.68,51.05
L000145,2025-07-03,T0298,Jesse Williams,"Dallas, TX → San Diego, CA",2078,3823.52,3676.9,146.62,3.83
L000146,2025-05-18,T0156,Jesse Lopez,"Dallas, TX → New York, NY",1643,2891.68,3237.75,-346.07,-11.97
L000147,2025-03-21,T0191,Harper Martin,"Los Angeles, CA → Philadelphia, PA",1987,3556.73,3549.53,7.2,0.2
L000148,2025-04-04,T0261,Harper Davis,"Kansas City, MO → Milwaukee, WI",1881,3197.7,3265.59,-67.89,-2.12
L000149,2025-06-05,T0216,Harper Martin,"Los Angeles, CA → Minneapolis, MN",1571,3833.24,2478.89,1354.35,35.33
L000150,2025-06-21,T0289,Quinn Taylor,"Boston, MA → Buffalo, NY",1907,4634.01,3060.51,1573.5,33.96
L000151,2025-07-28,T0181,Avery Jones,"Phoenix, AZ → Minneapolis, MN",2219,4659.9,4218.16,441.74,9.48
L000152,2025-05-06,T0017,Jordan Lopez,"Columbus, OH → Norfolk, VA",2444,4252.56,4458.72,-206.16,-4.85
L000153,2025-06-19,T0025,Drew Williams,"Miami, FL → Norfolk, VA",2385,5294.7,4635.66,659.04,12.45
L000154,2025-09-16,T0156,Riley Thomas,"Dallas, TX → Tampa, FL",1615,3213.85,2652.52,561.33,17.47
L000155,2025-03-25,T0387,Hayden Martin,"San Antonio, TX → Richmond, VA",2450,5512.5,4806.12,706.38,12.81
L000156,2025-03-31,T0242,Jordan Thomas,"Dallas, TX → San Jose, CA",1219,2364.86,1954.44,410.42,17.36
L000157,2025-08-25,T0160,Alex Thomas,"Houston, TX → Buffalo, NY",434,1271.62,671.6,600.02,47.19
L000158,2025-02-06,T0071,Hayden Gonzalez,"Indianapolis, IN → Baltimore, MD",828,1341.36,1320.85,20.51,1.53
L000159,2025-09-19,T0124,Reese Moore,"Memphis, TN → Birmingham, AL",1908,3205.44,3427.7,-222.26,-6.93
L000160,2025-05-31,T0189,Kai Wilson,"San Antonio, TX → Norfolk, VA",742,1840.16,1420.41,419.75,22.81
L000161,2025-08-13,T0387,Emerson Martinez,"Newark, NJ → Boise, ID",981,2246.49,1690.11,556.38,24.77
L000162,2025-07-25,T0255,Hayden Lopez,"Kansas City, MO → Jacksonville, FL",575,1351.25,994.83,356.42,26.38
L000163,2025-09-05,T0184,Jesse Gonzalez,"Houston, TX → Buffalo, NY",2323,3925.87,4249.21,-323.34,-8.24
L000164,2025-02-08,T0345,Hayden Hernandez,"Kansas City, MO → Jacksonville, FL",994,2156.98,1714.62,442.36,20.51
L000165,2025-04-26,T0162,Jordan Thomas,"Miami, FL → Buffalo, NY",244,922.32,430.72,491.6,53.3
L000166,2025-06-25,T0400,Finley Martin,"Chicago, IL → Tampa, FL",148,482.48,262.46,220.02,45.6
L000167,2025-04-27,T0184,Kai Wilson,"Kansas City, MO → Baltimore, MD",2316,5141.52,4285.08,856.44,16.66
L000168,2025-08-01,T0325,Kai Johnson,"Indianapolis, IN → Pittsburgh, PA",1888,4417.92,3439.29,978.63,22.15
L000169,2025-03-27,T0111,Drew Brown,"Chicago, IL → Milwaukee, WI",1773,4343.85,2817.81,1526.04,35.13
L000170,2025-03-10,T0247,Harper Davis,"Chicago, IL → Richmond, VA",173,648.75,294.58,354.17,54.59
L000171,2025-07-16,T0204,Hayden Hernandez,"Boston, MA → Louisville, KY",2045,5112.5,3289.47,1823.03,35.66
L000172,2025-06-12,T0158,Quinn Martinez,"Newark, NJ → San Jose, CA",1112,2001.6,1963.46,38.14,1.91
L000173,2025-02-28,T0355,Jordan Moore,"Indianapolis, IN → San Jose, CA",934,1802.62,1658.11,144.51,8.02
L000174,2025-02-27,T0056,Jordan Lopez,"Houston, TX → Boise, ID",1001,2332.33,2054.44,277.89,11.91
L000175,2025-06-15,T0290,Harper Davis,"Nashville, TN → Boise, ID",606,1345.32,991.97,353.35,26.27
L000176,2025-08-24,T0370,Morgan Gonzalez,"Nashville, TN → Richmond, VA",1346,2153.6,2233.62,-80.02,-3.72
L000177,2025-06-11,T0266,Micah Martinez,"Dallas, TX → Jacksonville, FL",938,2166.78,1684.48,482.3,22.26
L000178,2025-06-10,T0200,Taylor Rodriguez,"Chicago, IL → Boise, ID",1542,3716.22,2779.44,936.78,25.21
L000179,2025-01-02,T0256,Morgan Taylor,"Indianapolis, IN → Richmond, VA",926,2027.94,1689.65,338.29,16.68
L000180,2025-06-29,T0352,Harper Wilson,"Los Angeles, CA → Minneapolis, MN",170,618.8,310.26,308.54,49.86
L000181,2025-04-15,T0277,Hayden Martin,"Portland, OR → Orlando, FL",2112,3886.08,3672.43,213.65,5.5
L000182,2025-09-19,T0148,Avery Jones,"Seattle, WA → Raleigh, NC",816,1476.96,1394.26,82.7,5.6
L000183,2025-06-04,T0108,Morgan Anderson,"Nashville, TN → San Jose, CA",1219,2377.05,2571.15,-194.1,-8.17
L000184,2025-08-03,T0326,Quinn Anderson,"Miami, FL → Birmingham, AL",979,2046.11,1729.66,316.45,15.47
L000185,2025-05-29,T0174,Kai Thomas,"Dallas, TX → Salt Lake City, UT",1502,3124.16,2752.84,371.32,11.89
L000186,2025-03-29,T0347,Kai Thomas,"Portland, OR → Jacksonville, FL",1285,2415.8,2451.63,-35.83,-1.48
L000187,2025-01-26,T0252,Drew Garcia,"Portland, OR → Jacksonville, FL",776,2180.56,1249.91,930.65,42.68
L000188,2025-05-16,T0167,Avery Jones,"Savannah, GA → New York, NY",1854,3077.64,3633.1,-555.46,-18.05
L000189,2025-03-22,T0178,Casey Lopez,"Newark, NJ → Norfolk, VA",397,1103.66,698.22,405.44,36.74
L000190,2025-05-03,T0375,Harper Martin,"Columbus, OH → Norfolk, VA",1003,2266.78,1872.64,394.14,17.39
L000191,2025-01-06,T0388,Drew Jones,"Memphis, TN → Baltimore, MD",2308,4616.0,4176.71,439.29,9.52
L000192,2025-06-26,T0370,Quinn Garcia,"Phoenix, AZ → Norfolk, VA",1809,3979.8,3117.43,862.37,21.67
L000193,2025-04-30,T0073,Hayden Taylor,"Phoenix, AZ → Tampa, FL",1767,3410.31,3065.37,344.94,10.11
L000194,2025-04-22,T0162,Jesse Brown,"Phoenix, AZ → Baltimore, MD",996,2141.4,2124.65,16.75,0.78
L000195,2025-05-03,T0301,Avery Thomas,"Seattle, WA → Louisville, KY",2203,3656.98,4150.82,-493.84,-13.5
L000196,2025-06-15,T0113,Jesse Williams,"Memphis, TN → Milwaukee, WI",1181,2078.56,2478.28,-399.72,-19.23
L000197,2025-01-21,T0176,Hayden Lopez,"Newark, NJ → Buffalo, NY",806,1603.94,1533.15,70.79,4.41
L000198,2025-04-08,T0301,Drew Williams,"Memphis, TN → Boise, ID",1283,2732.79,2449.44,283.35,10.37
L000199,2025-08-16,T0312,Jesse Martinez,"Savannah, GA → Orlando, FL",457,1256.75,821.27,435.48,34.65
L000200,2025-03-12,T0330,Hayden Gonzalez,"Newark, NJ → Salt Lake City, UT",1300,2977.0,2412.51,564.49,18.96
L000201,2025-06-24,T0106,Avery Taylor,"Denver, CO → Richmond, VA",1744,4133.28,2926.45,1206.83,29.2
L000202,2025-01-08,T0209,Morgan Lopez,"Indianapolis, IN → Boise, ID",877,1771.54,1642.92,128.62,7.26
L000203,2025-03-16,T0008,Casey Garcia,"Memphis, TN → Buffalo, NY",1743,3486.0,3404.15,81.85,2.35
L000204,2025-05-14,T0021,Rowan Martinez,"Phoenix, AZ → Norfolk, VA",478,1180.66,899.47,281.19,23.82
L000205,2025-03-02,T0269,Avery Jones,"Portland, OR → Baltimore, MD",1372,2689.12,2255.87,433.25,16.11
L000206,2025-02-21,T0137,Morgan Anderson,"Kansas City, MO → Salt Lake City, UT",1534,3666.26,2352.03,1314.23,35.85
L000207,2025-03-19,T0034,Harper Martin,"Indianapolis, IN → San Jose, CA",2135,4974.55,3573.6,1400.95,28.16
L000208,2025-03-13,T0281,Hayden Gonzalez,"Los Angeles, CA → Birmingham, AL",1512,2600.64,2879.03,-278.39,-10.7
L000209,2025-04-25,T0059,Alex Johnson,"Miami, FL → Pittsburgh, PA",2130,3812.7,4190.12,-377.42,-9.9
L000210,2025-09-04,T0075,Jordan Thomas,"San Antonio, TX → Philadelphia, PA",799,2237.2,1332.25,904.95,40.45
L000211,2025-09-12,T0062,Harper Davis,"Dallas, TX → Cincinnati, OH",1395,3027.15,2433.69,593.46,19.6
L000212,2025-04-26,T0054,Cameron Davis,"Columbus, OH → Norfolk, VA",560,1467.2,1007.28,459.92,31.35
L000213,2025-07-30,T0324,Casey Johnson,"Atlanta, GA → Birmingham, AL",1436,2469.92,2471.23,-1.31,-0.05
L000214,2025-03-29,T0033,Emerson Jackson,"Houston, TX → San Jose, CA",408,1228.08,744.73,483.35,39.36
L000215,2025-01-06,T0215,Quinn Williams,"Chicago, IL → Minneapolis, MN",597,1892.49,959.68,932.81,49.29
L000216,2025-08-21,T0200,Jordan Taylor,"Atlanta, GA → Birmingham, AL",1243,2038.52,2295.36,-256.84,-12.6
L000217,2025-05-04,T0089,Jesse Williams,"San Antonio, TX → Louisville, KY",1589,2971.43,2834.34,137.09,4.61
L000218,2025-03-27,T0268,Logan Hernandez,"Charlotte, NC → Milwaukee, WI",1616,3361.28,3055.1,306.18,9.11
L000219,2025-03-28,T0266,Morgan Jackson,"Miami, FL → San Jose, CA",1443,3593.07,2542.91,1050.16,29.23
L000220,2025-04-18,T0130,Emerson Martinez,"Kansas City, MO → Pittsburgh, PA",1834,3154.48,3265.85,-111.37,-3.53
L000221,2025-07-14,T0068,Logan Miller,"Seattle, WA → Tampa, FL",1535,2609.5,2286.03,323.47,12.4
L000222,2025-07-20,T0067,Micah Brown,"Chicago, IL → Norfolk, VA",1308,3191.52,2298.08,893.44,27.99
L000223,2025-06-11,T0257,Quinn Anderson,"Newark, NJ → Boise, ID",1880,4324.0,3463.12,860.88,19.91
L000224,2025-02-03,T0009,Logan Brown,"Houston, TX → Salt Lake City, UT",1385,3227.05,2447.84,779.21,24.15
L000225,2025-05-09,T0089,Morgan Miller,"Memphis, TN → Buffalo, NY",1207,2124.32,1947.17,177.15,8.34
L000226,2025-07-27,T0386,Cameron Moore,"Atlanta, GA → Raleigh, NC",792,1900.8,1437.21,463.59,24.39
L000227,2025-08-07,T0397,Reese Garcia,"Nashville, TN → Raleigh, NC",1058,2539.2,1861.64,677.56,26.68
L000228,2025-05-04,T0098,Casey Johnson,"Newark, NJ → Boise, ID",221,762.45,392.98,369.47,48.46
L000229,2025-01-30,T0144,Micah Wilson,"Phoenix, AZ → Raleigh, NC",1299,2377.17,2443.2,-66.03,-2.78
L000230,2025-07-19,T0339,Harper Wilson,"Dallas, TX → Raleigh, NC",983,2044.64,1761.71,282.93,13.84
L000231,2025-03-20,T0299,Hayden Lopez,"San Antonio, TX → Richmond, VA",1933,4561.88,3431.13,1130.75,24.79
L000232,2025-07-05,T0364,Taylor Miller,"Savannah, GA → Milwaukee, WI",422,1337.74,786.45,551.29,41.21
L000233,2025-06-17,T0053,Micah Smith,"Newark, NJ → Louisville, KY",181,575.58,307.12,268.46,46.64
L000234,2025-07-01,T0217,Jesse Martinez,"Denver, CO → Louisville, KY",1832,3462.48,2917.1,545.38,15.75
L000235,2025-08-31,T0020,Rowan Brown,"Chicago, IL → Milwaukee, WI",1784,3425.28,3154.81,270.47,7.9
L000236,2025-02-28,T0083,Micah Wilson,"Dallas, TX → Philadelphia, PA",2202,4668.24,3820.0,848.24,18.17
L000237,2025-04-06,T0108,Finley Gonzalez,"Portland, OR → Tampa, FL",828,1415.88,1536.45,-120.57,-8.52
L000238,2025-07-18,T0316,Riley Garcia,"Boston, MA → Cincinnati, OH",968,2410.32,1823.25,587.07,24.36
L000239,2025-04-09,T0154,Avery Thomas,"Phoenix, AZ → San Diego, CA",2412,4221.0,4616.64,-395.64,-9.37
L000240,2025-02-25,T0187,Alex Brown,"Boston, MA → Baltimore, MD",936,1965.6,1588.79,376.81,19.17
L000241,2025-08-24,T0333,Rowan Jackson,"Memphis, TN → Birmingham, AL",298,1010.22,512.02,498.2,49.32
L000242,2025-06-30,T0111,Cameron Williams,"Chicago, IL → San Diego, CA",659,1476.16,1237.1,239.06,16.19
L000243,2025-03-23,T0120,Kai Martin,"Seattle, WA → Raleigh, NC",1316,2500.4,2184.12,316.28,12.65
L000244,2025-08-16,T0038,Alex Jones,"Atlanta, GA → Richmond, VA",1075,2289.75,1897.15,392.6,17.15
L000245,2025-03-18,T0358,Harper Wilson,"Denver, CO → Louisville, KY",284,1013.88,603.99,409.89,40.43
L000246,2025-07-21,T0398,Taylor Smith,"Nashville, TN → Norfolk, VA",236,726.88,457.77,269.11,37.02
L000247,2025-06-02,T0092,Rowan Brown,"Houston, TX → Milwaukee, WI",393,986.43,687.3,299.13,30.32
L000248,2025-01-15,T0002,Riley Hernandez,"Atlanta, GA → Boise, ID",1966,4561.12,3383.01,1178.11,25.83
L000249,2025-08-13,T0186,Riley Moore,"Atlanta, GA → San Diego, CA",1536,3686.4,2823.31,863.09,23.41
L000250,2025-08-18,T0063,Jordan Thomas,"Houston, TX → Milwaukee, WI",341,1026.41,552.11,474.3,46.21
L000251,2025-07-29,T0152,Kai Martin,"Denver, CO → Jacksonville, FL",458,1461.02,743.82,717.2,49.09
L000252,2025-06-30,T0294,Avery Miller,"Chicago, IL → Boise, ID",1396,3015.36,2343.19,672.17,22.29
L000253,2025-06-09,T0164,Reese Moore,"Chicago, IL → Richmond, VA",762,2217.42,1454.19,763.23,34.42
L000254,2025-03-10,T0137,Reese Taylor,"Boston, MA → Pittsburgh, PA",1976,3398.72,3381.2,17.52,0.52
L000255,2025-06-15,T0092,Jesse Martin,"Boston, MA → Philadelphia, PA",1681,4185.69,2871.25,1314.44,31.4
L000256,2025-03-11,T0072,Micah Smith,"Atlanta, GA → Buffalo, NY",1113,2292.78,1833.16,459.62,20.05
L000257,2025-02-27,T0021,Micah Rodriguez,"Boston, MA → San Diego, CA",2475,5989.5,4249.02,1740.48,29.06
L000258,2025-06-07,T0059,Drew Williams,"Los Angeles, CA → San Diego, CA",741,1704.3,1228.72,475.58,27.9
L000259,2025-03-15,T0379,Rowan Thomas,"Nashville, TN → Richmond, VA",568,1510.88,980.61,530.27,35.1
L000260,2025-07-20,T0044,Kai Johnson,"Chicago, IL → Louisville, KY",774,2074.32,1350.11,724.21,34.91
L000261,2025-01-12,T0201,Finley Lopez,"Charlotte, NC → Norfolk, VA",1933,4078.63,3391.29,687.34,16.85
L000262,2025-05-28,T0231,Alex Rodriguez,"Dallas, TX → Buffalo, NY",1373,3240.28,2225.99,1014.29,31.3
L000263,2025-05-12,T0217,Jesse Brown,"Indianapolis, IN → Baltimore, MD",691,1831.15,1274.07,557.08,30.42
L000264,2025-03-29,T0167,Kai Thomas,"Phoenix, AZ → Jacksonville, FL",2470,4026.1,4486.04,-459.94,-11.42
L000265,2025-03-20,T0192,Morgan Taylor,"Boston, MA → Pittsburgh, PA",2282,4974.76,3985.54,989.22,19.88
L000266,2025-02-15,T0218,Drew Rodriguez,"Phoenix, AZ → Richmond, VA",999,2277.72,1748.43,529.29,23.24
L000267,2025-02-23,T0281,Avery Miller,"Houston, TX → Milwaukee, WI",709,2027.74,1251.37,776.37,38.29
L000268,2025-01-12,T0258,Logan Thomas,"Nashville, TN → Pittsburgh, PA",241,802.53,404.45,398.08,49.6
L000269,2025-01-30,T0116,Riley Hernandez,"Memphis, TN → Pittsburgh, PA",1545,3399.0,2835.17,563.83,16.59
L000270,2025-09-10,T0278,Cameron Williams,"Nashville, TN → Orlando, FL",1877,3453.68,3585.11,-131.43,-3.81
L000271,2025-01-04,T0066,Rowan Jackson,"Boston, MA → Birmingham, AL",2273,3864.1,3963.79,-99.69,-2.58
L000272,2025-02-23,T0076,Harper Hernandez,"Kansas City, MO → Norfolk, VA",1997,4912.62,3557.49,1355.13,27.58
L000273,2025-03-17,T0177,Harper Davis,"Charlotte, NC → Louisville, KY",1983,4719.54,3166.4,1553.14,32.91
L000274,2025-02-10,T0040,Quinn Thomas,"Boston, MA → Raleigh, NC",553,1592.64,984.72,607.92,38.17
L000275,2025-02-13,T0152,Alex Williams,"Atlanta, GA → Cincinnati, OH",192,591.36,432.2,159.16,26.91
L000276,2025-05-10,T0231,Jordan Anderson,"Memphis, TN → Tampa, FL",2277,3757.05,3985.15,-228.1,-6.07
L000277,2025-06-05,T0339,Harper Smith,"Boston, MA → Buffalo, NY",1903,3748.91,3345.37,403.54,10.76
L000278,2025-08-17,T0241,Alex Jones,"Phoenix, AZ → Philadelphia, PA",2332,4360.84,3755.04,605.8,13.89
L000279,2025-01-29,T0379,Harper Martin,"Boston, MA → Philadelphia, PA",283,1120.68,532.77,587.91,52.46
L000280,2025-03-28,T0179,Harper Wilson,"Newark, NJ → Minneapolis, MN",690,2028.6,1300.98,727.62,35.87
L000281,2025-02-11,T0320,Micah Brown,"Seattle, WA → New York, NY",2097,4592.43,3730.39,862.04,18.77
L000282,2025-06-29,T0109,Morgan Anderson,"Boston, MA → Birmingham, AL",1327,2428.41,2464.15,-35.74,-1.47
L000283,2025-08-24,T0317,Morgan Gonzalez,"Los Angeles, CA → Cincinnati, OH",2191,3878.07,3802.93,75.14,1.94
L000284,2025-09-01,T0301,Jesse Rodriguez,"Memphis, TN → Boise, ID",1735,3886.4,3161.75,724.65,18.65
L000285,2025-04-28,T0319,Quinn Williams,"Kansas City, MO → Cincinnati, OH",474,1279.8,747.03,532.77,41.63
L000286,2025-06-21,T0070,Cameron Williams,"San Antonio, TX → Buffalo, NY",2260,5356.2,4119.38,1236.82,23.09
L000287,2025-04-17,T0035,Jordan Taylor,"Indianapolis, IN → San Diego, CA",756,1746.36,1366.54,379.82,21.75
L000288,2025-03-26,T0329,Reese Moore,"Indianapolis, IN → Louisville, KY",1211,2773.19,1946.7,826.49,29.8
L000289,2025-07-05,T0322,Micah Rodriguez,"Miami, FL → Jacksonville, FL",1524,3611.88,2664.74,947.14,26.22
L000290,2025-04-03,T0019,Alex Johnson,"Miami, FL → Philadelphia, PA",186,572.88,331.72,241.16,42.1
L000291,2025-07-30,T0165,Rowan Jackson,"Nashville, TN → Tampa, FL",1011,2315.19,1826.22,488.97,21.12
L000292,2025-08-04,T0273,Drew Brown,"Houston, TX → Salt Lake City, UT",1518,3005.64,2774.41,231.23,7.69
L000293,2025-06-10,T0326,Riley Thomas,"Atlanta, GA → Raleigh, NC",2265,4801.8,4073.38,728.42,15.17
L000294,2025-03-11,T0131,Finley Gonzalez,"Atlanta, GA → Richmond, VA",1667,3667.4,3180.89,486.51,13.27
L000295,2025-01-09,T0270,Taylor Moore,"Denver, CO → New York, NY",598,1865.76,1047.06,818.7,43.88
L000296,2025-07-22,T0198,Logan Williams,"Kansas City, MO → Cincinnati, OH",938,1904.14,1571.63,332.51,17.46
L000297,2025-05-18,T0341,Morgan Jones,"Chicago, IL → Orlando, FL",414,1055.7,734.99,320.71,30.38
L000298,2025-04-16,T0005,Riley Moore,"Seattle, WA → San Jose, CA",2467,5748.11,3917.8,1830.31,31.84
L000299,2025-08-21,T0188,Taylor Smith,"Indianapolis, IN → Birmingham, AL",165,532.95,294.25,238.7,44.79
L000300,2025-05-31,T0190,Taylor Miller,"Chicago, IL → Minneapolis, MN",1890,3647.7,3523.22,124.48,3.41
L000301,2025-01-05,T0254,Jesse Wilson,"Atlanta, GA → Tampa, FL",1172,2051.0,2157.12,-106.12,-5.17
L000302,2025-04-15,T0183,Hayden Taylor,"Phoenix, AZ → Boise, ID",1722,3134.04,3068.6,65.44,2.09
L000303,2025-09-01,T0054,Alex Williams,"Los Angeles, CA → Louisville, KY",1710,3471.3,3003.96,467.34,13.46
L000304,2025-08-05,T0049,Harper Taylor,"Memphis, TN → Birmingham, AL",2483,4543.89,4068.39,475.5,10.46
L000305,2025-02-21,T0370,Quinn Martinez,"Atlanta, GA → Boise, ID",1278,2849.94,2326.66,523.28,18.36
L000306,2025-08-13,T0198,Taylor Gonzalez,"Seattle, WA → Norfolk, VA",1479,3534.81,2505.34,1029.47,29.12
L000307,2025-04-04,T0389,Casey Johnson,"Newark, NJ → Cincinnati, OH",1623,3002.55,2785.95,216.6,7.21
L000308,2025-07-06,T0019,Jordan Thomas,"Los Angeles, CA → Raleigh, NC",1229,2052.43,2319.77,-267.34,-13.03
L000309,2025-01-25,T0006,Rowan Thomas,"Los Angeles, CA → Minneapolis, MN",1759,3306.92,3424.37,-117.45,-3.55
L000310,2025-07-05,T0211,Finley Moore,"Indianapolis, IN → Milwaukee, WI",2121,3520.86,3737.33,-216.47,-6.15
L000311,2025-09-07,T0045,Finley Thomas,"Kansas City, MO → Orlando, FL",2025,3685.5,3451.57,233.93,6.35
L000312,2025-04-07,T0192,Logan Thomas,"Savannah, GA → Louisville, KY",856,1754.8,1583.41,171.39,9.77
L000313,2025-02-16,T0027,Rowan Garcia,"Indianapolis, IN → Orlando, FL",1200,2664.0,2213.74,450.26,16.9
L000314,2025-01-18,T0312,Morgan Lopez,"Chicago, IL → Raleigh, NC",766,1738.82,1443.67,295.15,16.97
L000315,2025-04-23,T0071,Quinn Anderson,"Portland, OR → Minneapolis, MN",1185,2476.65,1899.55,577.1,23.3
L000316,2025-02-03,T0004,Avery Taylor,"Atlanta, GA → Salt Lake City, UT",877,1482.13,1581.94,-99.81,-6.73
L000317,2025-05-13,T0020,Cameron Moore,"Nashville, TN → Minneapolis, MN",1262,2221.12,2237.02,-15.9,-0.72
L000318,2025-06-10,T0098,Avery Anderson,"Houston, TX → Minneapolis, MN",970,1794.5,1756.51,37.99,2.12
L000319,2025-02-16,T0347,Logan Williams,"Seattle, WA → Raleigh, NC",1009,1725.39,1847.16,-121.77,-7.06
L000320,2025-01-14,T0347,Jesse Martinez,"Boston, MA → Tampa, FL",1438,2645.92,2670.93,-25.01,-0.95
L000321,2025-05-08,T0082,Jesse Martin,"Kansas City, MO → Tampa, FL",1879,3363.41,3128.08,235.33,7.0
L000322,2025-04-26,T0245,Kai Garcia,"Chicago, IL → Boise, ID",1263,2639.67,2015.11,624.56,23.66
L000323,2025-06-11,T0230,Avery Thomas,"Newark, NJ → Richmond, VA",2182,3513.02,3924.97,-411.95,-11.73
L000324,2025-07-19,T0066,Quinn Thomas,"Columbus, OH → Milwaukee, WI",552,1473.84,1033.27,440.57,29.89
L000325,2025-07-28,T0141,Kai Brown,"Nashville, TN → Jacksonville, FL",1167,2427.36,2162.91,264.45,10.89
L000326,2025-03-02,T0278,Drew Brown,"Nashville, TN → San Jose, CA",2309,3717.49,4308.51,-591.02,-15.9
L000327,2025-05-18,T0390,Taylor Smith,"San Antonio, TX → Jacksonville, FL",2412,4920.48,4558.5,361.98,7.36
L000328,2025-08-13,T0292,Logan Hernandez,"San Antonio, TX → Philadelphia, PA",1770,3752.4,3243.5,508.9,13.56
L000329,2025-03-05,T0133,Alex Jackson,"Newark, NJ → Raleigh, NC",619,1510.36,1067.14,443.22,29.35
L000330,2025-05-04,T0290,Kai Johnson,"Charlotte, NC → Jacksonville, FL",572,1830.4,1063.08,767.32,41.92
L000331,2025-08-14,T0203,Reese Taylor,"Phoenix, AZ → Norfolk, VA",194,741.08,322.85,418.23,56.44
L000332,2025-07-22,T0046,Jesse Taylor,"Boston, MA → Boise, ID",664,1925.6,1155.93,769.67,39.97
L000333,2025-05-14,T0314,Emerson Martinez,"Miami, FL → Jacksonville, FL",865,1626.2,1505.71,120.49,7.41
L000334,2025-07-17,T0064,Morgan Jones,"Kansas City, MO → Norfolk, VA",2372,5811.4,3921.08,1890.32,32.53
L000335,2025-02-02,T0324,Harper Gonzalez,"Indianapolis, IN → Salt Lake City, UT",2414,4659.02,4618.41,40.61,0.87
L000336,2025-01-20,T0037,Harper Hernandez,"Kansas City, MO → Richmond, VA",1967,3914.33,3431.29,483.04,12.34
L000337,2025-02-20,T0279,Cameron Williams,"San Antonio, TX → Norfolk, VA",454,1157.7,813.5,344.2,29.73
L000338,2025-07-08,T0301,Quinn Anderson,"Dallas, TX → Birmingham, AL",1782,4152.06,3388.88,763.18,18.38
L000339,2025-01-07,T0276,Rowan Jackson,"Charlotte, NC → Boise, ID",2379,4282.2,4272.46,9.74,0.23
L000340,2025-01-03,T0032,Jesse Wilson,"Atlanta, GA → Orlando, FL",1744,3854.24,2974.55,879.69,22.82
L000341,2025-09-10,T0353,Alex Martinez,"Denver, CO → Richmond, VA",1567,3165.34,2739.15,426.19,13.46
L000342,2025-05-29,T0321,Casey Garcia,"Nashville, TN → Boise, ID",571,1267.62,978.42,289.2,22.81
L000343,2025-06-19,T0066,Quinn Anderson,"Indianapolis, IN → Philadelphia, PA",786,2483.76,1502.69,981.07,39.5
L000344,2025-04-14,T0011,Micah Jackson,"Newark, NJ → San Diego, CA",1847,4469.74,3226.15,1243.59,27.82
L000345,2025-04-07,T0105,Morgan Miller,"Miami, FL → Buffalo, NY",1755,2843.1,3404.55,-561.45,-19.75
L000346,2025-02-05,T0021,Kai Johnson,"Phoenix, AZ → Minneapolis, MN",1235,2667.6,2275.86,391.74,14.69
L000347,2025-09-20,T0345,Jordan Anderson,"Phoenix, AZ → Birmingham, AL",1584,3215.52,2688.26,527.26,16.4
L000348,2025-09-04,T0077,Hayden Hernandez,"Memphis, TN → Baltimore, MD",1044,1785.24,1646.06,139.18,7.8
L000349,2025-06-13,T0181,Taylor Johnson,"Memphis, TN → San Diego, CA",397,1079.84,671.32,408.52,37.83
L000350,2025-06-11,T0120,Jordan Miller,"Indianapolis, IN → Philadelphia, PA",1131,2420.34,2218.45,201.89,8.34
L000351,2025-08-22,T0369,Alex Williams,"Kansas City, MO → Richmond, VA",2223,5090.67,3836.93,1253.74,24.63
L000352,2025-08-28,T0167,Jesse Lopez,"Savannah, GA → Cincinnati, OH",1552,3212.64,2383.52,829.12,25.81
L000353,2025-08-19,T0126,Taylor Rodriguez,"Seattle, WA → Buffalo, NY",440,981.2,793.12,188.08,19.17
L000354,2025-04-27,T0045,Alex Jackson,"Phoenix, AZ → Philadelphia, PA",1833,3684.33,3027.21,657.12,17.84
L000355,2025-09-20,T0022,Drew Miller,"Columbus, OH → Tampa, FL",588,1417.08,1157.89,259.19,18.29
L000356,2025-01-20,T0193,Jesse Martinez,"Boston, MA → Birmingham, AL",1968,4211.52,3878.29,333.23,7.91
L000357,2025-01-15,T0069,Riley Thomas,"Houston, TX → Milwaukee, WI",2449,5902.09,4420.79,1481.3,25.1
L000358,2025-09-12,T0270,Emerson Brown,"Miami, FL → San Diego, CA",1180,2584.2,1778.09,806.11,31.19
L000359,2025-05-03,T0219,Harper Gonzalez,"Columbus, OH → Milwaukee, WI",675,1552.5,1188.15,364.35,23.47
L000360,2025-08-12,T0283,Reese Taylor,"Denver, CO → Raleigh, NC",383,942.18,757.97,184.21,19.55
L000361,2025-02-26,T0380,Hayden Hernandez,"Nashville, TN → Boise, ID",579,1360.65,893.66,466.99,34.32
L000362,2025-04-29,T0132,Finley Martin,"Columbus, OH → San Diego, CA",509,1450.65,824.09,626.56,43.19
L000363,2025-08-30,T0073,Logan Williams,"San Antonio, TX → Louisville, KY",1442,2855.16,2646.39,208.77,7.31
L000364,2025-08-03,T0090,Reese Garcia,"Columbus, OH → Philadelphia, PA",783,2090.61,1445.14,645.47,30.87
L000365,2025-08-24,T0251,Kai Martin,"Miami, FL → Jacksonville, FL",1924,3809.52,3666.26,143.26,3.76
L000366,2025-05-02,T0252,Avery Anderson,"Denver, CO → Orlando, FL",890,2162.7,1760.8,401.9,18.58
L000367,2025-02-09,T0339,Jordan Anderson,"Memphis, TN → Tampa, FL",2223,4357.08,4039.76,317.32,7.28
L000368,2025-03-30,T0362,Hayden Hernandez,"Phoenix, AZ → New York, NY",869,2050.84,1532.33,518.51,25.28
L000369,2025-06-14,T0352,Avery Anderson,"Portland, OR → Birmingham, AL",426,1205.58,844.8,360.78,29.93
L000370,2025-02-28,T0194,Harper Davis,"Portland, OR → Richmond, VA",267,1049.31,455.41,593.9,56.6
L000371,2025-02-24,T0061,Reese Moore,"San Antonio, TX → Cincinnati, OH",1444,2902.44,2386.3,516.14,17.78
L000372,2025-02-28,T0315,Taylor Moore,"Memphis, TN → New York, NY",461,1419.88,846.04,573.84,40.41
L000373,2025-07-05,T0342,Kai Thomas,"Nashville, TN → Louisville, KY",875,1522.5,1437.03,85.47,5.61
L000374,2025-08-26,T0394,Alex Thomas,"Denver, CO → Buffalo, NY",785,2417.8,1483.35,934.45,38.65
L000375,2025-04-22,T0049,Jordan Anderson,"Kansas City, MO → San Diego, CA",1745,4030.95,2908.37,1122.58,27.85
L000376,2025-05-21,T0250,Hayden Taylor,"Newark, NJ → Jacksonville, FL",1670,3406.8,2949.89,456.91,13.41
L000377,2025-04-14,T0156,Finley Jackson,"Indianapolis, IN → Pittsburgh, PA",401,1142.85,694.34,448.51,39.25
L000378,2025-02-28,T0283,Harper Davis,"Portland, OR → Milwaukee, WI",603,1417.05,1080.16,336.89,23.77
L000379,2025-02-26,T0225,Emerson Martin,"Savannah, GA → Buffalo, NY",2405,4761.9,4022.92,738.98,15.52
L000380,2025-04-28,T0267,Finley Gonzalez,"Portland, OR → Louisville, KY",2265,4711.2,4216.36,494.84,10.5
L000381,2025-09-11,T0096,Finley Jackson,"San Antonio, TX → Boise, ID",2015,4352.4,3451.55,900.85,20.7
L000382,2025-01-15,T0380,Riley Miller,"Kansas City, MO → San Diego, CA",131,417.89,237.25,180.64,43.23
L000383,2025-08-26,T0261,Taylor Rodriguez,"Columbus, OH → Raleigh, NC",1466,3093.26,2406.46,686.8,22.2
L000384,2025-06-03,T0260,Alex Martin,"Denver, CO → Orlando, FL",864,2142.72,1604.14,538.58,25.14
L000385,2025-03-31,T0356,Jesse Martinez,"Indianapolis, IN → Philadelphia, PA",533,1433.77,894.42,539.35,37.62
L000386,2025-03-20,T0037,Casey Rodriguez,"Portland, OR → Birmingham, AL",1972,4575.04,3246.27,1328.77,29.04
L000387,2025-01-02,T0057,Morgan Lopez,"Chicago, IL → Orlando, FL",396,894.96,745.9,149.06,16.66
L000388,2025-02-02,T0159,Rowan Rodriguez,"Nashville, TN → New York, NY",757,1945.49,1440.53,504.96,25.96
L000389,2025-03-22,T0020,Taylor Wilson,"Dallas, TX → Milwaukee, WI",1773,3936.06,3014.44,921.62,23.41
L000390,2025-09-20,T0011,Jesse Martinez,"Charlotte, NC → Tampa, FL",1078,2102.1,1917.24,184.86,8.79
L000391,2025-01-25,T0048,Taylor Smith,"Charlotte, NC → Birmingham, AL",706,1821.48,1293.19,528.29,29.0
L000392,2025-07-20,T0235,Morgan Taylor,"Columbus, OH → San Jose, CA",1291,3201.68,2406.85,794.83,24.83
L000393,2025-07-29,T0395,Hayden Moore,"Seattle, WA → Cincinnati, OH",481,1236.17,830.07,406.1,32.85
L000394,2025-02-13,T0121,Jordan Lopez,"Newark, NJ → Norfolk, VA",941,2136.07,1998.46,137.61,6.44
L000395,2025-01-16,T0254,Hayden Taylor,"Denver, CO → Buffalo, NY",2303,4859.33,3680.65,1178.68,24.26
L000396,2025-05-05,T0366,Logan Brown,"Phoenix, AZ → Milwaukee, WI",1048,1959.76,1841.09,118.67,6.06
L000397,2025-08-05,T0060,Drew Jones,"Los Angeles, CA → New York, NY",1282,2589.64,2232.76,356.88,13.78
L000398,2025-05-14,T0120,Morgan Miller,"Memphis, TN → Boise, ID",357,988.89,635.0,353.89,35.79
L000399,2025-09-19,T0059,Finley Jones,"Nashville, TN → Philadelphia, PA",1816,3305.12,3535.74,-230.62,-6.98
L000400,2025-08-23,T0141,Drew Williams,"Houston, TX → Raleigh, NC",1079,2643.55,1619.41,1024.14,38.74
L000401,2025-06-17,T0328,Kai Johnson,"Chicago, IL → San Jose, CA",2108,4279.24,3734.57,544.67,12.73
L000402,2025-05-23,T0085,Logan Miller,"Columbus, OH → Pittsburgh, PA",995,2268.6,1760.87,507.73,22.38
L000403,2025-02-19,T0244,Taylor Wilson,"Phoenix, AZ → Salt Lake City, UT",2427,4077.36,4242.2,-164.84,-4.04
L000404,2025-04-18,T0192,Harper Smith,"Memphis, TN → Norfolk, VA",861,1945.86,1453.36,492.5,25.31
L000405,2025-05-15,T0275,Logan Thomas,"Chicago, IL → Raleigh, NC",475,1330.0,928.07,401.93,30.22
L000406,2025-08-13,T0319,Logan Hernandez,"Miami, FL → Birmingham, AL",2280,3670.8,3678.33,-7.53,-0.21
L000407,2025-06-21,T0064,Quinn Williams,"San Antonio, TX → San Jose, CA",1709,3811.07,2961.45,849.62,22.29
L000408,2025-05-10,T0032,Emerson Martin,"Newark, NJ → San Diego, CA",2150,4773.0,3766.2,1006.8,21.09
L000409,2025-05-27,T0073,Avery Taylor,"Houston, TX → Orlando, FL",2126,4464.6,4034.97,429.63,9.62
L000410,2025-03-11,T0174,Jordan Gonzalez,"Kansas City, MO → Baltimore, MD",407,1277.98,742.45,535.53,41.9
L000411,2025-08-09,T0337,Hayden Taylor,"Charlotte, NC → Buffalo, NY",2341,3909.47,4128.27,-218.8,-5.6
L000412,2025-05-19,T0311,Harper Wilson,"Memphis, TN → Jacksonville, FL",1242,2583.36,2129.47,453.89,17.57
L000413,2025-07-07,T0193,Jesse Brown,"Atlanta, GA → Buffalo, NY",1091,2171.09,2152.86,18.23,0.84
L000414,2025-01-06,T0038,Riley Hernandez,"Seattle, WA → Orlando, FL",1129,1885.43,2014.08,-128.65,-6.82
L000415,2025-09-18,T0316,Harper Miller,"Atlanta, GA → Norfolk, VA",785,2252.95,1531.13,721.82,32.04
L000416,2025-09-11,T0277,Jesse Gonzalez,"Columbus, OH → Birmingham, AL",1591,3420.65,3173.88,246.77,7.21
L000417,2025-03-09,T0225,Jordan Thomas,"Memphis, TN → Baltimore, MD",2478,4509.96,4143.57,366.39,8.12
L000418,2025-04-28,T0275,Riley Thomas,"Los Angeles, CA → Philadelphia, PA",1878,3849.9,2983.75,866.15,22.5
L000419,2025-01-20,T0099,Taylor Rodriguez,"Houston, TX → Jacksonville, FL",623,1657.18,1037.54,619.64,37.39
L000420,2025-06-02,T0091,Hayden Lopez,"Atlanta, GA → Milwaukee, WI",1457,3555.08,2237.15,1317.93,37.07
L000421,2025-04-07,T0265,Casey Garcia,"Seattle, WA → San Diego, CA",2400,4872.0,4329.68,542.32,11.13
L000422,2025-04-07,T0092,Riley Miller,"Atlanta, GA → Cincinnati, OH",1018,1710.24,1863.81,-153.57,-8.98
L000423,2025-03-21,T0378,Kai Martin,"Portland, OR → Birmingham, AL",625,1612.5,974.19,638.31,39.59
L000424,2025-04-07,T0340,Drew Miller,"Columbus, OH → San Diego, CA",394,1158.36,629.15,529.21,45.69
L000425,2025-07-05,T0015,Avery Thomas,"Newark, NJ → San Jose, CA",2381,4238.18,4735.67,-497.49,-11.74
L000426,2025-03-13,T0306,Morgan Anderson,"Denver, CO → Boise, ID",756,1716.12,1368.44,347.68,20.26
L000427,2025-01-05,T0393,Alex Thomas,"Denver, CO → Cincinnati, OH",1921,3918.84,3514.13,404.71,10.33
L000428,2025-06-30,T0289,Casey Smith,"Nashville, TN → San Diego, CA",439,1115.06,853.64,261.42,23.44
L000429,2025-04-16,T0336,Quinn Thomas,"Dallas, TX → New York, NY",378,1137.78,706.25,431.53,37.93
L000430,2025-09-17,T0171,Cameron Gonzalez,"Charlotte, NC → San Diego, CA",2406,5750.34,4110.07,1640.27,28.52
L000431,2025-05-31,T0098,Quinn Thomas,"Houston, TX → Buffalo, NY",442,1392.3,848.78,543.52,39.04
L000432,2025-03-04,T0309,Morgan Taylor,"Dallas, TX → Norfolk, VA",714,1735.02,1388.12,346.9,19.99
L000433,2025-06-25,T0071,Harper Lopez,"Chicago, IL → Philadelphia, PA",903,1995.63,1553.56,442.07,22.15
L000434,2025-04-25,T0028,Alex Martin,"Memphis, TN → Buffalo, NY",1489,3380.03,2482.86,897.17,26.54
L000435,2025-02-16,T0043,Finley Lopez,"Denver, CO → Minneapolis, MN",2156,5368.44,3959.7,1408.74,26.24
L000436,2025-01-21,T0275,Kai Brown,"Columbus, OH → Minneapolis, MN",1027,1971.84,1962.87,8.97,0.45
L000437,2025-02-11,T0064,Avery Thomas,"Chicago, IL → Louisville, KY",352,960.96,658.94,302.02,31.43
L000438,2025-01-06,T0203,Riley Garcia,"San Antonio, TX → Norfolk, VA",1682,3044.42,2895.57,148.85,4.89
L000439,2025-05-21,T0097,Hayden Martin,"Chicago, IL → New York, NY",1562,3358.3,2900.43,457.87,13.63
L000440,2025-07-19,T0389,Hayden Taylor,"Phoenix, AZ → Baltimore, MD",674,1624.34,1082.82,541.52,33.34
L000441,2025-01-29,T0325,Morgan Jones,"Boston, MA → Buffalo, NY",550,1650.0,989.54,660.46,40.03
L000442,2025-06-08,T0038,Micah Wilson,"Seattle, WA → Tampa, FL",526,1283.44,914.62,368.82,28.74
L000443,2025-03-21,T0278,Logan Wilson,"Memphis, TN → Richmond, VA",1747,3948.22,3270.63,677.59,17.16
L000444,2025-07-05,T0067,Kai Brown,"San Antonio, TX → Philadelphia, PA",1399,3119.77,2566.78,552.99,17.73
L000445,2025-03-23,T0385,Morgan Taylor,"San Antonio, TX → Jacksonville, FL",1548,2678.04,2768.05,-90.01,-3.36
L000446,2025-02-15,T0082,Hayden Moore,"Chicago, IL → Richmond, VA",2431,4375.8,4304.98,70.82,1.62
L000447,2025-02-08,T0006,Morgan Miller,"San Antonio, TX → Philadelphia, PA",1416,3001.92,2415.0,586.92,19.55
L000448,2025-03-04,T0025,Emerson Jackson,"Dallas, TX → Norfolk, VA",468,1441.44,823.69,617.75,42.86
L000449,2025-02-11,T0285,Finley Davis,"Columbus, OH → New York, NY",242,922.02,481.09,440.93,47.82
L000450,2025-09-07,T0134,Taylor Miller,"Newark, NJ → Louisville, KY",217,807.24,356.46,450.78,55.84
L000451,2025-04-16,T0372,Riley Hernandez,"Kansas City, MO → Orlando, FL",1297,2101.14,2324.41,-223.27,-10.63
L000452,2025-03-29,T0031,Jesse Martin,"Atlanta, GA → Jacksonville, FL",2130,5154.6,3706.32,1448.28,28.1
L000453,2025-02-26,T0118,Taylor Johnson,"Dallas, TX → Salt Lake City, UT",666,1691.64,1256.76,434.88,25.71
L000454,2025-01-13,T0201,Logan Lopez,"Miami, FL → Norfolk, VA",1708,3296.44,2782.32,514.12,15.6
L000455,2025-04-13,T0082,Finley Moore,"Seattle, WA → Norfolk, VA",2218,4125.48,4060.56,64.92,1.57
L000456,2025-04-14,T0231,Avery Jones,"Indianapolis, IN → New York, NY",2015,3627.0,3537.28,89.72,2.47
L000457,2025-03-19,T0059,Harper Gonzalez,"Memphis, TN → Baltimore, MD",2013,4488.99,3559.93,929.06,20.7
L000458,2025-04-02,T0380,Emerson Taylor,"Boston, MA → Orlando, FL",734,2282.74,1260.68,1022.06,44.77
L000459,2025-08-09,T0205,Harper Gonzalez,"Dallas, TX → Orlando, FL",1601,3698.31,2662.25,1036.06,28.01
L000460,2025-06-15,T0376,Quinn Thomas,"Chicago, IL → Boise, ID",614,1492.02,1043.66,448.36,30.05
L000461,2025-05-05,T0035,Alex Johnson,"Phoenix, AZ → Baltimore, MD",133,502.74,311.42,191.32,38.06
L000462,2025-05-03,T0056,Morgan Jones,"Houston, TX → San Diego, CA",1435,2539.95,2620.83,-80.88,-3.18
L000463,2025-05-09,T0275,Avery Miller,"Memphis, TN → Philadelphia, PA",489,1188.27,895.12,293.15,24.67
L000464,2025-06-27,T0061,Jordan Thomas,"Miami, FL → Birmingham, AL",867,2132.82,1449.67,683.15,32.03
L000465,2025-04-15,T0025,Finley Moore,"Denver, CO → Jacksonville, FL",2457,4103.19,4245.88,-142.69,-3.48
L000466,2025-07-02,T0225,Cameron Williams,"Indianapolis, IN → Buffalo, NY",912,2170.56,1670.9,499.66,23.02
L000467,2025-01-17,T0344,Drew Garcia,"Charlotte, NC → Salt Lake City, UT",695,1633.25,1288.5,344.75,21.11
L000468,2025-09-14,T0278,Harper Smith,"Miami, FL → Minneapolis, MN",744,2365.92,1389.58,976.34,41.27
L000469,2025-03-06,T0151,Harper Taylor,"Miami, FL → Jacksonville, FL",416,981.76,721.45,260.31,26.51
L000470,2025-06-26,T0126,Logan Lopez,"Atlanta, GA → Minneapolis, MN",637,1719.9,1190.23,529.67,30.8
L000471,2025-08-08,T0141,Avery Martinez,"Atlanta, GA → Raleigh, NC",1446,3036.6,2706.07,330.53,10.88
L000472,2025-08-09,T0216,Finley Martin,"Boston, MA → Norfolk, VA",1354,2708.0,2662.79,45.21,1.67
L000473,2025-06-24,T0117,Morgan Miller,"Atlanta, GA → Louisville, KY",1635,3776.85,2599.19,1177.66,31.18
L000474,2025-07-16,T0308,Emerson Jackson,"Portland, OR → Raleigh, NC",1559,3195.95,2827.68,368.27,11.52
L000475,2025-09-09,T0332,Alex Jones,"Kansas City, MO → Salt Lake City, UT",1300,2210.0,2262.15,-52.15,-2.36
L000476,2025-07-27,T0358,Taylor Williams,"Charlotte, NC → New York, NY",271,894.3,418.76,475.54,53.17
L000477,2025-02-24,T0316,Reese Miller,"Indianapolis, IN → Baltimore, MD",619,1795.1,1110.95,684.15,38.11
L000478,2025-06-09,T0171,Emerson Rodriguez,"Miami, FL → Orlando, FL",2263,4028.14,3687.89,340.25,8.45
L000479,2025-05-28,T0012,Alex Jackson,"Chicago, IL → Norfolk, VA",817,1887.27,1394.27,493.0,26.12
L000480,2025-08-05,T0256,Morgan Jackson,"Chicago, IL → New York, NY",2410,5036.9,4120.43,916.47,18.2
L000481,2025-06-25,T0098,Cameron Brown,"Phoenix, AZ → Boise, ID",2202,3545.22,3579.94,-34.72,-0.98
L000482,2025-04-16,T0262,Reese Moore,"Dallas, TX → Buffalo, NY",1190,2284.8,2085.92,198.88,8.7
L000483,2025-03-28,T0216,Cameron Gonzalez,"Los Angeles, CA → San Diego, CA",2239,3851.08,3849.81,1.27,0.03
L000484,2025-03-24,T0372,Morgan Jones,"Kansas City, MO → Jacksonville, FL",1411,2539.8,2409.23,130.57,5.14
L000485,2025-06-15,T0183,Morgan Miller,"Portland, OR → Milwaukee, WI",2349,5426.19,4266.11,1160.08,21.38
L000486,2025-03-07,T0057,Casey Rodriguez,"Nashville, TN → Tampa, FL",2333,4759.32,3830.33,928.99,19.52
L000487,2025-01-28,T0106,Finley Moore,"Kansas City, MO → Milwaukee, WI",2032,4084.32,3688.04,396.28,9.7
L000488,2025-02-27,T0022,Drew Garcia,"Columbus, OH → San Jose, CA",1729,3630.9,3264.21,366.69,10.1
L000489,2025-05-17,T0249,Finley Gonzalez,"Kansas City, MO → Birmingham, AL",1427,2311.74,2362.47,-50.73,-2.19
L000490,2025-03-16,T0352,Morgan Jones,"Miami, FL → Jacksonville, FL",528,1525.92,896.72,629.2,41.23
L000491,2025-07-05,T0227,Taylor Rodriguez,"Atlanta, GA → New York, NY",1799,4137.7,3256.26,881.44,21.3
L000492,2025-07-03,T0351,Harper Rodriguez,"Nashville, TN → San Diego, CA",2161,4451.66,3774.21,677.45,15.22
L000493,2025-08-10,T0150,Hayden Martin,"Miami, FL → Raleigh, NC",1109,2583.97,2048.86,535.11,20.71
L000494,2025-06-27,T0116,Alex Jones,"San Antonio, TX → Orlando, FL",769,2183.96,1382.53,801.43,36.7
L000495,2025-03-14,T0151,Finley Lopez,"Denver, CO → Milwaukee, WI",767,1802.45,1197.55,604.9,33.56
L000496,2025-03-23,T0008,Finley Taylor,"Boston, MA → Baltimore, MD",346,771.58,534.24,237.34,30.76
L000497,2025-01-28,T0099,Finley Thomas,"Charlotte, NC → Raleigh, NC",922,1631.94,1804.48,-172.54,-10.57
L000498,2025-02-23,T0356,Casey Garcia,"Miami, FL → Norfolk, VA",215,700.9,368.2,332.7,47.47
L000499,2025-01-01,T0015,Morgan Gonzalez,"Dallas, TX → Tampa, FL",2044,4415.04,3451.09,963.95,21.83
L000500,2025-04-12,T0068,Kai Brown,"Seattle, WA → Salt Lake City, UT",948,1602.12,1840.48,-238.36,-14.88
L000501,2025-07-30,T0160,Avery Anderson,"Memphis, TN → Minneapolis, MN",872,1909.68,1566.01,343.67,18.0
L000502,2025-03-22,T0244,Kai Martin,"Chicago, IL → Richmond, VA",1705,3597.55,2774.96,822.59,22.87
L000503,2025-05-14,T0230,Hayden Taylor,"Denver, CO → Boise, ID",1291,2969.3,2318.52,650.78,21.92
L000504,2025-05-19,T0341,Harper Davis,"Los Angeles, CA → Tampa, FL",677,1902.37,1151.04,751.33,39.49
L000505,2025-01-23,T0296,Avery Miller,"Portland, OR → Boise, ID",489,1281.18,806.95,474.23,37.02
L000506,2025-05-13,T0147,Logan Hernandez,"Nashville, TN → Orlando, FL",1128,1872.48,1991.62,-119.14,-6.36
L000507,2025-07-22,T0157,Kai Johnson,"Memphis, TN → Tampa, FL",1554,3760.68,2892.89,867.79,23.08
L000508,2025-04-29,T0121,Harper Gonzalez,"Newark, NJ → Salt Lake City, UT",1817,3161.58,2759.15,402.43,12.73
L000509,2025-07-17,T0020,Logan Thomas,"Los Angeles, CA → Orlando, FL",2457,5454.54,3907.3,1547.24,28.37
L000510,2025-01-10,T0004,Avery Anderson,"Memphis, TN → Birmingham, AL",847,1694.0,1699.11,-5.11,-0.3
L000511,2025-07-11,T0286,Jesse Martin,"Atlanta, GA → Raleigh, NC",1336,2658.64,2108.95,549.69,20.68
L000512,2025-03-12,T0154,Harper Miller,"Portland, OR → Baltimore, MD",212,725.04,399.17,325.87,44.95
L000513,2025-06-25,T0158,Casey Garcia,"Seattle, WA → Tampa, FL",2383,5933.67,4031.69,1901.98,32.05
L000514,2025-07-22,T0011,Morgan Miller,"Portland, OR → Minneapolis, MN",2479,4809.26,4098.05,711.21,14.79
L000515,2025-06-22,T0126,Avery Miller,"Chicago, IL → Richmond, VA",1892,4389.44,3682.9,706.54,16.1
L000516,2025-05-27,T0060,Hayden Martin,"Kansas City, MO → Jacksonville, FL",2231,4952.82,3487.12,1465.7,29.59
L000517,2025-05-26,T0140,Harper Smith,"Phoenix, AZ → Philadelphia, PA",1626,2796.72,2903.08,-106.36,-3.8
L000518,2025-01-12,T0162,Rowan Taylor,"Dallas, TX → Cincinnati, OH",1830,3989.4,3261.52,727.88,18.25
L000519,2025-01-30,T0326,Riley Garcia,"Nashville, TN → San Jose, CA",1514,2740.34,2564.06,176.28,6.43
L000520,2025-07-01,T0299,Casey Rodriguez,"Seattle, WA → Pittsburgh, PA",1792,3924.48,2943.7,980.78,24.99
L000521,2025-04-22,T0229,Avery Martinez,"Newark, NJ → Baltimore, MD",817,1960.8,1527.28,433.52,22.11
L000522,2025-01-24,T0089,Casey Smith,"Chicago, IL → Boise, ID",1714,2828.1,2941.03,-112.93,-3.99
L000523,2025-02-07,T0142,Taylor Wilson,"Boston, MA → Baltimore, MD",2217,5076.93,3477.16,1599.77,31.51
L000524,2025-07-21,T0191,Kai Thomas,"Charlotte, NC → Minneapolis, MN",1810,3529.5,3354.42,175.08,4.96
L000525,2025-05-27,T0092,Harper Williams,"Los Angeles, CA → Birmingham, AL",2049,4671.72,3439.67,1232.05,26.37
L000526,2025-01-17,T0254,Drew Rodriguez,"Los Angeles, CA → San Jose, CA",1938,3352.74,3300.42,52.32,1.56
L000527,2025-04-17,T0351,Reese Moore,"Charlotte, NC → Orlando, FL",638,1486.54,1247.1,239.44,16.11
L000528,2025-07-02,T0143,Harper Hernandez,"Atlanta, GA → Pittsburgh, PA",1056,2397.12,1711.27,685.85,28.61
L000529,2025-09-14,T0097,Morgan Lopez,"Portland, OR → San Jose, CA",2190,4774.2,3635.61,1138.59,23.85
L000530,2025-08-07,T0398,Taylor Gonzalez,"Los Angeles, CA → Louisville, KY",817,1380.73,1531.31,-150.58,-10.91
L000531,2025-03-19,T0165,Jesse Brown,"Boston, MA → Minneapolis, MN",1732,2944.4,2922.09,22.31,0.76
L000532,2025-09-12,T0095,Riley Moore,"Boston, MA → Milwaukee, WI",953,1810.7,1670.34,140.36,7.75
L000533,2025-07-20,T0330,Rowan Garcia,"Kansas City, MO → Raleigh, NC",764,2162.12,1488.66,673.46,31.15
L000534,2025-02-01,T0198,Harper Wilson,"Miami, FL → Jacksonville, FL",819,1605.24,1328.56,276.68,17.24
L000535,2025-05-30,T0196,Cameron Moore,"Newark, NJ → Minneapolis, MN",1295,3172.75,2275.07,897.68,28.29
L000536,2025-03-30,T0328,Drew Miller,"Indianapolis, IN → San Jose, CA",181,698.66,331.89,366.77,52.5
L000537,2025-07-05,T0204,Cameron Brown,"Charlotte, NC → Louisville, KY",2439,4926.78,4125.45,801.33,16.26
L000538,2025-01-13,T0105,Micah Wilson,"Miami, FL → Raleigh, NC",1847,4229.63,2838.57,1391.06,32.89
L000539,2025-09-10,T0092,Alex Johnson,"Phoenix, AZ → Jacksonville, FL",877,1710.15,1604.02,106.13,6.21
L000540,2025-08-20,T0230,Reese Miller,"Memphis, TN → Salt Lake City, UT",1238,2401.72,2113.07,288.65,12.02
L000541,2025-06-27,T0207,Micah Jackson,"Savannah, GA → Tampa, FL",1335,2456.4,2389.37,67.03,2.73
L000542,2025-02-23,T0110,Hayden Moore,"Charlotte, NC → Raleigh, NC",889,1689.1,1466.24,222.86,13.19
L000543,2025-01-07,T0074,Finley Davis,"Miami, FL → Jacksonville, FL",239,908.2,430.91,477.29,52.55
L000544,2025-01-29,T0289,Taylor Rodriguez,"Phoenix, AZ → Salt Lake City, UT",863,1941.75,1556.47,385.28,19.84
L000545,2025-07-20,T0227,Drew Williams,"Nashville, TN → Philadelphia, PA",959,1870.05,1704.02,166.03,8.88
L000546,2025-05-19,T0196,Quinn Thomas,"Charlotte, NC → Buffalo, NY",1941,3687.9,3994.87,-306.97,-8.32
L000547,2025-03-31,T0183,Jesse Martinez,"San Antonio, TX → Philadelphia, PA",1115,2296.9,1852.25,444.65,19.36
L000548,2025-05-23,T0001,Avery Jones,"Houston, TX → Norfolk, VA",1912,4168.16,3005.6,1162.56,27.89
L000549,2025-03-12,T0228,Emerson Williams,"Miami, FL → San Jose, CA",401,1275.18,754.06,521.12,40.87
L000550,2025-09-08,T0078,Alex Williams,"Chicago, IL → Norfolk, VA",1811,2970.04,3074.07,-104.03,-3.5
L000551,2025-02-17,T0285,Hayden Martin,"Boston, MA → Norfolk, VA",1586,2981.68,2519.32,462.36,15.51
L000552,2025-03-10,T0034,Rowan Jackson,"Dallas, TX → Richmond, VA",896,1720.32,1684.99,35.33,2.05
L000553,2025-03-12,T0183,Kai Martinez,"Memphis, TN → San Jose, CA",877,1885.55,1468.58,416.97,22.11
L000554,2025-08-17,T0209,Reese Williams,"Savannah, GA → Buffalo, NY",157,514.96,274.2,240.76,46.75
L000555,2025-09-14,T0190,Quinn Taylor,"Denver, CO → Norfolk, VA",2283,4497.51,3865.04,632.47,14.06
L000556,2025-06-26,T0017,Taylor Smith,"Newark, NJ → Jacksonville, FL",1439,2331.18,2383.85,-52.67,-2.26
L000557,2025-04-15,T0170,Taylor Moore,"Nashville, TN → New York, NY",1386,3201.66,2504.58,697.08,21.77
L000558,2025-07-31,T0037,Finley Lopez,"Savannah, GA → Cincinnati, OH",2137,4466.33,4106.6,359.73,8.05
L000559,2025-07-09,T0229,Alex Thomas,"Los Angeles, CA → Richmond, VA",1380,3312.0,2497.38,814.62,24.6
L000560,2025-08-05,T0317,Alex Thomas,"Indianapolis, IN → New York, NY",1487,3628.28,2905.59,722.69,19.92
L000561,2025-02-26,T0370,Riley Thomas,"Atlanta, GA → Jacksonville, FL",2326,4070.5,3835.03,235.47,5.78
L000562,2025-03-13,T0162,Quinn Williams,"Houston, TX → Norfolk, VA",547,1219.81,955.95,263.86,21.63
L000563,2025-05-03,T0222,Emerson Williams,"Dallas, TX → Louisville, KY",241,865.19,463.93,401.26,46.38
L000564,2025-04-20,T0355,Jordan Thomas,"Nashville, TN → Jacksonville, FL",1769,3343.41,3268.92,74.49,2.23
L000565,2025-07-01,T0347,Hayden Garcia,"Atlanta, GA → Minneapolis, MN",433,1069.51,652.54,416.97,38.99
L000566,2025-09-11,T0329,Avery Miller,"Memphis, TN → Boise, ID",591,1489.32,1100.75,388.57,26.09
L000567,2025-06-14,T0105,Hayden Moore,"Denver, CO → Boise, ID",541,1309.22,948.25,360.97,27.57
L000568,2025-07-18,T0122,Quinn Martinez,"San Antonio, TX → San Diego, CA",1987,4729.06,3029.93,1699.13,35.93
L000569,2025-01-25,T0092,Hayden Lopez,"Kansas City, MO → Boise, ID",2323,5342.9,4299.9,1043.0,19.52
L000570,2025-07-13,T0026,Alex Smith,"Houston, TX → Cincinnati, OH",1285,2441.5,2044.48,397.02,16.26
L000571,2025-04-11,T0056,Finley Martin,"Nashville, TN → Louisville, KY",1881,4514.4,3531.62,982.78,21.77
L000572,2025-06-22,T0179,Kai Johnson,"Dallas, TX → Philadelphia, PA",1491,3578.4,2575.41,1002.99,28.03
L000573,2025-01-23,T0035,Cameron Rodriguez,"Savannah, GA → Tampa, FL",150,484.5,262.2,222.3,45.88
L000574,2025-02-23,T0244,Reese Williams,"Atlanta, GA → New York, NY",525,1370.25,941.9,428.35,31.26
L000575,2025-09-14,T0365,Morgan Miller,"Nashville, TN → Boise, ID",1971,4395.33,3848.45,546.88,12.44
L000576,2025-04-15,T0094,Jordan Lopez,"Indianapolis, IN → Tampa, FL",1622,2724.96,2984.95,-259.99,-9.54
L000577,2025-06-28,T0048,Rowan Martinez,"Los Angeles, CA → Cincinnati, OH",2016,4677.12,3462.79,1214.33,25.96
L000578,2025-08-20,T0084,Alex Martin,"Nashville, TN → Buffalo, NY",2271,4224.06,3831.56,392.5,9.29
L000579,2025-06-30,T0052,Jordan Taylor,"Miami, FL → Birmingham, AL",1436,3388.96,2670.25,718.71,21.21
L000580,2025-02-23,T0052,Drew Garcia,"San Antonio, TX → Richmond, VA",1300,2210.0,2334.26,-124.26,-5.62
L000581,2025-09-10,T0324,Cameron Gonzalez,"Dallas, TX → Philadelphia, PA",522,1237.14,945.03,292.11,23.61
L000582,2025-04-23,T0260,Casey Smith,"Columbus, OH → Birmingham, AL",867,1916.07,1382.18,533.89,27.86
L000583,2025-02-03,T0266,Finley Miller,"Seattle, WA → Birmingham, AL",1445,2543.2,2647.15,-103.95,-4.09
L000584,2025-06-09,T0198,Emerson Martinez,"Miami, FL → Pittsburgh, PA",136,497.76,253.0,244.76,49.17
L000585,2025-07-26,T0132,Jesse Taylor,"Portland, OR → Richmond, VA",2040,4059.6,3249.3,810.3,19.96
L000586,2025-03-08,T0148,Harper Gonzalez,"Los Angeles, CA → Salt Lake City, UT",648,1989.36,1126.39,862.97,43.38
L000587,2025-08-01,T0355,Finley Jackson,"Los Angeles, CA → New York, NY",1048,2536.16,1966.8,569.36,22.45
L000588,2025-05-26,T0152,Casey Johnson,"Phoenix, AZ → Louisville, KY",636,1844.4,1109.48,734.92,39.85
L000589,2025-01-15,T0308,Taylor Smith,"Atlanta, GA → Philadelphia, PA",2084,3438.6,3647.88,-209.28,-6.09
L000590,2025-06-22,T0186,Cameron Moore,"Seattle, WA → Buffalo, NY",2446,5968.24,3832.76,2135.48,35.78
L000591,2025-02-27,T0206,Taylor Moore,"Indianapolis, IN → Minneapolis, MN",427,1238.3,714.29,524.01,42.32
L000592,2025-08-20,T0106,Casey Garcia,"Miami, FL → Baltimore, MD",2280,4286.4,3711.33,575.07,13.42
L000593,2025-03-01,T0100,Logan Miller,"Dallas, TX → Philadelphia, PA",1384,3100.16,2623.45,476.71,15.38
L000594,2025-02-19,T0199,Jordan Gonzalez,"Savannah, GA → Birmingham, AL",1412,2513.36,2660.96,-147.6,-5.87
L000595,2025-01-31,T0126,Rowan Taylor,"Portland, OR → Pittsburgh, PA",606,1539.24,1031.92,507.32,32.96
L000596,2025-01-01,T0235,Drew Williams,"San Antonio, TX → Raleigh, NC",1045,2560.25,1763.7,796.55,31.11
L000597,2025-03-01,T0247,Jesse Martinez,"Phoenix, AZ → Jacksonville, FL",594,1437.48,1011.31,426.17,29.65
L000598,2025-03-17,T0219,Rowan Gonzalez,"Memphis, TN → Cincinnati, OH",645,1825.35,1107.83,717.52,39.31
L000599,2025-01-19,T0205,Micah Wilson,"Atlanta, GA → Cincinnati, OH",1827,3105.9,3586.88,-480.98,-15.49
L000600,2025-06-19,T0320,Drew Miller,"Phoenix, AZ → Salt Lake City, UT",900,1710.0,1490.26,219.74,12.85
L000601,2025-08-10,T0008,Jesse Martinez,"Atlanta, GA → Milwaukee, WI",614,1866.56,1224.71,641.85,34.39
L000602,2025-05-08,T0193,Harper Martin,"Miami, FL → Jacksonville, FL",632,1580.0,1078.97,501.03,31.71
L000603,2025-02-22,T0239,Rowan Martinez,"Atlanta, GA → Cincinnati, OH",1328,2948.16,2324.32,623.84,21.16
L000604,2025-04-10,T0140,Alex Williams,"Memphis, TN → Tampa, FL",1632,3720.96,3043.66,677.3,18.2
L000605,2025-01-21,T0312,Cameron Moore,"Dallas, TX → Pittsburgh, PA",1676,3670.44,2823.95,846.49,23.06
L000606,2025-03-17,T0383,Drew Williams,"San Antonio, TX → Boise, ID",591,1353.39,1018.35,335.04,24.76
L000607,2025-09-15,T0359,Kai Johnson,"Seattle, WA → Tampa, FL",1754,2823.94,3008.33,-184.39,-6.53
L000608,2025-05-14,T0390,Jordan Gonzalez,"Charlotte, NC → Louisville, KY",1440,2880.0,2489.48,390.52,13.56
L000609,2025-04-30,T0112,Hayden Moore,"Memphis, TN → Louisville, KY",796,2324.32,1506.74,817.58,35.18
L000610,2025-07-20,T0242,Rowan Brown,"Atlanta, GA → Salt Lake City, UT",128,439.04,275.55,163.49,37.24
L000611,2025-02-12,T0207,Rowan Jackson,"Denver, CO → Raleigh, NC",1162,2579.64,1994.78,584.86,22.67
L000612,2025-02-17,T0309,Jordan Taylor,"Denver, CO → Richmond, VA",924,2005.08,1543.4,461.68,23.03
L000613,2025-01-09,T0101,Jesse Taylor,"Kansas City, MO → Birmingham, AL",470,1419.4,849.54,569.86,40.15
L000614,2025-07-29,T0260,Taylor Johnson,"Los Angeles, CA → Cincinnati, OH",1049,2538.58,1931.51,607.07,23.91
L000615,2025-08-25,T0397,Hayden Lopez,"Chicago, IL → Salt Lake City, UT",879,1450.35,1690.97,-240.62,-16.59
L000616,2025-03-02,T0089,Rowan Brown,"Atlanta, GA → Baltimore, MD",569,1297.32,981.8,315.52,24.32
L000617,2025-06-23,T0133,Finley Jackson,"Phoenix, AZ → Buffalo, NY",890,1762.2,1544.34,217.86,12.36
L000618,2025-05-02,T0113,Alex Thomas,"Nashville, TN → Salt Lake City, UT",618,1446.12,1108.15,337.97,23.37
L000619,2025-04-08,T0150,Kai Garcia,"Nashville, TN → Salt Lake City, UT",419,1047.5,808.33,239.17,22.83
L000620,2025-03-15,T0324,Reese Gonzalez,"Savannah, GA → Birmingham, AL",495,1351.35,952.6,398.75,29.51
L000621,2025-08-11,T0341,Logan Hernandez,"Atlanta, GA → Cincinnati, OH",1844,3983.04,3100.99,882.05,22.15
L000622,2025-07-06,T0032,Morgan Gonzalez,"Dallas, TX → Birmingham, AL",973,2393.58,1905.45,488.13,20.39
L000623,2025-08-29,T0056,Finley Lopez,"Los Angeles, CA → Tampa, FL",2000,4700.0,3771.01,928.99,19.77
L000624,2025-05-13,T0129,Hayden Taylor,"Atlanta, GA → Tampa, FL",2136,3503.04,3792.71,-289.67,-8.27
L000625,2025-07-06,T0325,Taylor Rodriguez,"Charlotte, NC → Buffalo, NY",1980,3207.6,3528.59,-320.99,-10.01
L000626,2025-01-04,T0236,Harper Miller,"Phoenix, AZ → New York, NY",1334,3294.98,2652.45,642.53,19.5
L000627,2025-08-12,T0063,Harper Miller,"Houston, TX → Birmingham, AL",735,2190.3,1345.94,844.36,38.55
L000628,2025-02-24,T0171,Riley Moore,"San Antonio, TX → Boise, ID",242,745.36,373.66,371.7,49.87
L000629,2025-03-20,T0079,Avery Anderson,"Kansas City, MO → San Diego, CA",617,1511.65,1094.53,417.12,27.59
L000630,2025-08-22,T0056,Logan Lopez,"Newark, NJ → Philadelphia, PA",1505,3536.75,2931.78,604.97,17.11
L000631,2025-07-07,T0367,Morgan Jones,"Miami, FL → Louisville, KY",1916,4368.48,3269.57,1098.91,25.16
L000632,2025-07-28,T0372,Finley Jackson,"Savannah, GA → Cincinnati, OH",1325,2954.75,2307.65,647.1,21.9
L000633,2025-04-30,T0298,Kai Brown,"Kansas City, MO → Norfolk, VA",1847,4599.03,3324.7,1274.33,27.71
L000634,2025-06-09,T0286,Harper Davis,"Atlanta, GA → Richmond, VA",1148,2089.36,1896.95,192.41,9.21
L000635,2025-04-25,T0193,Quinn Garcia,"Portland, OR → Norfolk, VA",2223,4379.31,4182.25,197.06,4.5
L000636,2025-03-06,T0289,Alex Williams,"Nashville, TN → San Diego, CA",856,1968.8,1592.18,376.62,19.13
L000637,2025-06-12,T0400,Alex Martinez,"Portland, OR → Salt Lake City, UT",1683,3433.32,2968.95,464.37,13.53
L000638,2025-03-16,T0260,Jesse Williams,"San Antonio, TX → Tampa, FL",1872,3968.64,3422.29,546.35,13.77
L000639,2025-03-01,T0299,Harper Gonzalez,"Dallas, TX → Salt Lake City, UT",2375,5391.25,3817.67,1573.58,29.19
L000640,2025-08-30,T0310,Rowan Gonzalez,"Dallas, TX → Birmingham, AL",1517,3034.0,2421.05,612.95,20.2
L000641,2025-01-22,T0297,Hayden Martin,"Charlotte, NC → Philadelphia, PA",2459,5065.54,3997.96,1067.58,21.08
L000642,2025-01-02,T0352,Reese Williams,"Memphis, TN → Cincinnati, OH",1547,2598.96,2482.32,116.64,4.49
L000643,2025-06-22,T0386,Quinn Martinez,"Los Angeles, CA → Richmond, VA",1306,2873.2,2454.47,418.73,14.57
L000644,2025-02-23,T0072,Morgan Lopez,"Chicago, IL → Jacksonville, FL",306,914.94,580.23,334.71,36.58
L000645,2025-06-03,T0072,Reese Garcia,"Portland, OR → Orlando, FL",2128,3532.48,3716.1,-183.62,-5.2
L000646,2025-05-04,T0221,Finley Jones,"Chicago, IL → Orlando, FL",2453,5200.36,4208.64,991.72,19.07
L000647,2025-09-17,T0018,Micah Brown,"Atlanta, GA → Jacksonville, FL",258,897.84,594.85,302.99,33.75
L000648,2025-09-09,T0248,Rowan Taylor,"Phoenix, AZ → Philadelphia, PA",202,709.02,427.84,281.18,39.66
L000649,2025-08-06,T0180,Logan Lopez,"Miami, FL → Philadelphia, PA",1276,2386.12,2357.85,28.27,1.18
L000650,2025-06-27,T0275,Taylor Miller,"Newark, NJ → Orlando, FL",407,1245.42,772.16,473.26,38.0
L000651,2025-04-14,T0373,Jordan Lopez,"Los Angeles, CA → San Jose, CA",1933,4793.84,3285.74,1508.1,31.46
L000652,2025-09-09,T0281,Avery Jones,"Columbus, OH → Richmond, VA",307,927.14,535.66,391.48,42.22
L000653,2025-06-08,T0222,Finley Taylor,"Portland, OR → Tampa, FL",1999,3878.06,3681.72,196.34,5.06
L000654,2025-07-11,T0304,Casey Rodriguez,"Seattle, WA → Milwaukee, WI",823,1596.62,1471.61,125.01,7.83
L000655,2025-02-05,T0060,Jesse Williams,"Kansas City, MO → Salt Lake City, UT",1696,4223.04,2736.19,1486.85,35.21
L000656,2025-08-06,T0106,Reese Miller,"Dallas, TX → Milwaukee, WI",184,695.52,317.54,377.98,54.34
L000657,2025-04-07,T0336,Cameron Brown,"Kansas City, MO → San Diego, CA",1723,3446.0,3167.93,278.07,8.07
L000658,2025-09-12,T0241,Jordan Gonzalez,"Seattle, WA → New York, NY",1935,4527.9,3408.16,1119.74,24.73
L000659,2025-05-12,T0063,Harper Taylor,"Charlotte, NC → Tampa, FL",1916,3448.8,3248.89,199.91,5.8
L000660,2025-05-25,T0080,Kai Brown,"Phoenix, AZ → Jacksonville, FL",580,1711.0,1049.46,661.54,38.66
L000661,2025-08-12,T0221,Taylor Miller,"Nashville, TN → Orlando, FL",243,843.21,404.35,438.86,52.05
L000662,2025-04-04,T0355,Riley Garcia,"Chicago, IL → Baltimore, MD",291,1038.87,559.55,479.32,46.14
L000663,2025-01-08,T0025,Avery Jones,"Dallas, TX → Tampa, FL",981,1687.32,1833.63,-146.31,-8.67
L000664,2025-01-02,T0135,Kai Garcia,"Denver, CO → Louisville, KY",1110,2408.7,1852.03,556.67,23.11
L000665,2025-08-22,T0303,Rowan Jackson,"Savannah, GA → Baltimore, MD",2260,4610.4,4209.31,401.09,8.7
L000666,2025-05-26,T0369,Jordan Gonzalez,"Portland, OR → Orlando, FL",221,842.01,452.56,389.45,46.25
L000667,2025-03-08,T0105,Riley Thomas,"Los Angeles, CA → Jacksonville, FL",1663,3858.16,3108.86,749.3,19.42
L000668,2025-09-05,T0194,Taylor Rodriguez,"Savannah, GA → Buffalo, NY",2451,4607.88,4097.82,510.06,11.07
L000669,2025-08-30,T0239,Jesse Martin,"Charlotte, NC → New York, NY",2454,5766.9,4615.06,1151.84,19.97
L000670,2025-08-14,T0130,Harper Davis,"Portland, OR → Baltimore, MD",1413,2924.91,2443.23,481.68,16.47
L000671,2025-07-03,T0360,Harper Davis,"Kansas City, MO → Louisville, KY",372,885.36,600.79,284.57,32.14
L000672,2025-02-28,T0126,Hayden Anderson,"Chicago, IL → Richmond, VA",1694,3675.98,3046.03,629.95,17.14
L000673,2025-07-20,T0113,Riley Moore,"Denver, CO → Norfolk, VA",359,1127.26,629.67,497.59,44.14
L000674,2025-06-21,T0183,Rowan Jackson,"Atlanta, GA → Baltimore, MD",1707,3738.33,3427.82,310.51,8.31
L000675,2025-02-04,T0320,Alex Brown,"Houston, TX → Orlando, FL",1141,2350.46,1948.77,401.69,17.09
L000676,2025-03-18,T0305,Jesse Martinez,"Phoenix, AZ → Minneapolis, MN",756,2351.16,1292.01,1059.15,45.05
L000677,2025-01-07,T0006,Finley Jackson,"Phoenix, AZ → New York, NY",2435,5137.85,4416.45,721.4,14.04
L000678,2025-03-24,T0032,Hayden Hernandez,"Newark, NJ → Louisville, KY",1145,1889.25,1972.91,-83.66,-4.43
L000679,2025-06-06,T0142,Harper Hernandez,"Portland, OR → Milwaukee, WI",1646,3983.32,2792.43,1190.89,29.9
L000680,2025-05-04,T0340,Cameron Williams,"Boston, MA → Buffalo, NY",1922,3363.5,3014.3,349.2,10.38
L000681,2025-07-22,T0345,Cameron Moore,"Los Angeles, CA → Orlando, FL",2145,4011.15,3650.86,360.29,8.98
L000682,2025-02-13,T0318,Morgan Lopez,"Memphis, TN → Pittsburgh, PA",2126,4868.54,3015.26,1853.28,38.07
L000683,2025-03-17,T0258,Rowan Jackson,"Indianapolis, IN → Pittsburgh, PA",1131,2081.04,2004.27,76.77,3.69
L000684,2025-01-29,T0339,Jesse Williams,"Denver, CO → Raleigh, NC",2230,5418.9,3933.62,1485.28,27.41
L000685,2025-05-16,T0082,Emerson Taylor,"Savannah, GA → Pittsburgh, PA",1899,3779.01,3310.87,468.14,12.39
L000686,2025-06-03,T0384,Morgan Jones,"Chicago, IL → Milwaukee, WI",2106,3706.56,3392.41,314.15,8.48
L000687,2025-05-11,T0036,Avery Thomas,"Memphis, TN → Cincinnati, OH",983,1779.23,1714.24,64.99,3.65
L000688,2025-05-11,T0085,Kai Brown,"Charlotte, NC → Philadelphia, PA",1724,2827.36,3199.3,-371.94,-13.16
L000689,2025-02-12,T0327,Logan Thomas,"Nashville, TN → Pittsburgh, PA",1743,4061.19,2974.89,1086.3,26.75
L000690,2025-09-10,T0400,Taylor Johnson,"Kansas City, MO → Buffalo, NY",1816,3523.04,3129.71,393.33,11.16
L000691,2025-09-10,T0233,Logan Lopez,"Boston, MA → Jacksonville, FL",1353,2273.04,2245.33,27.71,1.22
L000692,2025-07-13,T0362,Emerson Jackson,"Newark, NJ → Baltimore, MD",1214,2100.22,2154.64,-54.42,-2.59
L000693,2025-09-08,T0126,Micah Wilson,"Houston, TX → Milwaukee, WI",294,931.98,504.5,427.48,45.87
L000694,2025-02-17,T0014,Alex Johnson,"Nashville, TN → New York, NY",471,1116.27,844.1,272.17,24.38
L000695,2025-07-28,T0296,Jordan Gonzalez,"Seattle, WA → Buffalo, NY",691,1616.94,1317.82,299.12,18.5
L000696,2025-07-25,T0335,Casey Rodriguez,"Houston, TX → Louisville, KY",1842,4181.34,3459.33,722.01,17.27
L000697,2025-01-08,T0151,Logan Thomas,"Nashville, TN → Minneapolis, MN",2074,3567.28,3062.09,505.19,14.16
L000698,2025-06-07,T0285,Drew Miller,"Indianapolis, IN → Birmingham, AL",2492,5681.76,3960.77,1720.99,30.29
L000699,2025-06-17,T0209,Reese Gonzalez,"Newark, NJ → Birmingham, AL",1941,4134.33,3763.04,371.29,8.98
L000700,2025-05-29,T0089,Jordan Thomas,"Houston, TX → New York, NY",1370,3205.8,2421.69,784.11,24.46
L000701,2025-09-03,T0053,Morgan Lopez,"Denver, CO → Richmond, VA",1832,3389.2,3052.94,336.26,9.92
L000702,2025-01-23,T0205,Hayden Moore,"Miami, FL → Orlando, FL",1410,3440.4,2272.54,1167.86,33.95
L000703,2025-07-07,T0152,Cameron Williams,"Nashville, TN → Minneapolis, MN",538,1409.56,948.8,460.76,32.69
L000704,2025-01-04,T0378,Jordan Gonzalez,"Phoenix, AZ → Norfolk, VA",606,1345.32,1091.36,253.96,18.88
L000705,2025-06-13,T0032,Alex Martin,"Newark, NJ → Baltimore, MD",1869,4448.22,2984.48,1463.74,32.91
L000706,2025-03-12,T0266,Rowan Martinez,"Miami, FL → Birmingham, AL",424,1043.04,766.86,276.18,26.48
L000707,2025-09-12,T0157,Kai Johnson,"Portland, OR → Norfolk, VA",1605,3242.1,3028.93,213.17,6.58
L000708,2025-08-30,T0027,Casey Lopez,"Kansas City, MO → Richmond, VA",749,2172.1,1292.63,879.47,40.49
L000709,2025-03-14,T0218,Finley Martin,"Miami, FL → Buffalo, NY",899,2103.66,1692.81,410.85,19.53
L000710,2025-09-09,T0124,Harper Taylor,"Denver, CO → New York, NY",445,1165.9,718.39,447.51,38.38
L000711,2025-09-18,T0127,Taylor Wilson,"Columbus, OH → Raleigh, NC",571,1427.5,933.62,493.88,34.6
L000712,2025-09-08,T0266,Harper Gonzalez,"Boston, MA → Norfolk, VA",263,1036.22,478.37,557.85,53.83
L000713,2025-08-20,T0016,Micah Smith,"Nashville, TN → Buffalo, NY",1118,2247.18,1931.13,316.05,14.06
L000714,2025-08-26,T0292,Casey Johnson,"Dallas, TX → Tampa, FL",427,1016.26,836.52,179.74,17.69
L000715,2025-08-03,T0294,Finley Gonzalez,"Dallas, TX → Buffalo, NY",249,966.12,488.57,477.55,49.43
L000716,2025-03-08,T0147,Hayden Garcia,"Charlotte, NC → San Jose, CA",401,1255.13,655.13,600.0,47.8
L000717,2025-04-29,T0211,Drew Garcia,"Newark, NJ → New York, NY",1063,2147.26,1860.04,287.22,13.38
L000718,2025-09-12,T0132,Emerson Martin,"Houston, TX → Richmond, VA",1171,2166.35,2057.92,108.43,5.01
L000719,2025-03-24,T0043,Riley Moore,"Charlotte, NC → Buffalo, NY",683,1809.95,1182.96,626.99,34.64
L000720,2025-01-09,T0037,Micah Martinez,"Denver, CO → Baltimore, MD",2320,4500.8,4272.6,228.2,5.07
L000721,2025-04-15,T0021,Drew Garcia,"Chicago, IL → Louisville, KY",452,1170.68,782.95,387.73,33.12
L000722,2025-01-28,T0318,Rowan Miller,"Kansas City, MO → Philadelphia, PA",2452,4266.48,4114.34,152.14,3.57
L000723,2025-06-01,T0212,Hayden Martin,"Boston, MA → Baltimore, MD",1318,3229.1,2428.28,800.82,24.8
L000724,2025-03-23,T0129,Harper Gonzalez,"Columbus, OH → San Diego, CA",2196,3667.32,3902.53,-235.21,-6.41
L000725,2025-09-09,T0326,Kai Thomas,"Savannah, GA → Richmond, VA",1791,3868.56,3236.26,632.3,16.34
L000726,2025-01-22,T0361,Drew Miller,"Phoenix, AZ → Cincinnati, OH",2437,4922.74,3865.95,1056.79,21.47
L000727,2025-08-19,T0236,Kai Martin,"Dallas, TX → Birmingham, AL",225,798.75,501.84,296.91,37.17
L000728,2025-05-16,T0390,Drew Brown,"Phoenix, AZ → San Diego, CA",1062,1985.94,1928.68,57.26,2.88
L000729,2025-02-11,T0357,Kai Johnson,"Columbus, OH → San Diego, CA",1167,2462.37,2226.14,236.23,9.59
L000730,2025-05-05,T0370,Kai Martinez,"Savannah, GA → Raleigh, NC",713,1975.01,1184.26,790.75,40.04
L000731,2025-05-23,T0340,Alex Johnson,"Chicago, IL → Buffalo, NY",750,2160.0,1421.44,738.56,34.19
L000732,2025-05-11,T0011,Morgan Miller,"Houston, TX → Pittsburgh, PA",709,2013.56,1126.14,887.42,44.07
L000733,2025-08-02,T0214,Harper Wilson,"Phoenix, AZ → Cincinnati, OH",421,1237.74,678.08,559.66,45.22
L000734,2025-08-05,T0276,Drew Rodriguez,"San Antonio, TX → San Diego, CA",2321,5570.4,4563.15,1007.25,18.08
L000735,2025-05-20,T0333,Alex Johnson,"Indianapolis, IN → Norfolk, VA",489,1452.33,840.86,611.47,42.1
L000736,2025-04-04,T0116,Jesse Williams,"Miami, FL → Baltimore, MD",1622,3503.52,2876.13,627.39,17.91
L000737,2025-01-02,T0173,Hayden Gonzalez,"Chicago, IL → Jacksonville, FL",210,716.1,377.94,338.16,47.22
L000738,2025-03-03,T0084,Quinn Taylor,"Portland, OR → Minneapolis, MN",2450,4679.5,4209.87,469.63,10.04
L000739,2025-07-05,T0212,Jordan Miller,"Columbus, OH → Milwaukee, WI",1669,3154.41,2851.67,302.74,9.6
L000740,2025-03-11,T0207,Harper Miller,"Savannah, GA → Milwaukee, WI",390,1072.5,712.54,359.96,33.56
L000741,2025-06-28,T0272,Quinn Williams,"Atlanta, GA → Jacksonville, FL",1537,3289.18,2779.48,509.7,15.5
L000742,2025-05-31,T0279,Quinn Taylor,"Los Angeles, CA → Orlando, FL",706,1807.36,1370.91,436.45,24.15
L000743,2025-02-23,T0351,Riley Hernandez,"Columbus, OH → Baltimore, MD",2049,4138.98,3655.7,483.28,11.68
L000744,2025-06-20,T0143,Drew Williams,"Dallas, TX → Milwaukee, WI",764,2223.24,1343.91,879.33,39.55
L000745,2025-01-27,T0330,Rowan Miller,"Columbus, OH → Richmond, VA",2135,4761.05,3771.54,989.51,20.78
L000746,2025-01-17,T0324,Emerson Martinez,"Denver, CO → Boise, ID",1699,4094.59,2762.99,1331.6,32.52
L000747,2025-07-13,T0266,Emerson Jackson,"Atlanta, GA → Tampa, FL",1543,3255.73,2891.99,363.74,11.17
L000748,2025-07-06,T0054,Harper Davis,"Newark, NJ → Tampa, FL",993,2134.95,1776.56,358.39,16.79
L000749,2025-03-31,T0169,Kai Martin,"Houston, TX → Cincinnati, OH",1692,3790.08,3248.16,541.92,14.3
L000750,2025-04-08,T0313,Riley Thomas,"Columbus, OH → Baltimore, MD",2219,5214.65,3910.08,1304.57,25.02
L000751,2025-07-07,T0046,Taylor Wilson,"Memphis, TN → Cincinnati, OH",672,2116.8,1349.17,767.63,36.26
L000752,2025-07-05,T0365,Alex Johnson,"Houston, TX → Orlando, FL",218,828.4,411.49,416.91,50.33
L000753,2025-01-08,T0137,Logan Brown,"Boston, MA → Birmingham, AL",641,1961.46,1065.13,896.33,45.7
L000754,2025-02-07,T0289,Cameron Rodriguez,"Memphis, TN → Norfolk, VA",851,1557.33,1711.18,-153.85,-9.88
L000755,2025-05-27,T0337,Jordan Thomas,"Dallas, TX → Pittsburgh, PA",1485,3578.85,2646.33,932.52,26.06
L000756,2025-04-23,T0284,Reese Thomas,"Memphis, TN → Norfolk, VA",1031,2433.16,1666.91,766.25,31.49
L000757,2025-02-15,T0198,Avery Anderson,"Memphis, TN → Cincinnati, OH",1850,3182.0,3134.42,47.58,1.5
L000758,2025-04-16,T0322,Harper Martin,"Charlotte, NC → Louisville, KY",1856,3934.72,3322.45,612.27,15.56
L000759,2025-02-25,T0119,Avery Jones,"Phoenix, AZ → Tampa, FL",123,478.47,214.65,263.82,55.14
L000760,2025-03-06,T0268,Hayden Martin,"Chicago, IL → Pittsburgh, PA",2204,4826.76,4089.03,737.73,15.28
L000761,2025-06-02,T0383,Quinn Martinez,"Miami, FL → New York, NY",452,1365.04,815.78,549.26,40.24
L000762,2025-07-04,T0079,Casey Thomas,"Portland, OR → Jacksonville, FL",670,1500.8,1105.14,395.66,26.36
L000763,2025-09-09,T0370,Kai Brown,"Denver, CO → Milwaukee, WI",1999,3678.16,3509.57,168.59,4.58
L000764,2025-08-03,T0319,Alex Thomas,"Newark, NJ → Salt Lake City, UT",2291,4123.8,3939.19,184.61,4.48
L000765,2025-08-27,T0048,Logan Brown,"Charlotte, NC → Richmond, VA",2124,3653.28,3513.44,139.84,3.83
L000766,2025-05-30,T0217,Drew Jackson,"Los Angeles, CA → Birmingham, AL",1019,2190.85,1992.08,198.77,9.07
L000767,2025-03-18,T0128,Taylor Miller,"Phoenix, AZ → Minneapolis, MN",2231,4729.72,3638.03,1091.69,23.08
L000768,2025-09-08,T0151,Jesse Williams,"Chicago, IL → Boise, ID",455,1187.55,745.49,442.06,37.22
L000769,2025-05-16,T0071,Micah Smith,"Columbus, OH → Cincinnati, OH",445,1179.25,928.13,251.12,21.29
L000770,2025-07-09,T0281,Micah Rodriguez,"San Antonio, TX → Birmingham, AL",150,598.5,270.23,328.27,54.85
L000771,2025-04-23,T0060,Kai Martinez,"San Antonio, TX → Milwaukee, WI",1843,4165.18,3082.56,1082.62,25.99
L000772,2025-03-03,T0271,Quinn Williams,"Indianapolis, IN → Norfolk, VA",384,956.16,679.26,276.9,28.96
L000773,2025-06-02,T0323,Micah Martinez,"Memphis, TN → Birmingham, AL",1963,4632.68,3765.69,866.99,18.71
L000774,2025-01-21,T0032,Alex Thomas,"Dallas, TX → Louisville, KY",577,1829.09,988.91,840.18,45.93
L000775,2025-01-05,T0398,Cameron Rodriguez,"Savannah, GA → Minneapolis, MN",2199,5453.52,3869.1,1584.42,29.05
L000776,2025-04-30,T0129,Emerson Jackson,"Atlanta, GA → Richmond, VA",1894,3901.64,2946.01,955.63,24.49
L000777,2025-05-06,T0350,Jordan Gonzalez,"Los Angeles, CA → Milwaukee, WI",1333,2412.73,2372.98,39.75,1.65
L000778,2025-03-29,T0310,Logan Lopez,"Denver, CO → Pittsburgh, PA",832,1381.12,1486.67,-105.55,-7.64
L000779,2025-08-18,T0011,Riley Thomas,"Indianapolis, IN → Birmingham, AL",764,2314.92,1241.8,1073.12,46.36
L000780,2025-06-11,T0061,Reese Moore,"Portland, OR → Minneapolis, MN",1792,3404.8,2959.47,445.33,13.08
L000781,2025-04-20,T0182,Kai Martin,"Seattle, WA → Cincinnati, OH",1970,3309.6,3727.37,-417.77,-12.62
L000782,2025-03-23,T0365,Reese Thomas,"Denver, CO → Philadelphia, PA",978,2122.26,1894.15,228.11,10.75
L000783,2025-06-17,T0251,Casey Rodriguez,"San Antonio, TX → Baltimore, MD",1896,4664.16,3580.8,1083.36,23.23
L000784,2025-02-05,T0370,Emerson Jackson,"Atlanta, GA → Milwaukee, WI",2238,4408.86,4085.89,322.97,7.33
L000785,2025-06-21,T0264,Quinn Martinez,"Denver, CO → Jacksonville, FL",712,1609.12,1282.52,326.6,20.3
L000786,2025-09-05,T0306,Jesse Brown,"Seattle, WA → Tampa, FL",947,1628.84,1572.37,56.47,3.47
L000787,2025-09-07,T0319,Avery Anderson,"Memphis, TN → San Diego, CA",1373,2979.41,2746.38,233.03,7.82
L000788,2025-07-01,T0278,Jesse Martin,"Chicago, IL → Orlando, FL",302,742.92,527.73,215.19,28.97
L000789,2025-06-04,T0346,Alex Johnson,"Charlotte, NC → Richmond, VA",2010,3477.3,3557.14,-79.84,-2.3
L000790,2025-01-05,T0276,Micah Martinez,"Dallas, TX → Boise, ID",1784,4085.36,3241.13,844.23,20.66
L000791,2025-01-22,T0237,Jordan Davis,"Savannah, GA → New York, NY",1182,2588.58,2023.92,564.66,21.81
L000792,2025-07-13,T0312,Morgan Lopez,"Dallas, TX → San Diego, CA",1057,1765.19,1879.24,-114.05,-6.46
L000793,2025-02-01,T0260,Quinn Williams,"Miami, FL → Cincinnati, OH",1819,4238.27,3608.73,629.54,14.85
L000794,2025-01-25,T0062,Avery Anderson,"San Antonio, TX → Tampa, FL",265,1041.45,487.91,553.54,53.15
L000795,2025-02-28,T0144,Emerson Rodriguez,"Newark, NJ → Pittsburgh, PA",1918,4296.32,3332.31,964.01,22.44
L000796,2025-05-12,T0204,Alex Rodriguez,"Denver, CO → Birmingham, AL",1528,3514.4,3025.56,488.84,13.91
L000797,2025-06-24,T0028,Avery Jones,"Charlotte, NC → Norfolk, VA",2291,4192.53,4221.13,-28.6,-0.68
L000798,2025-05-17,T0214,Quinn Anderson,"Dallas, TX → Minneapolis, MN",820,1828.6,1618.51,210.09,11.49
L000799,2025-04-15,T0079,Rowan Taylor,"San Antonio, TX → Philadelphia, PA",610,1634.8,1129.74,505.06,30.89
L000800,2025-06-18,T0277,Finley Taylor,"Nashville, TN → Milwaukee, WI",224,754.88,442.03,312.85,41.44
L000801,2025-06-15,T0068,Jordan Gonzalez,"Newark, NJ → Birmingham, AL",1779,3735.9,3089.16,646.74,17.31
L000802,2025-04-05,T0077,Avery Anderson,"Savannah, GA → Orlando, FL",1100,2277.0,2041.32,235.68,10.35
L000803,2025-09-17,T0193,Kai Thomas,"Savannah, GA → Milwaukee, WI",760,1672.0,1342.19,329.81,19.73
L000804,2025-09-20,T0392,Hayden Lopez,"Miami, FL → Milwaukee, WI",919,1929.9,1726.93,202.97,10.52
L000805,2025-06-02,T0171,Kai Martinez,"Indianapolis, IN → Baltimore, MD",903,1760.85,1635.92,124.93,7.1
L000806,2025-09-17,T0360,Emerson Brown,"Nashville, TN → Buffalo, NY",1292,2829.48,2242.97,586.51,20.73
L000807,2025-08-29,T0204,Reese Taylor,"Newark, NJ → Tampa, FL",2235,4358.25,3562.68,795.57,18.25
L000808,2025-07-14,T0349,Hayden Garcia,"Savannah, GA → Salt Lake City, UT",1226,3040.48,2100.4,940.08,30.92
L000809,2025-04-19,T0082,Logan Lopez,"Newark, NJ → San Diego, CA",2365,4138.75,3773.56,365.19,8.82
L000810,2025-07-20,T0167,Finley Jones,"Savannah, GA → Milwaukee, WI",786,2161.5,1459.33,702.17,32.49
L000811,2025-03-19,T0019,Micah Martinez,"Dallas, TX → Cincinnati, OH",1482,3319.68,2725.64,594.04,17.89
L000812,2025-07-18,T0005,Quinn Thomas,"Charlotte, NC → Cincinnati, OH",2268,4876.2,4162.49,713.71,14.64
L000813,2025-04-24,T0199,Kai Thomas,"Denver, CO → Pittsburgh, PA",805,1626.1,1387.59,238.51,14.67
L000814,2025-02-26,T0249,Finley Martin,"Newark, NJ → Jacksonville, FL",2051,4676.28,3733.77,942.51,20.16
L000815,2025-02-28,T0313,Jesse Williams,"Denver, CO → San Jose, CA",740,1850.0,1332.77,517.23,27.96
L000816,2025-07-31,T0232,Alex Williams,"Seattle, WA → Tampa, FL",933,2239.2,1760.42,478.78,21.38
L000817,2025-03-24,T0292,Finley Martin,"Portland, OR → Pittsburgh, PA",855,1752.75,1721.16,31.59,1.8
L000818,2025-02-06,T0214,Reese Taylor,"Nashville, TN → Philadelphia, PA",527,1570.46,901.08,669.38,42.62
L000819,2025-03-13,T0021,Riley Thomas,"Columbus, OH → San Diego, CA",1970,3880.9,3303.8,577.1,14.87
L000820,2025-08-29,T0388,Avery Taylor,"Denver, CO → Boise, ID",978,2200.5,1776.89,423.61,19.25
L000821,2025-02-21,T0112,Casey Thomas,"Columbus, OH → Philadelphia, PA",2446,4916.46,4174.79,741.67,15.09
L000822,2025-07-07,T0165,Rowan Jackson,"Charlotte, NC → Orlando, FL",1425,2593.5,2648.82,-55.32,-2.13
L000823,2025-06-09,T0052,Taylor Wilson,"Atlanta, GA → Richmond, VA",1035,2390.85,2133.89,256.96,10.75
L000824,2025-02-08,T0341,Riley Moore,"Los Angeles, CA → Louisville, KY",421,1267.21,672.48,594.73,46.93
L000825,2025-08-21,T0276,Logan Williams,"Portland, OR → Buffalo, NY",1138,2298.76,1814.09,484.67,21.08
L000826,2025-05-24,T0371,Emerson Jackson,"San Antonio, TX → San Diego, CA",947,2263.33,1583.63,679.7,30.03
L000827,2025-09-12,T0222,Harper Gonzalez,"Kansas City, MO → Boise, ID",1358,2512.3,2162.93,349.37,13.91
L000828,2025-05-26,T0047,Casey Garcia,"Los Angeles, CA → Buffalo, NY",2484,4545.72,4232.41,313.31,6.89
L000829,2025-02-21,T0398,Morgan Anderson,"Savannah, GA → Cincinnati, OH",659,1805.66,1132.31,673.35,37.29
L000830,2025-08-28,T0243,Casey Thomas,"San Antonio, TX → New York, NY",2380,5616.8,4455.94,1160.86,20.67
L000831,2025-03-29,T0066,Hayden Anderson,"Nashville, TN → Baltimore, MD",2370,4905.9,3999.75,906.15,18.47
L000832,2025-04-14,T0228,Kai Garcia,"Boston, MA → New York, NY",1456,2780.96,2794.75,-13.79,-0.5
L000833,2025-07-26,T0017,Rowan Gonzalez,"Indianapolis, IN → Orlando, FL",1983,4104.81,3199.72,905.09,22.05
L000834,2025-08-08,T0217,Rowan Rodriguez,"Savannah, GA → Baltimore, MD",1870,4057.9,3162.47,895.43,22.07
L000835,2025-03-08,T0197,Morgan Lopez,"Boston, MA → Salt Lake City, UT",1267,2179.24,1932.23,247.01,11.33
L000836,2025-09-02,T0305,Morgan Miller,"Boston, MA → San Diego, CA",1965,3556.65,3628.96,-72.31,-2.03
L000837,2025-01-03,T0323,Finley Thomas,"Atlanta, GA → Louisville, KY",321,757.56,552.26,205.3,27.1
L000838,2025-02-07,T0059,Morgan Jones,"Newark, NJ → Baltimore, MD",1817,3506.81,3338.07,168.74,4.81
L000839,2025-01-07,T0348,Jesse Lopez,"Seattle, WA → New York, NY",1088,2632.96,1897.0,735.96,27.95
L000840,2025-05-21,T0055,Cameron Brown,"Charlotte, NC → Philadelphia, PA",2248,5192.88,4026.24,1166.64,22.47
L000841,2025-05-16,T0011,Kai Brown,"Nashville, TN → San Jose, CA",1606,3629.56,2985.33,644.23,17.75
L000842,2025-08-15,T0176,Logan Brown,"Dallas, TX → Salt Lake City, UT",2150,5203.0,3727.86,1475.14,28.35
L000843,2025-07-19,T0061,Cameron Moore,"Kansas City, MO → Raleigh, NC",1439,3396.04,2820.54,575.5,16.95
L000844,2025-05-09,T0297,Avery Martinez,"Columbus, OH → New York, NY",1923,3576.78,3585.75,-8.97,-0.25
L000845,2025-04-05,T0388,Taylor Moore,"Seattle, WA → San Diego, CA",2302,3775.28,4472.09,-696.81,-18.46
L000846,2025-09-16,T0127,Cameron Williams,"Chicago, IL → Raleigh, NC",146,516.84,279.6,237.24,45.9
L000847,2025-07-13,T0218,Kai Johnson,"Chicago, IL → Pittsburgh, PA",1999,4337.83,4039.86,297.97,6.87
L000848,2025-09-08,T0117,Morgan Jones,"Seattle, WA → Milwaukee, WI",1150,2150.5,1948.72,201.78,9.38
L000849,2025-05-12,T0365,Riley Thomas,"Savannah, GA → Minneapolis, MN",451,1231.23,813.07,418.16,33.96
L000850,2025-05-09,T0183,Cameron Moore,"Boston, MA → Tampa, FL",2440,4806.8,4185.51,621.29,12.93
L000851,2025-09-14,T0212,Taylor Johnson,"Memphis, TN → New York, NY",784,2257.92,1415.01,842.91,37.33
L000852,2025-04-15,T0063,Hayden Gonzalez,"Savannah, GA → Salt Lake City, UT",783,1832.22,1453.06,379.16,20.69
L000853,2025-02-13,T0220,Drew Jones,"Denver, CO → Tampa, FL",751,2177.9,1401.45,776.45,35.65
L000854,2025-02-06,T0273,Riley Hernandez,"Charlotte, NC → Cincinnati, OH",626,1658.9,1039.44,619.46,37.34
L000855,2025-05-12,T0210,Logan Thomas,"Columbus, OH → San Jose, CA",1727,3108.6,2878.86,229.74,7.39
L000856,2025-01-10,T0173,Jesse Gonzalez,"Boston, MA → Tampa, FL",1188,2174.04,2153.32,20.72,0.95
L000857,2025-09-12,T0137,Jesse Martin,"Charlotte, NC → San Diego, CA",1312,2597.76,2337.58,260.18,10.02
L000858,2025-06-11,T0036,Casey Johnson,"Houston, TX → Raleigh, NC",469,1167.81,737.85,429.96,36.82
L000859,2025-08-22,T0312,Harper Lopez,"Memphis, TN → San Diego, CA",1423,2860.23,2720.75,139.48,4.88
L000860,2025-07-07,T0112,Cameron Brown,"Miami, FL → Birmingham, AL",2337,4767.48,4171.72,595.76,12.5
L000861,2025-07-21,T0236,Logan Wilson,"Seattle, WA → Orlando, FL",120,380.4,206.36,174.04,45.75
L000862,2025-08-08,T0229,Morgan Jackson,"San Antonio, TX → Buffalo, NY",2326,4303.1,4285.06,18.04,0.42
L000863,2025-08-11,T0353,Reese Gonzalez,"Savannah, GA → Jacksonville, FL",1250,3087.5,2256.09,831.41,26.93
L000864,2025-08-23,T0029,Hayden Martin,"Seattle, WA → Tampa, FL",1798,3110.54,2861.05,249.49,8.02
L000865,2025-06-06,T0315,Quinn Anderson,"Atlanta, GA → Baltimore, MD",1658,2984.4,2902.05,82.35,2.76
L000866,2025-01-10,T0184,Harper Rodriguez,"Denver, CO → Baltimore, MD",1498,3175.76,2724.63,451.13,14.21
L000867,2025-03-08,T0267,Kai Martinez,"San Antonio, TX → Milwaukee, WI",2400,5280.0,4369.55,910.45,17.24
L000868,2025-03-27,T0171,Kai Martin,"Kansas City, MO → Tampa, FL",1212,2460.36,2134.05,326.31,13.26
L000869,2025-08-06,T0368,Harper Miller,"Dallas, TX → Cincinnati, OH",539,1309.77,922.35,387.42,29.58
L000870,2025-07-30,T0228,Quinn Thomas,"Columbus, OH → New York, NY",637,1898.26,1099.01,799.25,42.1
L000871,2025-02-09,T0350,Drew Rodriguez,"Boston, MA → Birmingham, AL",1308,2145.12,2246.91,-101.79,-4.75
L000872,2025-04-21,T0270,Jesse Gonzalez,"Newark, NJ → Philadelphia, PA",1678,4127.88,2905.97,1221.91,29.6
L000873,2025-03-23,T0145,Alex Thomas,"San Antonio, TX → Boise, ID",619,1943.66,939.88,1003.78,51.64
L000874,2025-05-30,T0332,Harper Gonzalez,"Los Angeles, CA → Richmond, VA",246,755.22,374.54,380.68,50.41
L000875,2025-02-18,T0202,Morgan Jones,"Savannah, GA → Pittsburgh, PA",1038,2325.12,1761.43,563.69,24.24
L000876,2025-05-25,T0088,Cameron Davis,"Phoenix, AZ → Cincinnati, OH",445,1130.3,878.2,252.1,22.3
L000877,2025-08-22,T0299,Riley Miller,"Portland, OR → Jacksonville, FL",1336,2311.28,2344.77,-33.49,-1.45
L000878,2025-01-08,T0068,Emerson Brown,"Portland, OR → Buffalo, NY",240,936.0,442.15,493.85,52.76
L000879,2025-05-17,T0173,Jordan Taylor,"Seattle, WA → Minneapolis, MN",1581,3731.16,3105.01,626.15,16.78
L000880,2025-09-09,T0392,Riley Miller,"Charlotte, NC → Tampa, FL",2384,5101.76,4414.77,686.99,13.47
L000881,2025-02-23,T0030,Morgan Jones,"Memphis, TN → Richmond, VA",2220,3707.4,3925.77,-218.37,-5.89
L000882,2025-04-08,T0011,Morgan Jones,"Atlanta, GA → Louisville, KY",598,1333.54,1159.42,174.12,13.06
L000883,2025-09-17,T0351,Alex Rodriguez,"Indianapolis, IN → San Jose, CA",1354,2410.12,2374.9,35.22,1.46
L000884,2025-05-23,T0014,Taylor Rodriguez,"Phoenix, AZ → Pittsburgh, PA",246,920.04,429.48,490.56,53.32
L000885,2025-08-05,T0039,Jordan Moore,"San Antonio, TX → Jacksonville, FL",727,2122.84,1350.9,771.94,36.36
L000886,2025-03-18,T0145,Logan Hernandez,"Columbus, OH → Louisville, KY",2119,4301.57,3702.44,599.13,13.93
L000887,2025-03-22,T0399,Alex Johnson,"Denver, CO → Orlando, FL",394,977.12,668.48,308.64,31.59
L000888,2025-02-07,T0278,Jesse Williams,"Chicago, IL → San Diego, CA",1315,2406.45,2340.95,65.5,2.72
L000889,2025-05-07,T0102,Casey Lopez,"Newark, NJ → Salt Lake City, UT",936,2115.36,1520.69,594.67,28.11
L000890,2025-02-15,T0273,Drew Rodriguez,"San Antonio, TX → Boise, ID",636,1793.52,1160.72,632.8,35.28
L000891,2025-08-15,T0238,Jesse Martin,"Phoenix, AZ → Raleigh, NC",555,1387.5,970.72,416.78,30.04
L000892,2025-05-15,T0168,Quinn Garcia,"Kansas City, MO → Salt Lake City, UT",1013,2188.08,1886.73,301.35,13.77
L000893,2025-01-11,T0135,Morgan Miller,"Los Angeles, CA → San Jose, CA",2045,3824.15,3559.43,264.72,6.92
L000894,2025-05-02,T0387,Emerson Taylor,"Los Angeles, CA → Birmingham, AL",2127,4083.84,4021.2,62.64,1.53
L000895,2025-04-20,T0134,Cameron Williams,"Dallas, TX → Louisville, KY",1218,1948.8,2021.04,-72.24,-3.71
L000896,2025-01-03,T0195,Alex Jackson,"Houston, TX → Buffalo, NY",1062,1869.12,1958.69,-89.57,-4.79
L000897,2025-01-19,T0394,Hayden Taylor,"Atlanta, GA → Tampa, FL",1464,2503.44,2919.56,-416.12,-16.62
L000898,2025-03-09,T0238,Alex Johnson,"Phoenix, AZ → New York, NY",1289,2835.8,2549.8,286.0,10.09
L000899,2025-09-20,T0280,Jesse Martin,"Los Angeles, CA → San Diego, CA",1924,3232.32,3252.1,-19.78,-0.61
L000900,2025-06-25,T0398,Kai Martin,"Phoenix, AZ → Philadelphia, PA",293,911.23,615.36,295.87,32.47
L000901,2025-08-21,T0114,Morgan Miller,"Denver, CO → Philadelphia, PA",1806,2997.96,2926.46,71.5,2.39
L000902,2025-09-14,T0175,Drew Miller,"Columbus, OH → Pittsburgh, PA",1021,2093.05,2111.62,-18.57,-0.89
L000903,2025-07-01,T0305,Kai Thomas,"Denver, CO → Minneapolis, MN",1135,1974.9,2060.42,-85.52,-4.33
L000904,2025-04-02,T0276,Morgan Gonzalez,"San Antonio, TX → Cincinnati, OH",1366,3319.38,2291.25,1028.13,30.97
L000905,2025-05-08,T0329,Alex Johnson,"Charlotte, NC → Louisville, KY",1017,1861.11,1940.47,-79.36,-4.26
L000906,2025-05-08,T0236,Emerson Martinez,"Kansas City, MO → Tampa, FL",666,2077.92,964.56,1113.36,53.58
L000907,2025-06-06,T0067,Rowan Gonzalez,"Atlanta, GA → Cincinnati, OH",2392,4760.08,4570.59,189.49,3.98
L000908,2025-04-12,T0233,Harper Davis,"Boston, MA → Philadelphia, PA",1545,3800.7,2647.51,1153.19,30.34
L000909,2025-01-24,T0144,Casey Johnson,"Savannah, GA → Louisville, KY",1204,2576.56,2198.81,377.75,14.66
L000910,2025-04-08,T0263,Avery Anderson,"Los Angeles, CA → Philadelphia, PA",1891,3876.55,3633.34,243.21,6.27
L000911,2025-01-13,T0087,Cameron Williams,"Phoenix, AZ → Richmond, VA",1244,2848.76,2527.99,320.77,11.26
L000912,2025-03-06,T0060,Avery Anderson,"Dallas, TX → Birmingham, AL",1641,3610.2,2939.8,670.4,18.57
L000913,2025-08-18,T0329,Kai Martin,"San Antonio, TX → Jacksonville, FL",962,1885.52,1743.83,141.69,7.51
L000914,2025-06-07,T0253,Logan Wilson,"San Antonio, TX → Norfolk, VA",2020,4060.2,3805.93,254.27,6.26
L000915,2025-08-17,T0219,Morgan Jones,"Charlotte, NC → Cincinnati, OH",1630,3586.0,2972.85,613.15,17.1
L000916,2025-03-12,T0038,Morgan Miller,"Miami, FL → Baltimore, MD",1189,2532.57,2104.56,428.01,16.9
L000917,2025-04-09,T0007,Quinn Williams,"Newark, NJ → Minneapolis, MN",1847,3989.52,3148.0,841.52,21.09
L000918,2025-06-28,T0328,Reese Miller,"Newark, NJ → Jacksonville, FL",942,1742.7,1633.48,109.22,6.27
L000919,2025-04-19,T0309,Taylor Gonzalez,"Nashville, TN → New York, NY",130,395.2,360.51,34.69,8.78
L000920,2025-05-21,T0094,Micah Brown,"Portland, OR → Tampa, FL",1960,4645.2,3932.81,712.39,15.34
L000921,2025-07-24,T0390,Reese Moore,"Kansas City, MO → New York, NY",1755,3369.6,2752.39,617.21,18.32
L000922,2025-08-31,T0076,Morgan Jones,"Portland, OR → Orlando, FL",812,1599.64,1328.4,271.24,16.96
L000923,2025-07-07,T0399,Hayden Gonzalez,"Memphis, TN → Raleigh, NC",2248,5192.88,3841.26,1351.62,26.03
L000924,2025-06-05,T0132,Jesse Williams,"Boston, MA → Milwaukee, WI",504,1234.8,858.75,376.05,30.45
L000925,2025-05-14,T0015,Alex Rodriguez,"Savannah, GA → Pittsburgh, PA",593,1577.38,1003.18,574.2,36.4
L000926,2025-01-26,T0148,Morgan Jones,"Boston, MA → New York, NY",576,1428.48,1015.19,413.29,28.93
L000927,2025-04-01,T0235,Hayden Garcia,"Seattle, WA → Minneapolis, MN",2306,5257.68,4053.02,1204.66,22.91
L000928,2025-03-26,T0369,Quinn Taylor,"Columbus, OH → New York, NY",2046,4173.84,3686.64,487.2,11.67
L000929,2025-02-19,T0196,Harper Davis,"Dallas, TX → Philadelphia, PA",1074,2352.06,1834.45,517.61,22.01
L000930,2025-06-19,T0029,Riley Hernandez,"San Antonio, TX → Louisville, KY",767,1733.42,1376.79,356.63,20.57
L000931,2025-03-08,T0334,Casey Garcia,"Newark, NJ → Philadelphia, PA",1728,4216.32,3313.38,902.94,21.42
L000932,2025-05-06,T0388,Alex Thomas,"San Antonio, TX → San Jose, CA",237,841.35,386.77,454.58,54.03
L000933,2025-08-23,T0004,Taylor Rodriguez,"Memphis, TN → Raleigh, NC",782,2322.54,1269.68,1052.86,45.33
L000934,2025-06-19,T0136,Harper Davis,"Denver, CO → Buffalo, NY",151,546.62,291.41,255.21,46.69
L000935,2025-05-31,T0060,Morgan Anderson,"San Antonio, TX → Baltimore, MD",1115,2742.9,2193.84,549.06,20.02
L000936,2025-09-13,T0034,Cameron Brown,"Kansas City, MO → Raleigh, NC",1922,3594.14,3100.71,493.43,13.73
L000937,2025-07-26,T0290,Drew Miller,"Portland, OR → Milwaukee, WI",383,1217.94,670.51,547.43,44.95
L000938,2025-05-25,T0152,Logan Miller,"Boston, MA → Milwaukee, WI",2360,5097.6,4260.18,837.42,16.43
L000939,2025-01-24,T0083,Rowan Miller,"Memphis, TN → Baltimore, MD",448,1344.0,890.95,453.05,33.71
L000940,2025-04-30,T0143,Kai Brown,"Columbus, OH → Louisville, KY",2294,4679.76,4091.9,587.86,12.56
L000941,2025-09-15,T0074,Cameron Davis,"Houston, TX → Louisville, KY",284,1133.16,493.8,639.36,56.42
L000942,2025-02-08,T0257,Taylor Rodriguez,"Nashville, TN → Tampa, FL",1556,3345.4,2711.92,633.48,18.94
L000943,2025-06-14,T0337,Emerson Rodriguez,"Atlanta, GA → Philadelphia, PA",1278,2888.28,2053.89,834.39,28.89
L000944,2025-02-25,T0148,Avery Martinez,"Boston, MA → Minneapolis, MN",777,2385.39,1434.21,951.18,39.88
L000945,2025-02-02,T0266,Emerson Martinez,"Indianapolis, IN → San Diego, CA",1651,3549.65,2866.31,683.34,19.25
L000946,2025-03-26,T0214,Harper Smith,"Portland, OR → San Jose, CA",2463,4901.37,3983.18,918.19,18.73
L000947,2025-09-10,T0027,Emerson Martinez,"Atlanta, GA → Tampa, FL",2092,5230.0,3404.78,1825.22,34.9
L000948,2025-03-28,T0002,Emerson Taylor,"Nashville, TN → Birmingham, AL",367,1108.34,708.16,400.18,36.11
L000949,2025-03-20,T0203,Taylor Gonzalez,"Atlanta, GA → Richmond, VA",1076,2657.72,2100.61,557.11,20.96
L000950,2025-05-05,T0214,Morgan Jones,"Memphis, TN → Richmond, VA",1098,2426.58,2065.76,360.82,14.87
L000951,2025-08-12,T0254,Micah Jackson,"Columbus, OH → San Diego, CA",1232,2254.56,2257.05,-2.49,-0.11
L000952,2025-08-29,T0024,Cameron Williams,"Portland, OR → Orlando, FL",1320,3168.0,2040.22,1127.78,35.6
L000953,2025-08-08,T0138,Quinn Anderson,"Charlotte, NC → San Diego, CA",971,2243.01,1512.92,730.09,32.55
L000954,2025-09-11,T0286,Reese Moore,"Columbus, OH → New York, NY",516,1212.6,991.42,221.18,18.24
L000955,2025-04-24,T0100,Taylor Moore,"Atlanta, GA → Baltimore, MD",121,442.86,206.48,236.38,53.38
L000956,2025-09-01,T0055,Reese Moore,"Denver, CO → Buffalo, NY",369,929.88,634.29,295.59,31.79
L000957,2025-08-13,T0086,Jesse Williams,"Kansas City, MO → Pittsburgh, PA",1462,2660.84,2464.91,195.93,7.36
L000958,2025-04-08,T0140,Morgan Jones,"Indianapolis, IN → Norfolk, VA",1729,3492.58,3441.97,50.61,1.45
L000959,2025-07-20,T0002,Drew Williams,"Kansas City, MO → Cincinnati, OH",1400,2506.0,2491.68,14.32,0.57
L000960,2025-01-31,T0265,Taylor Wilson,"Phoenix, AZ → Raleigh, NC",1205,2518.45,2157.7,360.75,14.32
L000961,2025-08-05,T0384,Emerson Martin,"Nashville, TN → Milwaukee, WI",1966,3263.56,3629.01,-365.45,-11.2
L000962,2025-02-13,T0108,Micah Smith,"Denver, CO → Minneapolis, MN",834,1609.62,1376.46,233.16,14.49
L000963,2025-03-01,T0250,Alex Williams,"Los Angeles, CA → Raleigh, NC",1722,3323.46,2919.41,404.05,12.16
L000964,2025-06-23,T0077,Casey Rodriguez,"Columbus, OH → San Diego, CA",1529,3715.47,2475.34,1240.13,33.38
L000965,2025-08-01,T0032,Taylor Rodriguez,"Boston, MA → New York, NY",2265,4756.5,3842.45,914.05,19.22
L000966,2025-04-24,T0315,Alex Thomas,"Houston, TX → Salt Lake City, UT",456,1254.0,769.75,484.25,38.62
L000967,2025-08-11,T0276,Harper Martin,"Denver, CO → San Jose, CA",128,428.8,222.77,206.03,48.05
L000968,2025-04-30,T0210,Harper Gonzalez,"Phoenix, AZ → Pittsburgh, PA",423,1332.45,694.48,637.97,47.88
L000969,2025-04-13,T0332,Cameron Williams,"Memphis, TN → Milwaukee, WI",260,1003.6,505.77,497.83,49.6
L000970,2025-05-26,T0205,Quinn Thomas,"Phoenix, AZ → Salt Lake City, UT",880,1804.0,1690.79,113.21,6.28
L000971,2025-08-02,T0202,Micah Martinez,"Houston, TX → New York, NY",1769,3361.1,3166.61,194.49,5.79
L000972,2025-09-11,T0208,Jesse Brown,"Chicago, IL → Raleigh, NC",1813,3680.39,3033.62,646.77,17.57
L000973,2025-08-16,T0217,Alex Jones,"Boston, MA → San Jose, CA",1432,2792.4,2774.59,17.81,0.64
L000974,2025-09-09,T0248,Morgan Jackson,"Kansas City, MO → Salt Lake City, UT",1065,1874.4,1978.92,-104.52,-5.58
L000975,2025-05-21,T0364,Jordan Thomas,"Miami, FL → Boise, ID",1760,2851.2,3338.95,-487.75,-17.11
L000976,2025-05-10,T0326,Cameron Moore,"San Antonio, TX → Birmingham, AL",1211,2906.4,2201.92,704.48,24.24
L000977,2025-05-30,T0173,Casey Garcia,"Denver, CO → Salt Lake City, UT",1105,2453.1,2006.29,446.81,18.21
L000978,2025-09-05,T0056,Quinn Williams,"Boston, MA → San Jose, CA",1593,2931.12,3044.37,-113.25,-3.86
L000979,2025-08-21,T0019,Kai Thomas,"Newark, NJ → Salt Lake City, UT",1065,2577.3,2031.09,546.21,21.19
L000980,2025-07-11,T0249,Jordan Gonzalez,"Miami, FL → Orlando, FL",610,1476.2,1148.26,327.94,22.21
L000981,2025-04-19,T0155,Hayden Garcia,"Miami, FL → Orlando, FL",2108,3752.24,3842.16,-89.92,-2.4
L000982,2025-08-07,T0345,Alex Thomas,"Indianapolis, IN → Raleigh, NC",1182,2080.32,2470.31,-389.99,-18.75
L000983,2025-01-11,T0077,Emerson Jackson,"Savannah, GA → New York, NY",515,1143.3,970.39,172.91,15.12
L000984,2025-03-24,T0276,Morgan Anderson,"Memphis, TN → Jacksonville, FL",1812,3605.88,3019.2,586.68,16.27
L000985,2025-02-14,T0306,Cameron Williams,"Boston, MA → Louisville, KY",353,840.14,728.51,111.63,13.29
L000986,2025-04-07,T0337,Casey Garcia,"Portland, OR → Minneapolis, MN",760,2166.0,1262.24,903.76,41.72
L000987,2025-07-13,T0039,Rowan Gonzalez,"Atlanta, GA → Norfolk, VA",1891,3082.33,3575.21,-492.88,-15.99
L000988,2025-08-13,T0151,Drew Jackson,"San Antonio, TX → Salt Lake City, UT",932,1938.56,1639.84,298.72,15.41
L000989,2025-09-09,T0176,Harper Lopez,"Houston, TX → Baltimore, MD",2036,4601.36,3895.89,705.47,15.33
L000990,2025-06-24,T0274,Logan Lopez,"Charlotte, NC → Norfolk, VA",888,2077.92,1658.91,419.01,20.16
L000991,2025-05-25,T0230,Riley Hernandez,"Charlotte, NC → Salt Lake City, UT",857,1671.15,1353.28,317.87,19.02
L000992,2025-04-17,T0254,Finley Brown,"San Antonio, TX → Salt Lake City, UT",1231,2043.46,2288.38,-244.92,-11.99
L000993,2025-05-26,T0222,Cameron Smith,"Atlanta, GA → Tampa, FL",2462,4456.22,3819.69,636.53,14.28
L000994,2025-03-01,T0384,Jordan Moore,"Phoenix, AZ → San Diego, CA",480,1526.4,828.91,697.49,45.69
L000995,2025-08-30,T0149,Finley Jones,"Phoenix, AZ → Boise, ID",1406,3149.44,2407.18,742.26,23.57
L000996,2025-09-14,T0015,Kai Martin,"Charlotte, NC → Boise, ID",352,1017.28,568.79,448.49,44.09
L000997,2025-01-22,T0280,Jesse Williams,"Kansas City, MO → Richmond, VA",2325,3859.5,3954.99,-95.49,-2.47
L000998,2025-09-09,T0069,Hayden Taylor,"Charlotte, NC → Milwaukee, WI",376,894.88,711.59,183.29,20.48
L000999,2025-01-13,T0323,Taylor Moore,"Charlotte, NC → Baltimore, MD",2053,3325.86,3585.33,-259.47,-7.8
L001000,2025-05-11,T0233,Jesse Martinez,"Charlotte, NC → Richmond, VA",467,1466.38,819.24,647.14,44.13
L001001,2025-05-04,T0138,Cameron Williams,"Atlanta, GA → Salt Lake City, UT",1938,3507.78,3259.38,248.4,7.08
L001002,2025-03-17,T0091,Kai Wilson,"Miami, FL → San Jose, CA",1506,3192.72,3261.56,-68.84,-2.16
L001003,2025-09-17,T0380,Alex Rodriguez,"Charlotte, NC → Raleigh, NC",208,684.32,318.06,366.26,53.52
L001004,2025-02-04,T0264,Taylor Gonzalez,"Dallas, TX → Orlando, FL",769,2007.09,1349.68,657.41,32.75
L001005,2025-06-18,T0048,Kai Garcia,"Portland, OR → New York, NY",748,2311.32,1456.31,855.01,36.99
L001006,2025-06-27,T0057,Drew Miller,"Miami, FL → Norfolk, VA",2368,5233.28,3644.43,1588.85,30.36
L001007,2025-07-20,T0269,Cameron Brown,"Portland, OR → Cincinnati, OH",807,1662.42,1432.64,229.78,13.82
L001008,2025-09-06,T0372,Jesse Williams,"Los Angeles, CA → Norfolk, VA",372,1171.8,670.14,501.66,42.81
L001009,2025-06-08,T0290,Harper Lopez,"Boston, MA → Jacksonville, FL",733,1700.56,1325.22,375.34,22.07
L001010,2025-05-12,T0229,Rowan Thomas,"Portland, OR → Milwaukee, WI",1569,3279.21,2902.25,376.96,11.5
L001011,2025-04-03,T0392,Jordan Anderson,"Denver, CO → Milwaukee, WI",1625,3152.5,2957.89,194.61,6.17
L001012,2025-01-30,T0225,Quinn Taylor,"Atlanta, GA → Minneapolis, MN",455,1069.25,881.64,187.61,17.55
L001013,2025-07-20,T0288,Drew Garcia,"Chicago, IL → New York, NY",2386,5416.22,4355.51,1060.71,19.58
L001014,2025-04-18,T0090,Taylor Williams,"Kansas City, MO → Jacksonville, FL",1964,3201.32,3195.18,6.14,0.19
L001015,2025-09-14,T0142,Harper Hernandez,"Portland, OR → Louisville, KY",795,1931.85,1533.44,398.41,20.62
L001016,2025-09-19,T0122,Cameron Williams,"Savannah, GA → Louisville, KY",1392,3062.4,2505.76,556.64,18.18
L001017,2025-03-30,T0186,Cameron Brown,"Memphis, TN → Orlando, FL",1855,4359.25,3535.32,823.93,18.9
L001018,2025-04-23,T0031,Micah Jackson,"San Antonio, TX → Philadelphia, PA",1301,2484.91,2191.18,293.73,11.82
L001019,2025-07-08,T0308,Riley Moore,"Los Angeles, CA → Jacksonville, FL",756,2079.0,1331.6,747.4,35.95
L001020,2025-02-12,T0310,Drew Jackson,"Seattle, WA → Orlando, FL",2077,3489.36,3222.03,267.33,7.66
L001021,2025-07-28,T0129,Alex Johnson,"Seattle, WA → Milwaukee, WI",1609,4022.5,2891.11,1131.39,28.13
L001022,2025-08-13,T0215,Reese Miller,"Los Angeles, CA → Boise, ID",994,2415.42,1728.36,687.06,28.44
L001023,2025-05-01,T0307,Harper Smith,"Memphis, TN → Minneapolis, MN",635,1739.9,1245.0,494.9,28.44
L001024,2025-03-12,T0272,Reese Gonzalez,"Miami, FL → Jacksonville, FL",1747,3948.22,2924.23,1023.99,25.94
L001025,2025-07-30,T0167,Cameron Rodriguez,"Portland, OR → Milwaukee, WI",2261,4341.12,4125.57,215.55,4.97
L001026,2025-02-08,T0127,Reese Moore,"Savannah, GA → Boise, ID",854,1836.1,1591.76,244.34,13.31
L001027,2025-01-08,T0194,Logan Hernandez,"Los Angeles, CA → Buffalo, NY",412,927.0,746.78,180.22,19.44
L001028,2025-02-28,T0301,Casey Gonzalez,"San Antonio, TX → Norfolk, VA",1233,2268.72,2073.13,195.59,8.62
L001029,2025-07-19,T0370,Harper Miller,"Los Angeles, CA → New York, NY",331,906.94,544.76,362.18,39.93
L001030,2025-06-20,T0080,Reese Moore,"Portland, OR → San Diego, CA",465,1483.35,924.58,558.77,37.67
L001031,2025-07-25,T0220,Logan Wilson,"Los Angeles, CA → Raleigh, NC",1185,2346.3,2113.23,233.07,9.93
L001032,2025-08-30,T0064,Hayden Martin,"Newark, NJ → Richmond, VA",1669,3438.14,2733.95,704.19,20.48
L001033,2025-04-08,T0215,Avery Anderson,"San Antonio, TX → Minneapolis, MN",1455,3462.9,2255.33,1207.57,34.87
L001034,2025-03-09,T0264,Riley Miller,"Seattle, WA → San Diego, CA",321,844.23,535.48,308.75,36.57
L001035,2025-04-20,T0066,Kai Johnson,"Atlanta, GA → Pittsburgh, PA",484,1142.24,853.4,288.84,25.29
L001036,2025-02-25,T0272,Harper Gonzalez,"Savannah, GA → Salt Lake City, UT",724,2019.96,1397.93,622.03,30.79
L001037,2025-07-26,T0029,Reese Williams,"Atlanta, GA → Jacksonville, FL",1603,3446.45,3285.87,160.58,4.66
L001038,2025-07-23,T0224,Harper Taylor,"Miami, FL → Louisville, KY",389,1085.31,690.82,394.49,36.35
L001039,2025-01-12,T0125,Alex Brown,"Atlanta, GA → Tampa, FL",1751,3939.75,2968.18,971.57,24.66
L001040,2025-08-15,T0021,Alex Williams,"Newark, NJ → Cincinnati, OH",819,1629.81,1450.49,179.32,11.0
L001041,2025-03-20,T0136,Finley Miller,"Dallas, TX → Milwaukee, WI",657,1918.44,1230.5,687.94,35.86
L001042,2025-02-24,T0279,Hayden Martin,"Savannah, GA → Raleigh, NC",831,1537.35,1618.31,-80.96,-5.27
L001043,2025-02-22,T0146,Jordan Gonzalez,"Columbus, OH → Baltimore, MD",477,1321.29,805.03,516.26,39.07
L001044,2025-05-25,T0056,Taylor Moore,"Columbus, OH → Raleigh, NC",2364,5602.68,3486.09,2116.59,37.78
L001045,2025-04-11,T0005,Harper Wilson,"Memphis, TN → Orlando, FL",915,1628.7,1657.59,-28.89,-1.77
L001046,2025-03-01,T0142,Micah Martinez,"Columbus, OH → Birmingham, AL",2041,3428.88,3677.94,-249.06,-7.26
L001047,2025-06-14,T0131,Harper Miller,"Kansas City, MO → Salt Lake City, UT",2428,4831.72,4303.24,528.48,10.94
L001048,2025-04-20,T0300,Jesse Lopez,"Columbus, OH → Buffalo, NY",1966,4659.42,3380.3,1279.12,27.45
L001049,2025-08-20,T0346,Morgan Miller,"Columbus, OH → Orlando, FL",1589,3098.55,2761.38,337.17,10.88
L001050,2025-06-13,T0059,Jesse Martinez,"Seattle, WA → Pittsburgh, PA",1759,3465.23,3580.29,-115.06,-3.32
L001051,2025-08-11,T0011,Rowan Jackson,"Newark, NJ → Orlando, FL",169,572.91,309.52,263.39,45.97
L001052,2025-08-21,T0349,Kai Johnson,"Boston, MA → Milwaukee, WI",1201,2990.49,2173.51,816.98,27.32
L001053,2025-01-04,T0299,Jordan Davis,"Boston, MA → Jacksonville, FL",537,1406.94,1071.39,335.55,23.85
L001054,2025-03-11,T0072,Reese Gonzalez,"Memphis, TN → Tampa, FL",645,1876.95,1273.69,603.26,32.14
L001055,2025-06-25,T0213,Reese Garcia,"Atlanta, GA → Minneapolis, MN",1351,2418.29,2519.27,-100.98,-4.18
L001056,2025-07-19,T0344,Morgan Gonzalez,"Atlanta, GA → San Diego, CA",297,1143.45,560.63,582.82,50.97
L001057,2025-03-02,T0115,Micah Wilson,"San Antonio, TX → New York, NY",1164,2316.36,2340.63,-24.27,-1.05
L001058,2025-05-20,T0359,Harper Gonzalez,"Newark, NJ → Tampa, FL",1954,4845.92,3353.55,1492.37,30.8
L001059,2025-07-19,T0018,Riley Thomas,"Memphis, TN → Salt Lake City, UT",1927,3680.57,3294.61,385.96,10.49
L001060,2025-05-24,T0042,Jesse Wilson,"Seattle, WA → Birmingham, AL",902,2200.88,1732.12,468.76,21.3
L001061,2025-01-07,T0088,Jordan Thomas,"Columbus, OH → Jacksonville, FL",2431,5494.06,4685.86,808.2,14.71
L001062,2025-06-28,T0044,Jordan Thomas,"Memphis, TN → Orlando, FL",195,739.05,330.85,408.2,55.23
L001063,2025-04-09,T0383,Rowan Jackson,"Los Angeles, CA → Orlando, FL",1280,2969.6,2038.3,931.3,31.36
L001064,2025-02-24,T0003,Emerson Martinez,"Nashville, TN → Norfolk, VA",998,2255.48,1744.69,510.79,22.65
L001065,2025-08-23,T0387,Cameron Davis,"Portland, OR → Milwaukee, WI",2088,4885.92,3466.62,1419.3,29.05
L001066,2025-07-16,T0088,Harper Gonzalez,"Phoenix, AZ → Raleigh, NC",459,1069.47,882.51,186.96,17.48
L001067,2025-05-03,T0245,Emerson Rodriguez,"Houston, TX → Richmond, VA",2171,4407.13,4111.14,295.99,6.72
L001068,2025-06-16,T0040,Logan Wilson,"Columbus, OH → Pittsburgh, PA",1713,3186.18,2632.09,554.09,17.39
L001069,2025-05-16,T0331,Jordan Thomas,"Dallas, TX → Norfolk, VA",381,891.54,687.76,203.78,22.86
L001070,2025-07-18,T0013,Emerson Martinez,"Seattle, WA → Pittsburgh, PA",1703,3201.64,2840.15,361.49,11.29
L001071,2025-02-13,T0092,Alex Williams,"Seattle, WA → Louisville, KY",390,1123.2,663.4,459.8,40.94
L001072,2025-06-29,T0108,Jesse Gonzalez,"San Antonio, TX → Buffalo, NY",852,2019.24,1382.39,636.85,31.54
L001073,2025-05-02,T0076,Drew Rodriguez,"Phoenix, AZ → Cincinnati, OH",741,1808.04,1220.09,587.95,32.52
L001074,2025-03-26,T0063,Avery Miller,"San Antonio, TX → Richmond, VA",2296,4224.64,4218.29,6.35,0.15
L001075,2025-03-05,T0061,Jesse Williams,"Columbus, OH → Birmingham, AL",768,2380.8,1249.7,1131.1,47.51
L001076,2025-09-05,T0144,Jesse Martin,"Atlanta, GA → Buffalo, NY",563,1632.7,982.73,649.97,39.81
L001077,2025-04-25,T0163,Quinn Garcia,"Miami, FL → Cincinnati, OH",569,1365.6,973.22,392.38,28.73
L001078,2025-05-26,T0123,Quinn Thomas,"Denver, CO → San Diego, CA",2423,5209.45,4272.3,937.15,17.99
L001079,2025-05-24,T0034,Jesse Lopez,"Kansas City, MO → Tampa, FL",1014,2423.46,1784.91,638.55,26.35
L001080,2025-03-01,T0205,Morgan Anderson,"Indianapolis, IN → San Diego, CA",695,1647.15,1244.0,403.15,24.48
L001081,2025-03-03,T0234,Drew Miller,"Memphis, TN → Richmond, VA",1795,3984.9,3536.69,448.21,11.25
L001082,2025-01-09,T0064,Jordan Gonzalez,"San Antonio, TX → Tampa, FL",583,1305.92,971.33,334.59,25.62
L001083,2025-06-20,T0210,Kai Johnson,"Newark, NJ → San Jose, CA",2034,4088.34,3446.51,641.83,15.7
L001084,2025-04-16,T0390,Jesse Gonzalez,"Dallas, TX → Boise, ID",622,1884.66,1123.96,760.7,40.36
L001085,2025-08-02,T0370,Avery Taylor,"Houston, TX → San Diego, CA",830,1552.1,1463.89,88.21,5.68
L001086,2025-08-02,T0238,Jordan Taylor,"Los Angeles, CA → Richmond, VA",2140,3852.0,3692.66,159.34,4.14
L001087,2025-08-20,T0314,Quinn Anderson,"Portland, OR → Louisville, KY",685,1726.2,1232.28,493.92,28.61
L001088,2025-03-15,T0382,Casey Rodriguez,"Charlotte, NC → San Jose, CA",871,1620.06,1450.24,169.82,10.48
L001089,2025-04-10,T0216,Harper Wilson,"Atlanta, GA → Cincinnati, OH",317,893.94,523.89,370.05,41.4
L001090,2025-08-03,T0359,Alex Martin,"Nashville, TN → Tampa, FL",299,1073.41,565.94,507.47,47.28
L001091,2025-08-19,T0011,Rowan Miller,"Memphis, TN → San Jose, CA",1418,2963.62,2409.99,553.63,18.68
L001092,2025-05-04,T0157,Taylor Gonzalez,"Houston, TX → San Jose, CA",324,813.24,588.5,224.74,27.64
L001093,2025-02-08,T0257,Harper Smith,"San Antonio, TX → Salt Lake City, UT",2008,3995.92,3824.77,171.15,4.28
L001094,2025-09-12,T0110,Logan Thomas,"Miami, FL → San Jose, CA",1878,4131.6,3249.18,882.42,21.36
L001095,2025-06-15,T0086,Kai Brown,"Miami, FL → San Jose, CA",1477,2939.23,2298.0,641.23,21.82
L001096,2025-08-03,T0239,Cameron Brown,"Memphis, TN → Richmond, VA",569,1365.6,891.77,473.83,34.7
L001097,2025-01-01,T0212,Morgan Taylor,"Boston, MA → Pittsburgh, PA",270,882.9,445.39,437.51,49.55
L001098,2025-07-30,T0059,Reese Taylor,"Atlanta, GA → New York, NY",1731,3254.28,2914.71,339.57,10.43
L001099,2025-05-16,T0364,Hayden Martin,"Portland, OR → Birmingham, AL",1226,2145.5,2073.28,72.22,3.37
L001100,2025-05-12,T0317,Kai Wilson,"Kansas City, MO → Boise, ID",1415,2858.3,2374.77,483.53,16.92
L001101,2025-02-05,T0332,Avery Taylor,"Phoenix, AZ → Salt Lake City, UT",199,790.03,311.02,479.01,60.63
L001102,2025-05-25,T0268,Finley Miller,"Seattle, WA → San Jose, CA",1041,2487.99,1893.11,594.88,23.91
L001103,2025-04-18,T0002,Jordan Thomas,"Charlotte, NC → New York, NY",825,2037.75,1381.68,656.07,32.2
L001104,2025-08-22,T0018,Jesse Martin,"Chicago, IL → Baltimore, MD",131,471.6,212.33,259.27,54.98
L001105,2025-08-11,T0133,Morgan Anderson,"Chicago, IL → Louisville, KY",1429,3015.19,2432.5,582.69,19.33
L001106,2025-08-28,T0329,Alex Johnson,"Memphis, TN → Milwaukee, WI",1696,3188.48,3057.41,131.07,4.11
L001107,2025-06-19,T0213,Cameron Moore,"San Antonio, TX → Jacksonville, FL",162,565.38,280.6,284.78,50.37
L001108,2025-05-27,T0305,Drew Garcia,"Indianapolis, IN → Cincinnati, OH",584,1810.4,1019.4,791.0,43.69
L001109,2025-03-28,T0287,Logan Thomas,"Portland, OR → New York, NY",1542,2960.64,2827.44,133.2,4.5
L001110,2025-06-28,T0273,Morgan Jones,"Miami, FL → Louisville, KY",2274,3752.1,3890.83,-138.73,-3.7
L001111,2025-05-17,T0396,Harper Miller,"Dallas, TX → Tampa, FL",2121,3584.49,3861.93,-277.44,-7.74
L001112,2025-02-05,T0286,Micah Wilson,"Phoenix, AZ → Jacksonville, FL",142,440.2,326.7,113.5,25.78
L001113,2025-07-02,T0198,Reese Williams,"Seattle, WA → Milwaukee, WI",2136,5062.32,3896.93,1165.39,23.02
L001114,2025-02-12,T0171,Alex Thomas,"Seattle, WA → Baltimore, MD",1577,3705.95,2683.64,1022.31,27.59
L001115,2025-03-25,T0302,Kai Brown,"Columbus, OH → Baltimore, MD",2105,3410.1,4023.13,-613.03,-17.98
L001116,2025-04-22,T0378,Kai Martin,"Denver, CO → Birmingham, AL",300,762.0,456.35,305.65,40.11
L001117,2025-02-02,T0288,Cameron Williams,"San Antonio, TX → New York, NY",347,770.34,660.09,110.25,14.31
L001118,2025-01-16,T0248,Finley Taylor,"Denver, CO → Norfolk, VA",1817,3052.56,2792.57,259.99,8.52
L001119,2025-07-23,T0279,Hayden Martin,"San Antonio, TX → Louisville, KY",355,862.65,742.63,120.02,13.91
L001120,2025-08-21,T0167,Logan Thomas,"Columbus, OH → Boise, ID",1970,3664.2,3307.17,357.03,9.74
L001121,2025-07-27,T0275,Kai Martinez,"Miami, FL → Richmond, VA",395,1094.15,807.17,286.98,26.23
L001122,2025-03-16,T0265,Casey Rodriguez,"Newark, NJ → New York, NY",135,448.2,240.05,208.15,46.44
L001123,2025-08-16,T0361,Taylor Wilson,"Nashville, TN → Pittsburgh, PA",284,911.64,507.4,404.24,44.34
L001124,2025-06-30,T0309,Alex Thomas,"Columbus, OH → Norfolk, VA",713,1668.42,1400.21,268.21,16.08
L001125,2025-01-18,T0251,Quinn Taylor,"Atlanta, GA → Raleigh, NC",1038,2553.48,1733.62,819.86,32.11
L001126,2025-07-24,T0061,Rowan Thomas,"Denver, CO → Salt Lake City, UT",387,917.19,821.77,95.42,10.4
L001127,2025-06-22,T0077,Harper Lopez,"Portland, OR → Louisville, KY",2427,5387.94,4409.42,978.52,18.16
L001128,2025-02-06,T0391,Kai Thomas,"Boston, MA → Raleigh, NC",881,1665.09,1788.64,-123.55,-7.42
L001129,2025-06-30,T0060,Finley Taylor,"Columbus, OH → Buffalo, NY",2114,3826.34,4051.57,-225.23,-5.89
L001130,2025-05-24,T0307,Drew Rodriguez,"Kansas City, MO → New York, NY",1678,2802.26,3307.31,-505.05,-18.02
L001131,2025-05-01,T0183,Cameron Brown,"Chicago, IL → Tampa, FL",1883,3012.8,2908.83,103.97,3.45
L001132,2025-09-07,T0251,Drew Jackson,"Kansas City, MO → Cincinnati, OH",1764,3298.68,3272.5,26.18,0.79
L001133,2025-05-18,T0387,Morgan Gonzalez,"Dallas, TX → Norfolk, VA",1828,3016.2,3215.67,-199.47,-6.61
L001134,2025-09-20,T0346,Hayden Martin,"Portland, OR → Raleigh, NC",565,1740.2,890.91,849.29,48.8
L001135,2025-06-25,T0242,Reese Gonzalez,"Newark, NJ → Pittsburgh, PA",2224,5092.96,3824.13,1268.83,24.91
L001136,2025-09-13,T0206,Rowan Garcia,"Savannah, GA → Baltimore, MD",892,2060.52,1730.99,329.53,15.99
L001137,2025-08-27,T0002,Cameron Smith,"Newark, NJ → Pittsburgh, PA",1994,3230.28,3582.83,-352.55,-10.91
L001138,2025-02-01,T0094,Casey Rodriguez,"Atlanta, GA → San Jose, CA",576,1589.76,955.55,634.21,39.89
L001139,2025-02-07,T0257,Jordan Moore,"Kansas City, MO → New York, NY",200,670.0,361.96,308.04,45.98
L001140,2025-09-10,T0001,Morgan Jones,"Miami, FL → Cincinnati, OH",1824,3447.36,3396.95,50.41,1.46
L001141,2025-08-27,T0174,Jordan Moore,"Nashville, TN → Richmond, VA",147,574.77,273.99,300.78,52.33
L001142,2025-01-19,T0227,Finley Moore,"Savannah, GA → Boise, ID",1523,3030.77,3037.08,-6.31,-0.21
L001143,2025-01-24,T0210,Hayden Taylor,"Memphis, TN → Milwaukee, WI",1939,4013.73,3123.87,889.86,22.17
L001144,2025-06-26,T0063,Morgan Taylor,"Atlanta, GA → Salt Lake City, UT",276,971.52,414.94,556.58,57.29
L001145,2025-08-16,T0219,Harper Taylor,"Denver, CO → Buffalo, NY",177,612.42,289.26,323.16,52.77
L001146,2025-02-22,T0090,Alex Rodriguez,"Charlotte, NC → Milwaukee, WI",579,1673.31,994.18,679.13,40.59
L001147,2025-04-24,T0137,Hayden Garcia,"Savannah, GA → Tampa, FL",752,2361.28,1420.53,940.75,39.84
L001148,2025-03-30,T0109,Harper Davis,"Portland, OR → Orlando, FL",1820,4022.2,3189.54,832.66,20.7
L001149,2025-09-06,T0105,Taylor Wilson,"Columbus, OH → Boise, ID",725,2095.25,1196.95,898.3,42.87
L001150,2025-08-18,T0131,Harper Hernandez,"Seattle, WA → Tampa, FL",1142,2752.22,2022.63,729.59,26.51
L001151,2025-04-24,T0155,Rowan Miller,"Miami, FL → Raleigh, NC",1682,3834.96,3145.91,689.05,17.97
L001152,2025-02-18,T0013,Harper Rodriguez,"Miami, FL → Salt Lake City, UT",2438,4680.96,3921.27,759.69,16.23
L001153,2025-08-30,T0243,Logan Lopez,"Boston, MA → Norfolk, VA",1879,3739.21,3788.96,-49.75,-1.33
L001154,2025-02-22,T0245,Logan Miller,"Houston, TX → Birmingham, AL",539,1579.27,1050.7,528.57,33.47
L001155,2025-05-26,T0201,Micah Martinez,"Memphis, TN → Baltimore, MD",374,1028.5,722.85,305.65,29.72
L001156,2025-04-19,T0370,Logan Miller,"Savannah, GA → New York, NY",1323,2513.7,2258.21,255.49,10.16
L001157,2025-04-26,T0243,Hayden Anderson,"Columbus, OH → Buffalo, NY",1619,2800.87,2633.18,167.69,5.99
L001158,2025-05-18,T0383,Logan Lopez,"Nashville, TN → Baltimore, MD",406,1067.78,860.23,207.55,19.44
L001159,2025-08-14,T0283,Morgan Lopez,"Nashville, TN → Tampa, FL",1571,3629.01,2995.72,633.29,17.45
L001160,2025-04-12,T0313,Kai Johnson,"Phoenix, AZ → Boise, ID",611,1820.78,1127.47,693.31,38.08
L001161,2025-08-29,T0200,Alex Smith,"Newark, NJ → Boise, ID",1892,4257.0,3667.0,590.0,13.86
L001162,2025-07-30,T0202,Rowan Brown,"Atlanta, GA → Tampa, FL",1204,2215.36,1789.4,425.96,19.23
L001163,2025-07-20,T0070,Jordan Miller,"Savannah, GA → San Jose, CA",1821,2931.81,3135.7,-203.89,-6.95
L001164,2025-02-04,T0369,Rowan Jackson,"Denver, CO → Minneapolis, MN",2068,3515.6,3479.16,36.44,1.04
L001165,2025-08-08,T0181,Reese Taylor,"Nashville, TN → Jacksonville, FL",1989,3898.44,3679.05,219.39,5.63
L001166,2025-05-22,T0058,Avery Jones,"Denver, CO → Pittsburgh, PA",425,1173.0,769.11,403.89,34.43
L001167,2025-03-20,T0052,Harper Smith,"Boston, MA → Philadelphia, PA",2398,4292.42,4517.09,-224.67,-5.23
L001168,2025-02-10,T0367,Logan Wilson,"Memphis, TN → Philadelphia, PA",2297,5466.86,4111.37,1355.49,24.79
L001169,2025-05-22,T0060,Jesse Martin,"Nashville, TN → New York, NY",737,1982.53,1229.67,752.86,37.97
L001170,2025-04-11,T0150,Taylor Rodriguez,"Phoenix, AZ → Norfolk, VA",932,1873.32,1564.66,308.66,16.48
L001171,2025-03-02,T0173,Casey Garcia,"Denver, CO → Norfolk, VA",443,1036.62,787.49,249.13,24.03
L001172,2025-01-02,T0246,Kai Martin,"Indianapolis, IN → Salt Lake City, UT",1988,4512.76,3121.91,1390.85,30.82
L001173,2025-05-18,T0295,Cameron Williams,"Miami, FL → New York, NY",1590,3164.1,2950.42,213.68,6.75
L001174,2025-05-29,T0164,Jordan Gonzalez,"San Antonio, TX → San Jose, CA",1511,3445.08,2804.58,640.5,18.59
L001175,2025-05-27,T0077,Reese Moore,"Boston, MA → Jacksonville, FL",543,1580.13,1028.94,551.19,34.88
L001176,2025-08-19,T0240,Logan Lopez,"Miami, FL → Raleigh, NC",1801,3439.91,3382.34,57.57,1.67
L001177,2025-09-13,T0332,Micah Martinez,"Kansas City, MO → Norfolk, VA",1286,2211.92,2297.28,-85.36,-3.86
L001178,2025-05-30,T0241,Casey Gonzalez,"Houston, TX → Pittsburgh, PA",2120,4579.2,3754.09,825.11,18.02
L001179,2025-08-18,T0081,Harper Lopez,"Boston, MA → Jacksonville, FL",647,1902.18,1312.84,589.34,30.98
L001180,2025-07-04,T0285,Cameron Moore,"San Antonio, TX → Salt Lake City, UT",773,1862.93,1234.23,628.7,33.75
L001181,2025-02-03,T0250,Kai Garcia,"Denver, CO → Tampa, FL",1889,4306.92,3324.32,982.6,22.81
L001182,2025-02-13,T0087,Harper Wilson,"Boston, MA → San Diego, CA",1063,2072.85,1787.78,285.07,13.75
L001183,2025-02-01,T0315,Jordan Thomas,"San Antonio, TX → Minneapolis, MN",1369,3312.98,2350.15,962.83,29.06
L001184,2025-07-08,T0066,Jordan Miller,"Charlotte, NC → Milwaukee, WI",477,1078.02,866.82,211.2,19.59
L001185,2025-05-12,T0008,Hayden Anderson,"Columbus, OH → Tampa, FL",2272,4748.48,3390.06,1358.42,28.61
L001186,2025-01-14,T0352,Rowan Jackson,"Houston, TX → San Diego, CA",2274,4366.08,4003.4,362.68,8.31
L001187,2025-03-23,T0136,Taylor Smith,"Columbus, OH → Baltimore, MD",1235,2136.55,2405.33,-268.78,-12.58
L001188,2025-02-01,T0161,Emerson Brown,"Savannah, GA → Baltimore, MD",1385,2991.6,2455.03,536.57,17.94
L001189,2025-04-23,T0152,Rowan Jackson,"Savannah, GA → Orlando, FL",1930,4226.7,3562.49,664.21,15.71
L001190,2025-09-11,T0117,Jesse Williams,"Charlotte, NC → Milwaukee, WI",708,2081.52,1286.42,795.1,38.2
L001191,2025-02-13,T0264,Cameron Gonzalez,"Newark, NJ → Salt Lake City, UT",1649,3627.8,2809.82,817.98,22.55
L001192,2025-02-04,T0071,Harper Martin,"Indianapolis, IN → San Jose, CA",1361,2790.05,2381.78,408.27,14.63
L001193,2025-04-05,T0335,Kai Martin,"Dallas, TX → Milwaukee, WI",1100,1958.0,1717.09,240.91,12.3
L001194,2025-04-15,T0279,Jesse Wilson,"Phoenix, AZ → Tampa, FL",1292,3100.8,2234.56,866.24,27.94
L001195,2025-04-24,T0019,Jordan Taylor,"Kansas City, MO → Orlando, FL",2465,5595.55,4300.33,1295.22,23.15
L001196,2025-08-05,T0343,Finley Jackson,"Newark, NJ → Richmond, VA",1863,3651.48,2817.41,834.07,22.84
L001197,2025-09-09,T0101,Taylor Rodriguez,"Boston, MA → Buffalo, NY",2257,3656.34,4100.94,-444.6,-12.16
L001198,2025-01-28,T0070,Finley Jackson,"Newark, NJ → Norfolk, VA",1551,3070.98,2533.2,537.78,17.51
L001199,2025-07-31,T0223,Kai Brown,"Newark, NJ → Norfolk, VA",342,762.66,665.37,97.29,12.76
L001200,2025-01-11,T0296,Morgan Miller,"Portland, OR → San Diego, CA",1017,1769.58,1928.85,-159.27,-9.0
L001201,2025-06-13,T0244,Hayden Martin,"Chicago, IL → San Diego, CA",1523,3441.98,2883.9,558.08,16.21
L001202,2025-08-09,T0397,Alex Rodriguez,"Houston, TX → San Diego, CA",2038,4279.8,4075.58,204.22,4.77
L001203,2025-03-31,T0108,Rowan Jackson,"Boston, MA → Salt Lake City, UT",168,509.04,291.99,217.05,42.64
L001204,2025-04-02,T0101,Finley Davis,"Memphis, TN → Louisville, KY",1760,3625.6,2990.04,635.56,17.53
L001205,2025-09-09,T0305,Drew Miller,"Newark, NJ → New York, NY",1872,4623.84,3423.68,1200.16,25.96
L001206,2025-05-26,T0330,Reese Taylor,"Phoenix, AZ → Minneapolis, MN",972,2216.16,1736.75,479.41,21.63
L001207,2025-07-18,T0201,Jordan Davis,"Chicago, IL → San Diego, CA",1562,3483.26,2799.53,683.73,19.63
L001208,2025-09-13,T0286,Jesse Martinez,"Phoenix, AZ → Raleigh, NC",2252,5202.12,3931.0,1271.12,24.43
L001209,2025-01-17,T0135,Jordan Gonzalez,"Denver, CO → Louisville, KY",945,1606.5,1626.03,-19.53,-1.22
L001210,2025-03-06,T0293,Quinn Anderson,"Indianapolis, IN → Baltimore, MD",1124,2506.52,1985.51,521.01,20.79
L001211,2025-07-24,T0280,Morgan Gonzalez,"Indianapolis, IN → San Diego, CA",2227,4609.89,3858.88,751.01,16.29
L001212,2025-05-11,T0043,Morgan Jones,"Denver, CO → Pittsburgh, PA",1336,2685.36,2066.08,619.28,23.06
L001213,2025-07-29,T0266,Kai Johnson,"Boston, MA → Salt Lake City, UT",818,1316.98,1622.28,-305.3,-23.18
L001214,2025-07-21,T0050,Drew Rodriguez,"Indianapolis, IN → Tampa, FL",413,1115.1,722.69,392.41,35.19
L001215,2025-03-27,T0193,Drew Rodriguez,"Charlotte, NC → Raleigh, NC",631,1962.41,1014.51,947.9,48.3
L001216,2025-01-18,T0108,Micah Brown,"Houston, TX → Jacksonville, FL",550,1584.0,933.27,650.73,41.08
L001217,2025-09-20,T0214,Logan Lopez,"Boston, MA → Salt Lake City, UT",1004,2088.32,1827.55,260.77,12.49
L001218,2025-05-24,T0340,Alex Jones,"Charlotte, NC → Orlando, FL",995,1601.95,1638.52,-36.57,-2.28
L001219,2025-05-30,T0113,Harper Davis,"Indianapolis, IN → Boise, ID",709,1935.57,1162.81,772.76,39.92
L001220,2025-08-25,T0068,Hayden Garcia,"San Antonio, TX → Salt Lake City, UT",1631,2609.6,2881.71,-272.11,-10.43
L001221,2025-02-21,T0315,Micah Smith,"Savannah, GA → Buffalo, NY",2053,4229.18,3340.53,888.65,21.01
L001222,2025-06-12,T0265,Hayden Gonzalez,"Phoenix, AZ → Salt Lake City, UT",1533,2498.79,2646.92,-148.13,-5.93
L001223,2025-06-17,T0048,Micah Jackson,"Chicago, IL → Pittsburgh, PA",1272,2811.12,2533.55,277.57,9.87
L001224,2025-03-30,T0240,Finley Brown,"Columbus, OH → Baltimore, MD",1596,2601.48,3089.57,-488.09,-18.76
L001225,2025-04-21,T0237,Avery Miller,"Portland, OR → Baltimore, MD",139,482.33,226.37,255.96,53.07
L001226,2025-03-23,T0342,Alex Jones,"Newark, NJ → Minneapolis, MN",1549,2509.38,2782.78,-273.4,-10.9
L001227,2025-08-14,T0362,Alex Rodriguez,"Miami, FL → Norfolk, VA",226,901.74,456.24,445.5,49.4
L001228,2025-01-14,T0365,Reese Williams,"Indianapolis, IN → Louisville, KY",2135,3821.65,3821.81,-0.16,-0.0
L001229,2025-09-12,T0079,Casey Johnson,"Atlanta, GA → Baltimore, MD",509,1221.6,889.11,332.49,27.22
L001230,2025-03-06,T0372,Logan Lopez,"Chicago, IL → Tampa, FL",684,1504.8,1147.59,357.21,23.74
L001231,2025-02-22,T0276,Micah Jackson,"Nashville, TN → Birmingham, AL",779,1994.24,1532.73,461.51,23.14
L001232,2025-05-20,T0234,Logan Lopez,"Atlanta, GA → San Diego, CA",440,1095.6,705.0,390.6,35.65
L001233,2025-05-01,T0258,Cameron Rodriguez,"Dallas, TX → Salt Lake City, UT",1449,2724.12,2559.57,164.55,6.04
L001234,2025-01-25,T0171,Quinn Martinez,"Miami, FL → Raleigh, NC",1907,3604.23,3593.53,10.7,0.3
L001235,2025-08-14,T0019,Avery Miller,"Chicago, IL → Richmond, VA",2419,4354.2,4007.06,347.14,7.97
L001236,2025-01-09,T0346,Morgan Miller,"Newark, NJ → Baltimore, MD",2085,5108.25,3506.59,1601.66,31.35
L001237,2025-04-13,T0178,Logan Miller,"Dallas, TX → Cincinnati, OH",2414,4103.8,4286.84,-183.04,-4.46
L001238,2025-02-25,T0024,Quinn Taylor,"Seattle, WA → Richmond, VA",2137,4252.63,3636.32,616.31,14.49
L001239,2025-08-31,T0086,Taylor Smith,"Savannah, GA → Louisville, KY",1716,3740.88,3048.61,692.27,18.51
L001240,2025-01-18,T0164,Taylor Gonzalez,"Indianapolis, IN → San Diego, CA",501,1242.48,782.18,460.3,37.05
L001241,2025-05-19,T0377,Taylor Johnson,"San Antonio, TX → Raleigh, NC",345,986.7,652.97,333.73,33.82
L001242,2025-03-13,T0027,Kai Brown,"Dallas, TX → Milwaukee, WI",2244,4173.84,3436.83,737.01,17.66
L001243,2025-07-03,T0232,Micah Brown,"Indianapolis, IN → Birmingham, AL",1676,3050.32,2877.21,173.11,5.68
L001244,2025-01-17,T0332,Hayden Hernandez,"Denver, CO → Philadelphia, PA",2133,5140.53,3767.66,1372.87,26.71
L001245,2025-05-27,T0302,Finley Brown,"Newark, NJ → New York, NY",177,651.36,313.65,337.71,51.85
L001246,2025-03-02,T0255,Riley Hernandez,"Columbus, OH → Jacksonville, FL",303,793.86,511.51,282.35,35.57
L001247,2025-06-02,T0253,Finley Jones,"Seattle, WA → Birmingham, AL",424,1187.2,812.68,374.52,31.55
L001248,2025-03-31,T0291,Emerson Taylor,"Phoenix, AZ → New York, NY",1625,3250.0,3077.62,172.38,5.3
L001249,2025-03-16,T0387,Reese Miller,"Miami, FL → Milwaukee, WI",1001,2272.27,1827.78,444.49,19.56
L001250,2025-01-23,T0154,Harper Davis,"Kansas City, MO → Orlando, FL",167,552.77,314.25,238.52,43.15
L001251,2025-05-16,T0180,Kai Hernandez,"Charlotte, NC → San Diego, CA",1691,3956.94,3167.59,789.35,19.95
L001252,2025-06-04,T0383,Harper Wilson,"Portland, OR → Philadelphia, PA",2157,3753.18,4181.44,-428.26,-11.41
L001253,2025-08-06,T0174,Reese Moore,"Seattle, WA → New York, NY",1053,2442.96,1772.84,670.12,27.43
L001254,2025-07-10,T0337,Hayden Gonzalez,"Nashville, TN → Minneapolis, MN",1782,3492.72,3403.04,89.68,2.57
L001255,2025-04-15,T0094,Jordan Lopez,"Savannah, GA → Philadelphia, PA",700,1827.0,1438.58,388.42,21.26
L001256,2025-04-29,T0306,Casey Garcia,"Portland, OR → Milwaukee, WI",1647,3442.23,2978.2,464.03,13.48
L001257,2025-09-19,T0300,Jesse Brown,"Seattle, WA → Baltimore, MD",1100,1782.0,1892.18,-110.18,-6.18
L001258,2025-08-18,T0172,Logan Wilson,"San Antonio, TX → Norfolk, VA",810,1336.5,1433.45,-96.95,-7.25
L001259,2025-01-23,T0334,Taylor Smith,"Memphis, TN → Buffalo, NY",1087,2347.92,1734.55,613.37,26.12
L001260,2025-05-03,T0008,Harper Davis,"Boston, MA → Raleigh, NC",2348,5517.8,4317.03,1200.77,21.76
L001261,2025-09-10,T0057,Drew Brown,"Dallas, TX → Baltimore, MD",2288,4850.56,4177.08,673.48,13.88
L001262,2025-01-02,T0146,Quinn Garcia,"Boston, MA → Salt Lake City, UT",448,1003.52,795.51,208.01,20.73
L001263,2025-04-27,T0010,Micah Jackson,"Indianapolis, IN → Louisville, KY",724,1621.76,1274.26,347.5,21.43
L001264,2025-04-29,T0196,Reese Thomas,"Atlanta, GA → Norfolk, VA",2045,4703.5,3489.67,1213.83,25.81
L001265,2025-09-04,T0214,Morgan Jackson,"Portland, OR → New York, NY",850,1691.5,1386.01,305.49,18.06
L001266,2025-03-30,T0179,Jesse Taylor,"Chicago, IL → San Diego, CA",1483,3262.6,2780.64,481.96,14.77
L001267,2025-04-01,T0150,Logan Hernandez,"Savannah, GA → Tampa, FL",2267,5168.76,4141.15,1027.61,19.88
L001268,2025-02-01,T0205,Logan Lopez,"Boston, MA → Minneapolis, MN",2038,4483.6,3381.04,1102.56,24.59
L001269,2025-02-03,T0302,Morgan Miller,"Nashville, TN → San Diego, CA",1822,3024.52,3308.38,-283.86,-9.39
L001270,2025-08-12,T0304,Logan Lopez,"Denver, CO → Richmond, VA",2120,3498.0,3862.82,-364.82,-10.43
L001271,2025-02-13,T0323,Micah Smith,"San Antonio, TX → Birmingham, AL",2465,5620.2,5084.68,535.52,9.53
L001272,2025-03-22,T0262,Morgan Anderson,"Seattle, WA → Salt Lake City, UT",742,2196.32,1190.68,1005.64,45.79
L001273,2025-07-24,T0132,Emerson Jackson,"Columbus, OH → San Diego, CA",1250,2075.0,2356.06,-281.06,-13.54
L001274,2025-02-28,T0056,Riley Moore,"Kansas City, MO → Raleigh, NC",1530,3687.3,2600.83,1086.47,29.47
L001275,2025-08-03,T0390,Drew Miller,"Denver, CO → Louisville, KY",1817,3325.11,2919.87,405.24,12.19
L001276,2025-03-16,T0130,Alex Williams,"Kansas City, MO → Raleigh, NC",1861,4596.67,3513.89,1082.78,23.56
L001277,2025-07-23,T0209,Casey Lopez,"Dallas, TX → Birmingham, AL",1470,2763.6,2400.93,362.67,13.12
L001278,2025-06-01,T0285,Emerson Jackson,"Los Angeles, CA → Cincinnati, OH",994,2365.72,1652.64,713.08,30.14
L001279,2025-01-24,T0132,Jesse Gonzalez,"Miami, FL → Raleigh, NC",1697,3818.25,2755.31,1062.94,27.84
L001280,2025-08-10,T0361,Alex Thomas,"Miami, FL → Milwaukee, WI",1564,2893.4,2789.75,103.65,3.58
L001281,2025-01-11,T0287,Finley Martin,"Houston, TX → Salt Lake City, UT",1936,3310.56,3233.97,76.59,2.31
L001282,2025-05-03,T0275,Drew Garcia,"Houston, TX → Tampa, FL",1086,2476.08,2042.63,433.45,17.51
L001283,2025-08-06,T0154,Harper Rodriguez,"Houston, TX → Orlando, FL",644,1597.12,1213.02,384.1,24.05
L001284,2025-09-14,T0036,Quinn Thomas,"Miami, FL → Pittsburgh, PA",1331,2515.59,2232.96,282.63,11.24
L001285,2025-07-02,T0065,Finley Jackson,"San Antonio, TX → Baltimore, MD",1230,2238.6,2420.7,-182.1,-8.13
L001286,2025-04-18,T0317,Jordan Thomas,"Los Angeles, CA → Orlando, FL",2085,4065.75,3276.23,789.52,19.42
L001287,2025-08-19,T0315,Hayden Moore,"Los Angeles, CA → Philadelphia, PA",1949,3703.1,3838.66,-135.56,-3.66
L001288,2025-07-17,T0037,Drew Rodriguez,"Chicago, IL → San Jose, CA",258,1011.36,442.93,568.43,56.2
L001289,2025-01-03,T0306,Jordan Anderson,"Miami, FL → Cincinnati, OH",768,1943.04,1344.09,598.95,30.83
L001290,2025-07-24,T0154,Cameron Williams,"Savannah, GA → Philadelphia, PA",1294,2406.84,2129.81,277.03,11.51
L001291,2025-08-30,T0137,Reese Miller,"Denver, CO → Milwaukee, WI",1771,3896.2,3153.64,742.56,19.06
L001292,2025-09-07,T0301,Jordan Gonzalez,"Portland, OR → Philadelphia, PA",1030,1987.9,1658.54,329.36,16.57
L001293,2025-06-18,T0327,Quinn Williams,"Phoenix, AZ → Boise, ID",1793,4285.27,3210.35,1074.92,25.08
L001294,2025-06-23,T0083,Jordan Lopez,"Savannah, GA → Raleigh, NC",796,1950.2,1593.52,356.68,18.29
L001295,2025-03-09,T0394,Finley Lopez,"Indianapolis, IN → Buffalo, NY",1302,2577.96,2298.97,278.99,10.82
L001296,2025-06-05,T0393,Finley Gonzalez,"Memphis, TN → Philadelphia, PA",231,905.52,391.63,513.89,56.75
L001297,2025-02-12,T0231,Jordan Taylor,"Miami, FL → Baltimore, MD",2213,4802.21,4024.91,777.3,16.19
L001298,2025-02-16,T0001,Quinn Anderson,"Seattle, WA → Orlando, FL",1480,2501.2,2481.61,19.59,0.78
L001299,2025-04-04,T0072,Morgan Anderson,"Indianapolis, IN → San Jose, CA",438,1331.52,873.44,458.08,34.4
L001300,2025-04-15,T0283,Jordan Taylor,"Miami, FL → Minneapolis, MN",2435,5844.0,4055.58,1788.42,30.6
L001301,2025-02-28,T0266,Finley Moore,"Savannah, GA → Philadelphia, PA",653,1612.91,1040.55,572.36,35.49
L001302,2025-01-18,T0166,Logan Wilson,"Seattle, WA → San Jose, CA",2129,5088.31,3441.59,1646.72,32.36
L001303,2025-08-04,T0148,Finley Lopez,"Denver, CO → Louisville, KY",2497,5068.91,4495.45,573.46,11.31
L001304,2025-01-21,T0349,Quinn Anderson,"Columbus, OH → Baltimore, MD",671,1979.45,1229.24,750.21,37.9
L001305,2025-03-29,T0234,Logan Miller,"Portland, OR → Richmond, VA",2001,4922.46,3831.05,1091.41,22.17
L001306,2025-05-31,T0106,Finley Miller,"Boston, MA → Norfolk, VA",1811,3241.69,3148.72,92.97,2.87
L001307,2025-05-19,T0116,Emerson Brown,"Atlanta, GA → San Diego, CA",574,1417.78,966.08,451.7,31.86
L001308,2025-05-31,T0086,Riley Miller,"Portland, OR → Baltimore, MD",2137,3825.23,4069.27,-244.04,-6.38
L001309,2025-01-08,T0328,Jesse Martin,"Kansas City, MO → Philadelphia, PA",2170,3840.9,4151.55,-310.65,-8.09
L001310,2025-03-28,T0269,Avery Taylor,"Houston, TX → Orlando, FL",374,893.86,614.68,279.18,31.23
L001311,2025-03-18,T0214,Hayden Anderson,"Denver, CO → Tampa, FL",1797,3090.84,3287.26,-196.42,-6.35
L001312,2025-06-07,T0177,Avery Miller,"Nashville, TN → Pittsburgh, PA",1633,3494.62,2748.51,746.11,21.35
L001313,2025-05-30,T0062,Logan Miller,"Miami, FL → Pittsburgh, PA",1335,2216.1,2206.6,9.5,0.43
L001314,2025-06-17,T0223,Avery Jones,"Indianapolis, IN → Minneapolis, MN",1698,3022.44,2830.41,192.03,6.35
L001315,2025-09-04,T0038,Avery Jones,"Atlanta, GA → Raleigh, NC",2280,4149.6,4120.19,29.41,0.71
L001316,2025-08-27,T0377,Avery Taylor,"San Antonio, TX → Norfolk, VA",999,1668.33,1615.72,52.61,3.15
L001317,2025-01-02,T0184,Jordan Thomas,"Miami, FL → San Jose, CA",299,941.85,491.89,449.96,47.77
L001318,2025-02-12,T0349,Micah Wilson,"Chicago, IL → Jacksonville, FL",877,2157.42,1463.9,693.52,32.15
L001319,2025-09-02,T0207,Jesse Rodriguez,"Miami, FL → Boise, ID",2173,5236.93,4143.41,1093.52,20.88
L001320,2025-04-10,T0114,Hayden Garcia,"Columbus, OH → Tampa, FL",1642,4039.32,2780.22,1259.1,31.17
L001321,2025-02-22,T0086,Taylor Wilson,"Miami, FL → Pittsburgh, PA",1136,2692.32,2140.88,551.44,20.48
L001322,2025-01-11,T0119,Emerson Martinez,"Columbus, OH → Orlando, FL",1004,1827.28,1964.01,-136.73,-7.48
L001323,2025-03-09,T0224,Morgan Miller,"Kansas City, MO → Cincinnati, OH",1558,2804.4,2668.74,135.66,4.84
L001324,2025-05-20,T0074,Emerson Martinez,"Nashville, TN → Jacksonville, FL",1457,3234.54,2549.96,684.58,21.16
L001325,2025-09-20,T0060,Rowan Miller,"Houston, TX → San Jose, CA",2127,4955.91,3661.59,1294.32,26.12
L001326,2025-02-08,T0122,Finley Miller,"Chicago, IL → Orlando, FL",1580,3902.6,2900.54,1002.06,25.68
L001327,2025-05-27,T0129,Finley Jones,"Newark, NJ → New York, NY",2446,4696.32,4105.17,591.15,12.59
L001328,2025-09-03,T0309,Morgan Anderson,"Indianapolis, IN → Raleigh, NC",1646,3538.9,2855.42,683.48,19.31
L001329,2025-01-27,T0069,Taylor Gonzalez,"Nashville, TN → Richmond, VA",1077,1841.67,1776.71,64.96,3.53
L001330,2025-06-20,T0155,Jordan Anderson,"Atlanta, GA → San Diego, CA",2114,4566.24,3527.12,1039.12,22.76
L001331,2025-06-14,T0139,Alex Johnson,"Houston, TX → Milwaukee, WI",1833,3574.35,3206.09,368.26,10.3
L001332,2025-07-16,T0278,Jesse Gonzalez,"Dallas, TX → Raleigh, NC",733,2103.71,1364.8,738.91,35.12
L001333,2025-06-06,T0231,Casey Garcia,"Kansas City, MO → Salt Lake City, UT",1587,2761.38,2878.05,-116.67,-4.23
L001334,2025-08-13,T0222,Emerson Rodriguez,"Los Angeles, CA → Cincinnati, OH",484,1306.8,927.72,379.08,29.01
L001335,2025-06-26,T0106,Drew Rodriguez,"Indianapolis, IN → Orlando, FL",728,1921.92,1226.77,695.15,36.17
L001336,2025-08-03,T0238,Alex Johnson,"Nashville, TN → Salt Lake City, UT",1727,3419.46,2873.66,545.8,15.96
L001337,2025-05-10,T0320,Avery Jones,"Nashville, TN → Richmond, VA",1581,2798.37,2696.54,101.83,3.64
L001338,2025-01-05,T0223,Alex Johnson,"Miami, FL → San Jose, CA",2368,5588.48,4414.77,1173.71,21.0
L001339,2025-09-01,T0282,Logan Lopez,"Dallas, TX → Birmingham, AL",957,2124.54,1768.92,355.62,16.74
L001340,2025-06-11,T0337,Kai Johnson,"Indianapolis, IN → New York, NY",2175,4654.5,3605.93,1048.57,22.53
L001341,2025-06-20,T0012,Rowan Miller,"Boston, MA → Salt Lake City, UT",1476,3512.88,2793.95,718.93,20.47
L001342,2025-05-04,T0007,Reese Williams,"Nashville, TN → Norfolk, VA",1013,2461.59,1585.83,875.76,35.58
L001343,2025-01-29,T0315,Cameron Moore,"Newark, NJ → Pittsburgh, PA",1594,3618.38,2927.43,690.95,19.1
L001344,2025-03-03,T0324,Hayden Lopez,"Miami, FL → Tampa, FL",1591,3579.75,2756.42,823.33,23.0
L001345,2025-06-06,T0090,Casey Garcia,"Indianapolis, IN → Jacksonville, FL",2010,4743.6,3520.02,1223.58,25.79
L001346,2025-04-29,T0354,Avery Jones,"Atlanta, GA → Boise, ID",2087,3401.81,3648.81,-247.0,-7.26
L001347,2025-08-02,T0321,Reese Williams,"Atlanta, GA → Louisville, KY",1383,2807.49,2392.67,414.82,14.78
L001348,2025-03-27,T0366,Kai Brown,"Houston, TX → Jacksonville, FL",1097,2259.82,2070.98,188.84,8.36
L001349,2025-09-03,T0157,Jordan Lopez,"Charlotte, NC → Minneapolis, MN",286,1112.54,485.04,627.5,56.4
L001350,2025-06-25,T0284,Logan Wilson,"Houston, TX → Raleigh, NC",2250,4995.0,3650.52,1344.48,26.92
L001351,2025-06-05,T0012,Rowan Rodriguez,"Chicago, IL → Pittsburgh, PA",1904,3103.52,3297.91,-194.39,-6.26
L001352,2025-05-25,T0196,Finley Thomas,"Memphis, TN → Minneapolis, MN",400,1000.0,772.1,227.9,22.79
L001353,2025-01-20,T0057,Logan Miller,"Portland, OR → Louisville, KY",339,983.1,563.74,419.36,42.66
L001354,2025-03-13,T0112,Harper Williams,"Chicago, IL → Birmingham, AL",149,530.44,242.65,287.79,54.26
L001355,2025-07-20,T0247,Cameron Rodriguez,"Columbus, OH → Baltimore, MD",1403,2286.89,2586.03,-299.14,-13.08
L001356,2025-08-20,T0389,Reese Thomas,"Memphis, TN → Baltimore, MD",921,1510.44,1800.17,-289.73,-19.18
L001357,2025-08-07,T0345,Riley Moore,"Kansas City, MO → Louisville, KY",1296,2566.08,2352.61,213.47,8.32
L001358,2025-09-10,T0011,Morgan Jones,"Newark, NJ → Buffalo, NY",2062,5093.14,3527.64,1565.5,30.74
L001359,2025-01-13,T0247,Avery Miller,"Houston, TX → San Diego, CA",357,1138.83,770.39,368.44,32.35
L001360,2025-09-08,T0257,Avery Anderson,"Indianapolis, IN → San Diego, CA",498,1543.8,853.55,690.25,44.71
L001361,2025-09-19,T0365,Quinn Williams,"Columbus, OH → Orlando, FL",2256,4466.88,4298.33,168.55,3.77
L001362,2025-03-09,T0027,Kai Brown,"San Antonio, TX → Pittsburgh, PA",842,1785.04,1621.79,163.25,9.15
L001363,2025-07-12,T0013,Hayden Martin,"Nashville, TN → Milwaukee, WI",2367,5420.43,4355.69,1064.74,19.64
L001364,2025-03-11,T0094,Jesse Rodriguez,"Houston, TX → Milwaukee, WI",529,1465.33,844.73,620.6,42.35
L001365,2025-03-09,T0370,Jesse Lopez,"Houston, TX → Louisville, KY",1912,3135.68,3339.2,-203.52,-6.49
L001366,2025-05-31,T0244,Morgan Gonzalez,"Memphis, TN → Philadelphia, PA",455,1228.5,823.3,405.2,32.98
L001367,2025-02-12,T0357,Kai Martin,"Phoenix, AZ → Cincinnati, OH",1565,3724.7,2976.03,748.67,20.1
L001368,2025-08-09,T0009,Reese Miller,"San Antonio, TX → Cincinnati, OH",755,2265.0,1349.22,915.78,40.43
L001369,2025-09-06,T0175,Emerson Rodriguez,"Miami, FL → Boise, ID",1231,2129.63,2161.4,-31.77,-1.49
L001370,2025-06-18,T0170,Quinn Garcia,"Seattle, WA → Cincinnati, OH",1989,3619.98,3793.39,-173.41,-4.79
L001371,2025-01-16,T0031,Cameron Moore,"Charlotte, NC → Jacksonville, FL",1582,3322.2,2735.46,586.74,17.66
L001372,2025-03-18,T0237,Finley Martin,"Seattle, WA → Tampa, FL",1516,2819.76,2881.02,-61.26,-2.17
L001373,2025-08-18,T0371,Casey Garcia,"Portland, OR → Minneapolis, MN",1153,2548.13,1766.04,782.09,30.69
L001374,2025-02-27,T0386,Alex Brown,"Newark, NJ → Orlando, FL",861,1773.66,1364.25,409.41,23.08
L001375,2025-02-26,T0122,Kai Martin,"Denver, CO → San Jose, CA",1904,3617.6,3099.28,518.32,14.33
L001376,2025-04-23,T0371,Alex Thomas,"Columbus, OH → Philadelphia, PA",740,2190.4,1478.82,711.58,32.49
L001377,2025-07-16,T0154,Drew Jackson,"Seattle, WA → Richmond, VA",2012,3782.56,3515.02,267.54,7.07
L001378,2025-01-20,T0336,Morgan Jones,"Kansas City, MO → Buffalo, NY",2481,5582.25,4686.56,895.69,16.05
L001379,2025-08-12,T0197,Reese Gonzalez,"Miami, FL → Pittsburgh, PA",1854,4635.0,3649.28,985.72,21.27
L001380,2025-03-17,T0100,Harper Smith,"Nashville, TN → Boise, ID",781,2382.05,1354.95,1027.1,43.12
L001381,2025-01-28,T0166,Harper Davis,"Houston, TX → Minneapolis, MN",473,1385.89,911.09,474.8,34.26
L001382,2025-07-25,T0328,Cameron Brown,"Houston, TX → Baltimore, MD",730,2160.8,1238.64,922.16,42.68
L001383,2025-04-22,T0173,Reese Taylor,"Newark, NJ → Milwaukee, WI",1754,2806.4,3361.01,-554.61,-19.76
L001384,2025-09-10,T0083,Harper Martin,"Chicago, IL → New York, NY",1161,2774.79,2140.74,634.05,22.85
L001385,2025-09-20,T0214,Drew Williams,"Kansas City, MO → Jacksonville, FL",666,1831.5,1166.67,664.83,36.3
L001386,2025-07-31,T0002,Quinn Anderson,"Columbus, OH → Tampa, FL",1262,2107.54,2241.82,-134.28,-6.37
L001387,2025-01-01,T0290,Drew Miller,"San Antonio, TX → San Diego, CA",533,1583.01,989.05,593.96,37.52
L001388,2025-07-04,T0305,Hayden Martin,"Seattle, WA → New York, NY",325,812.5,536.15,276.35,34.01
L001389,2025-02-09,T0121,Kai Wilson,"Columbus, OH → Buffalo, NY",1626,3886.14,2853.15,1032.99,26.58
L001390,2025-07-14,T0152,Quinn Taylor,"Kansas City, MO → Cincinnati, OH",966,2154.18,1701.57,452.61,21.01
L001391,2025-08-26,T0255,Jesse Rodriguez,"Columbus, OH → Orlando, FL",2125,5291.25,4153.47,1137.78,21.5
L001392,2025-05-14,T0391,Taylor Rodriguez,"San Antonio, TX → Pittsburgh, PA",202,737.3,351.41,385.89,52.34
L001393,2025-03-03,T0305,Micah Brown,"Savannah, GA → Boise, ID",444,1247.64,710.81,536.83,43.03
L001394,2025-06-01,T0009,Quinn Taylor,"San Antonio, TX → Birmingham, AL",1306,2194.08,2313.33,-119.25,-5.43
L001395,2025-04-27,T0123,Harper Wilson,"Seattle, WA → San Diego, CA",1771,3612.84,3385.47,227.37,6.29
L001396,2025-03-30,T0025,Harper Davis,"Columbus, OH → Richmond, VA",1515,2620.95,2604.44,16.51,0.63
L001397,2025-01-06,T0336,Cameron Davis,"Memphis, TN → Birmingham, AL",1442,3071.46,2368.86,702.6,22.88
L001398,2025-08-21,T0396,Drew Brown,"Dallas, TX → Richmond, VA",1392,3438.24,2492.52,945.72,27.51
L001399,2025-03-20,T0174,Drew Miller,"Seattle, WA → Boise, ID",1463,2765.07,2443.55,321.52,11.63
L001400,2025-02-22,T0066,Rowan Miller,"Savannah, GA → Louisville, KY",1141,2030.98,1977.87,53.11,2.61
L001401,2025-04-01,T0073,Drew Miller,"Newark, NJ → Milwaukee, WI",2280,4332.0,3888.08,443.92,10.25
L001402,2025-02-16,T0277,Kai Garcia,"Miami, FL → Orlando, FL",1919,3799.62,3324.93,474.69,12.49
L001403,2025-03-13,T0023,Hayden Garcia,"Denver, CO → Milwaukee, WI",1682,3750.86,3140.06,610.8,16.28
L001404,2025-03-26,T0355,Jordan Taylor,"Phoenix, AZ → Salt Lake City, UT",1621,3079.9,3193.59,-113.69,-3.69
L001405,2025-09-17,T0287,Kai Johnson,"San Antonio, TX → Tampa, FL",1127,2783.69,1979.78,803.91,28.88
L001406,2025-08-28,T0229,Rowan Thomas,"Los Angeles, CA → Louisville, KY",573,1564.29,994.53,569.76,36.42
L001407,2025-02-11,T0087,Hayden Hernandez,"Kansas City, MO → Norfolk, VA",1476,3424.32,2834.32,590.0,17.23
L001408,2025-01-03,T0196,Harper Smith,"Savannah, GA → Norfolk, VA",2317,5375.44,4247.99,1127.45,20.97
L001409,2025-05-14,T0198,Finley Taylor,"Portland, OR → Salt Lake City, UT",784,2156.0,1334.17,821.83,38.12
L001410,2025-07-07,T0178,Rowan Martinez,"Seattle, WA → Norfolk, VA",2298,5722.02,4166.92,1555.1,27.18
L001411,2025-05-09,T0141,Alex Jackson,"San Antonio, TX → Salt Lake City, UT",477,1349.91,900.68,449.23,33.28
L001412,2025-05-09,T0245,Rowan Brown,"Denver, CO → Louisville, KY",2146,4592.44,4246.93,345.51,7.52
L001413,2025-04-17,T0189,Cameron Rodriguez,"Columbus, OH → Pittsburgh, PA",393,1155.42,664.16,491.26,42.52
L001414,2025-09-20,T0200,Hayden Moore,"Nashville, TN → Baltimore, MD",2075,4440.5,3390.13,1050.37,23.65
L001415,2025-08-24,T0271,Alex Rodriguez,"Portland, OR → Louisville, KY",1826,3085.94,2974.6,111.34,3.61
L001416,2025-06-15,T0352,Jordan Miller,"Chicago, IL → Buffalo, NY",943,2159.47,1818.47,341.0,15.79
L001417,2025-01-31,T0367,Finley Gonzalez,"Phoenix, AZ → Raleigh, NC",2319,5101.8,4043.37,1058.43,20.75
L001418,2025-04-11,T0120,Quinn Garcia,"Charlotte, NC → Tampa, FL",208,732.16,357.76,374.4,51.14
L001419,2025-01-05,T0067,Reese Miller,"Los Angeles, CA → Cincinnati, OH",1485,3029.4,2816.38,213.02,7.03
L001420,2025-06-01,T0187,Emerson Martinez,"Columbus, OH → Salt Lake City, UT",429,1205.49,649.14,556.35,46.15
L001421,2025-04-11,T0001,Quinn Thomas,"Atlanta, GA → Buffalo, NY",2007,4836.87,3611.75,1225.12,25.33
L001422,2025-09-14,T0217,Casey Thomas,"Boston, MA → New York, NY",832,1464.32,1502.96,-38.64,-2.64
L001423,2025-07-10,T0174,Jordan Gonzalez,"Charlotte, NC → Birmingham, AL",932,2152.92,1823.84,329.08,15.29
L001424,2025-06-03,T0003,Hayden Moore,"Boston, MA → San Diego, CA",2001,4082.04,3440.21,641.83,15.72
L001425,2025-07-15,T0183,Jordan Miller,"Memphis, TN → Baltimore, MD",545,1536.9,1008.12,528.78,34.41
L001426,2025-02-01,T0132,Finley Brown,"Savannah, GA → San Diego, CA",896,1693.44,1638.71,54.73,3.23
L001427,2025-01-05,T0360,Reese Garcia,"Kansas City, MO → Boise, ID",148,491.36,256.86,234.5,47.72
L001428,2025-04-30,T0265,Logan Hernandez,"Chicago, IL → Buffalo, NY",774,2213.64,1363.24,850.4,38.42
L001429,2025-03-07,T0393,Harper Rodriguez,"Columbus, OH → Raleigh, NC",1403,2413.16,2537.09,-123.93,-5.14
L001430,2025-09-18,T0335,Riley Thomas,"Kansas City, MO → San Diego, CA",817,1478.77,1586.28,-107.51,-7.27
L001431,2025-08-12,T0264,Jesse Martin,"Savannah, GA → Richmond, VA",551,1504.23,1029.42,474.81,31.57
L001432,2025-03-26,T0379,Jordan Thomas,"San Antonio, TX → Orlando, FL",1000,2310.0,1889.66,420.34,18.2
L001433,2025-01-13,T0035,Jordan Thomas,"Portland, OR → Tampa, FL",1880,4436.8,3246.96,1189.84,26.82
L001434,2025-06-15,T0030,Casey Rodriguez,"Los Angeles, CA → Jacksonville, FL",830,1933.9,1325.77,608.13,31.45
L001435,2025-02-26,T0176,Jesse Lopez,"Dallas, TX → Buffalo, NY",883,2013.24,1750.05,263.19,13.07
L001436,2025-04-10,T0310,Jordan Anderson,"Indianapolis, IN → Pittsburgh, PA",1992,4800.72,3527.35,1273.37,26.52
L001437,2025-08-10,T0040,Finley Davis,"Chicago, IL → Cincinnati, OH",1337,2460.08,2483.12,-23.04,-0.94
L001438,2025-02-06,T0270,Jesse Williams,"Portland, OR → Louisville, KY",1784,3193.36,3250.69,-57.33,-1.8
L001439,2025-05-06,T0391,Jesse Rodriguez,"Boston, MA → New York, NY",911,1931.32,1712.55,218.77,11.33
L001440,2025-02-08,T0172,Quinn Taylor,"Boston, MA → San Diego, CA",1069,2586.98,1853.72,733.26,28.34
L001441,2025-06-05,T0206,Rowan Gonzalez,"Portland, OR → Philadelphia, PA",425,973.25,775.9,197.35,20.28
L001442,2025-03-24,T0061,Cameron Williams,"San Antonio, TX → Jacksonville, FL",634,1889.32,1118.88,770.44,40.78
L001443,2025-04-17,T0344,Jordan Lopez,"Seattle, WA → Milwaukee, WI",1682,3683.58,2935.22,748.36,20.32
L001444,2025-01-05,T0218,Jordan Gonzalez,"Indianapolis, IN → New York, NY",810,1911.6,1524.03,387.57,20.27
L001445,2025-02-05,T0236,Drew Miller,"Phoenix, AZ → Birmingham, AL",1728,3784.32,2746.84,1037.48,27.42
L001446,2025-05-01,T0221,Jordan Thomas,"Newark, NJ → Jacksonville, FL",313,751.2,583.93,167.27,22.27
L001447,2025-04-08,T0343,Avery Jones,"Los Angeles, CA → Birmingham, AL",629,1629.11,948.83,680.28,41.76
L001448,2025-06-04,T0321,Emerson Martinez,"Columbus, OH → Minneapolis, MN",2159,4792.98,3554.73,1238.25,25.83
L001449,2025-01-30,T0069,Harper Smith,"Phoenix, AZ → Pittsburgh, PA",1223,2372.62,1922.79,449.83,18.96
L001450,2025-01-20,T0176,Reese Garcia,"Charlotte, NC → Pittsburgh, PA",2188,4310.36,3796.9,513.46,11.91
L001451,2025-01-26,T0240,Jordan Thomas,"Charlotte, NC → Orlando, FL",793,2069.73,1505.69,564.04,27.25
L001452,2025-03-22,T0027,Riley Thomas,"Kansas City, MO → Tampa, FL",620,1897.2,901.49,995.71,52.48
L001453,2025-04-19,T0198,Taylor Rodriguez,"Nashville, TN → Jacksonville, FL",973,2228.17,1809.76,418.41,18.78
L001454,2025-02-09,T0086,Jesse Williams,"Newark, NJ → Pittsburgh, PA",1377,2258.28,2277.32,-19.04,-0.84
L001455,2025-05-23,T0034,Harper Miller,"Miami, FL → Boise, ID",121,462.22,225.25,236.97,51.27
L001456,2025-08-30,T0121,Jesse Williams,"Dallas, TX → Orlando, FL",2083,3791.06,3479.97,311.09,8.21
L001457,2025-02-12,T0133,Reese Moore,"Miami, FL → Salt Lake City, UT",285,1085.85,529.77,556.08,51.21
L001458,2025-06-13,T0219,Finley Gonzalez,"Memphis, TN → San Diego, CA",2101,3718.77,3469.71,249.06,6.7
L001459,2025-03-26,T0162,Riley Miller,"Kansas City, MO → New York, NY",1645,3339.35,3090.18,249.17,7.46
L001460,2025-06-10,T0142,Hayden Taylor,"Newark, NJ → San Diego, CA",2493,6132.78,4541.14,1591.64,25.95
L001461,2025-02-08,T0344,Kai Johnson,"Newark, NJ → Buffalo, NY",930,1915.8,1579.14,336.66,17.57
L001462,2025-06-04,T0081,Kai Johnson,"Memphis, TN → Louisville, KY",373,1115.27,642.52,472.75,42.39
L001463,2025-02-28,T0320,Jesse Lopez,"Memphis, TN → Raleigh, NC",806,1474.98,1448.69,26.29,1.78
L001464,2025-03-09,T0103,Drew Miller,"Los Angeles, CA → Salt Lake City, UT",2308,4200.56,3914.51,286.05,6.81
L001465,2025-07-19,T0259,Emerson Brown,"Charlotte, NC → Richmond, VA",453,1254.81,706.37,548.44,43.71
L001466,2025-08-07,T0173,Taylor Smith,"Charlotte, NC → Baltimore, MD",988,1699.36,1839.38,-140.02,-8.24
L001467,2025-06-06,T0179,Logan Lopez,"Kansas City, MO → Cincinnati, OH",643,1742.53,1038.33,704.2,40.41
L001468,2025-01-29,T0203,Logan Thomas,"Chicago, IL → Salt Lake City, UT",2241,4257.9,4020.07,237.83,5.59
L001469,2025-01-23,T0052,Alex Smith,"Boston, MA → Salt Lake City, UT",1004,2138.52,1805.69,332.83,15.56
L001470,2025-05-01,T0184,Morgan Lopez,"Nashville, TN → Tampa, FL",1583,3071.02,2831.37,239.65,7.8
L001471,2025-06-03,T0280,Cameron Moore,"Columbus, OH → San Diego, CA",561,1239.81,943.17,296.64,23.93
L001472,2025-08-20,T0075,Jordan Thomas,"Phoenix, AZ → Cincinnati, OH",1694,2947.56,2762.29,185.27,6.29
L001473,2025-05-01,T0140,Finley Davis,"Boston, MA → Buffalo, NY",690,2104.5,1182.7,921.8,43.8
L001474,2025-07-15,T0349,Kai Johnson,"Indianapolis, IN → Cincinnati, OH",784,2210.88,1386.74,824.14,37.28
L001475,2025-04-07,T0263,Rowan Jackson,"Savannah, GA → Norfolk, VA",2389,5709.71,4405.1,1304.61,22.85
L001476,2025-05-14,T0345,Finley Martin,"Denver, CO → Raleigh, NC",2133,4969.89,4001.1,968.79,19.49
L001477,2025-07-16,T0343,Quinn Taylor,"Atlanta, GA → Salt Lake City, UT",1973,4301.14,3210.93,1090.21,25.35
L001478,2025-05-16,T0301,Avery Jones,"Denver, CO → Boise, ID",1618,3640.5,3057.8,582.7,16.01
L001479,2025-09-02,T0168,Alex Thomas,"Seattle, WA → Pittsburgh, PA",847,2092.09,1652.66,439.43,21.0
L001480,2025-04-19,T0085,Finley Jones,"San Antonio, TX → Boise, ID",1363,2807.78,2248.09,559.69,19.93
L001481,2025-01-06,T0081,Drew Garcia,"Kansas City, MO → Tampa, FL",141,452.61,257.86,194.75,43.03
L001482,2025-01-13,T0315,Morgan Gonzalez,"Nashville, TN → San Jose, CA",378,918.54,591.34,327.2,35.62
L001483,2025-05-20,T0203,Harper Smith,"Savannah, GA → San Jose, CA",2181,5212.59,3874.99,1337.6,25.66
L001484,2025-06-20,T0348,Logan Brown,"Houston, TX → Tampa, FL",432,1360.8,699.45,661.35,48.6
L001485,2025-09-09,T0099,Jesse Martin,"Columbus, OH → Jacksonville, FL",1822,3425.36,3138.16,287.2,8.38
L001486,2025-01-25,T0381,Hayden Gonzalez,"Denver, CO → Orlando, FL",852,2070.36,1749.55,320.81,15.5
L001487,2025-02-03,T0315,Rowan Brown,"Boston, MA → Norfolk, VA",1868,3212.96,3449.73,-236.77,-7.37
L001488,2025-01-18,T0102,Quinn Williams,"Charlotte, NC → Richmond, VA",1329,2445.36,2378.92,66.44,2.72
L001489,2025-03-17,T0015,Kai Martinez,"Indianapolis, IN → Norfolk, VA",2105,4946.75,4509.19,437.56,8.85
L001490,2025-09-16,T0185,Rowan Thomas,"San Antonio, TX → Norfolk, VA",376,921.2,663.74,257.46,27.95
L001491,2025-05-18,T0288,Emerson Martinez,"Savannah, GA → Louisville, KY",1009,1644.67,1821.88,-177.21,-10.77
L001492,2025-03-08,T0243,Hayden Lopez,"Indianapolis, IN → Norfolk, VA",658,1598.94,1390.65,208.29,13.03
L001493,2025-02-18,T0337,Alex Williams,"Indianapolis, IN → Louisville, KY",1915,4174.7,3144.91,1029.79,24.67
L001494,2025-07-28,T0338,Avery Anderson,"Los Angeles, CA → Cincinnati, OH",1047,1978.83,1709.77,269.06,13.6
L001495,2025-02-26,T0107,Jordan Anderson,"Atlanta, GA → Milwaukee, WI",1036,2507.12,1786.3,720.82,28.75
L001496,2025-04-27,T0353,Jesse Gonzalez,"Indianapolis, IN → Baltimore, MD",2409,5034.81,4018.95,1015.86,20.18
L001497,2025-08-04,T0270,Micah Martinez,"Houston, TX → Milwaukee, WI",459,1092.42,853.05,239.37,21.91
L001498,2025-04-10,T0088,Rowan Gonzalez,"Portland, OR → Milwaukee, WI",886,1789.72,1569.97,219.75,12.28
L001499,2025-09-16,T0305,Jesse Williams,"Dallas, TX → Salt Lake City, UT",2107,5246.43,3659.48,1586.95,30.25
L001500,2025-09-04,T0182,Morgan Miller,"Kansas City, MO → Jacksonville, FL",615,1389.9,994.94,394.96,28.42
L001501,2025-07-19,T0228,Morgan Anderson,"Atlanta, GA → Salt Lake City, UT",1614,3179.58,2636.95,542.63,17.07
L001502,2025-04-17,T0323,Jordan Anderson,"Indianapolis, IN → Richmond, VA",347,912.61,628.74,283.87,31.1
L001503,2025-04-12,T0176,Harper Rodriguez,"Seattle, WA → Louisville, KY",1099,2439.78,2161.39,278.39,11.41
L001504,2025-03-31,T0158,Emerson Martinez,"Chicago, IL → Jacksonville, FL",1889,3173.52,3358.22,-184.7,-5.82
L001505,2025-04-17,T0159,Morgan Jackson,"Columbus, OH → San Jose, CA",738,2103.3,1294.4,808.9,38.46
L001506,2025-05-14,T0199,Alex Martinez,"Nashville, TN → Buffalo, NY",2456,4936.56,4416.27,520.29,10.54
L001507,2025-01-08,T0008,Rowan Thomas,"Chicago, IL → San Diego, CA",617,1653.56,1022.03,631.53,38.19
L001508,2025-05-22,T0221,Harper Taylor,"Indianapolis, IN → Jacksonville, FL",2060,3296.0,3345.91,-49.91,-1.51
L001509,2025-07-28,T0221,Micah Jackson,"Houston, TX → San Diego, CA",1551,3784.44,2388.81,1395.63,36.88
L001510,2025-05-01,T0111,Logan Williams,"Denver, CO → Philadelphia, PA",952,1608.88,1504.66,104.22,6.48
L001511,2025-06-16,T0283,Casey Lopez,"Miami, FL → Philadelphia, PA",388,1132.96,704.71,428.25,37.8
L001512,2025-02-02,T0104,Drew Brown,"Seattle, WA → Tampa, FL",1404,2765.88,2658.09,107.79,3.9
L001513,2025-03-04,T0126,Logan Lopez,"Phoenix, AZ → San Jose, CA",347,860.56,539.61,320.95,37.3
L001514,2025-05-11,T0272,Rowan Thomas,"Chicago, IL → Norfolk, VA",666,1485.18,1352.1,133.08,8.96
L001515,2025-05-21,T0194,Harper Gonzalez,"Houston, TX → Jacksonville, FL",1502,2523.36,2749.69,-226.33,-8.97
L001516,2025-04-17,T0289,Hayden Anderson,"Seattle, WA → Milwaukee, WI",2467,4070.55,4285.66,-215.11,-5.28
L001517,2025-01-12,T0349,Finley Taylor,"Kansas City, MO → Orlando, FL",498,1399.38,902.5,496.88,35.51
L001518,2025-01-11,T0101,Kai Brown,"Boston, MA → Boise, ID",2221,3598.02,3643.22,-45.2,-1.26
L001519,2025-05-12,T0269,Kai Garcia,"Savannah, GA → Baltimore, MD",785,2441.35,1296.59,1144.76,46.89
L001520,2025-02-14,T0235,Hayden Lopez,"Portland, OR → Baltimore, MD",1162,2021.88,2141.06,-119.18,-5.89
L001521,2025-06-27,T0309,Jesse Brown,"Boston, MA → Minneapolis, MN",2448,5385.6,4473.34,912.26,16.94
L001522,2025-02-03,T0163,Avery Jones,"Nashville, TN → New York, NY",856,1575.04,1656.41,-81.37,-5.17
L001523,2025-07-04,T0005,Jordan Lopez,"Newark, NJ → Norfolk, VA",1420,3095.6,2597.65,497.95,16.09
L001524,2025-07-27,T0365,Logan Lopez,"Phoenix, AZ → Buffalo, NY",2251,4321.92,4598.94,-277.02,-6.41
L001525,2025-08-20,T0068,Harper Rodriguez,"Seattle, WA → Cincinnati, OH",836,1379.4,1499.31,-119.91,-8.69
L001526,2025-08-12,T0018,Harper Gonzalez,"Phoenix, AZ → Pittsburgh, PA",2262,5179.98,3547.78,1632.2,31.51
L001527,2025-05-14,T0301,Kai Johnson,"Dallas, TX → New York, NY",2300,4554.0,3783.23,770.77,16.93
L001528,2025-08-26,T0005,Kai Wilson,"Phoenix, AZ → Salt Lake City, UT",204,803.76,387.69,416.07,51.77
L001529,2025-05-10,T0308,Micah Jackson,"Nashville, TN → Louisville, KY",2332,4267.56,4127.58,139.98,3.28
L001530,2025-08-15,T0063,Casey Lopez,"Savannah, GA → Raleigh, NC",942,1931.1,1889.27,41.83,2.17
L001531,2025-01-13,T0045,Alex Rodriguez,"Phoenix, AZ → Raleigh, NC",2280,3693.6,4175.18,-481.58,-13.04
L001532,2025-05-16,T0175,Finley Gonzalez,"Chicago, IL → Louisville, KY",2183,3689.27,3472.83,216.44,5.87
L001533,2025-02-20,T0005,Avery Thomas,"Chicago, IL → Buffalo, NY",707,2092.72,1196.73,895.99,42.81
L001534,2025-08-20,T0180,Micah Brown,"Savannah, GA → San Diego, CA",2258,5486.94,3961.82,1525.12,27.8
L001535,2025-02-28,T0042,Jesse Williams,"Charlotte, NC → Cincinnati, OH",2123,4755.52,3868.86,886.66,18.64
L001536,2025-09-07,T0218,Reese Moore,"Newark, NJ → San Jose, CA",230,708.4,492.99,215.41,30.41
L001537,2025-09-10,T0013,Jesse Gonzalez,"Houston, TX → Pittsburgh, PA",731,2149.14,1327.33,821.81,38.24
L001538,2025-04-21,T0303,Morgan Taylor,"Newark, NJ → Boise, ID",214,761.84,475.42,286.42,37.6
L001539,2025-09-18,T0209,Avery Anderson,"Phoenix, AZ → Salt Lake City, UT",120,465.6,219.59,246.01,52.84
L001540,2025-02-09,T0328,Rowan Taylor,"Memphis, TN → Raleigh, NC",1131,1900.08,1813.65,86.43,4.55
L001541,2025-08-25,T0356,Taylor Rodriguez,"Indianapolis, IN → Minneapolis, MN",1864,3075.6,2897.61,177.99,5.79
L001542,2025-03-22,T0374,Morgan Jones,"Phoenix, AZ → San Jose, CA",1447,2402.02,2356.84,45.18,1.88
L001543,2025-06-26,T0286,Kai Johnson,"Indianapolis, IN → Baltimore, MD",335,981.55,551.43,430.12,43.82
L001544,2025-01-17,T0063,Logan Lopez,"Boston, MA → Orlando, FL",1888,3152.96,3472.52,-319.56,-10.14
L001545,2025-03-28,T0019,Rowan Jackson,"San Antonio, TX → Richmond, VA",1798,3649.94,2761.46,888.48,24.34
L001546,2025-04-11,T0062,Quinn Garcia,"Los Angeles, CA → Birmingham, AL",389,1159.22,619.5,539.72,46.56
L001547,2025-04-01,T0075,Harper Gonzalez,"Nashville, TN → Boise, ID",1293,2198.1,2259.22,-61.12,-2.78
L001548,2025-04-21,T0199,Drew Garcia,"Memphis, TN → San Jose, CA",2376,5654.88,4243.18,1411.7,24.96
L001549,2025-02-18,T0179,Kai Brown,"Phoenix, AZ → Philadelphia, PA",879,1722.84,1555.77,167.07,9.7
L001550,2025-04-03,T0256,Quinn Anderson,"Kansas City, MO → Tampa, FL",1651,3929.38,2959.0,970.38,24.7
L001551,2025-09-17,T0197,Micah Wilson,"Seattle, WA → Norfolk, VA",673,1897.86,1204.08,693.78,36.56
L001552,2025-01-05,T0379,Jesse Wilson,"Columbus, OH → Baltimore, MD",1502,2493.32,2650.47,-157.15,-6.3
L001553,2025-05-13,T0008,Riley Thomas,"Memphis, TN → Richmond, VA",1463,2443.21,2909.86,-466.65,-19.1
L001554,2025-04-15,T0057,Riley Hernandez,"Houston, TX → Cincinnati, OH",2238,5326.44,3987.06,1339.38,25.15
L001555,2025-08-03,T0038,Taylor Rodriguez,"Seattle, WA → Philadelphia, PA",166,534.52,298.89,235.63,44.08
L001556,2025-02-28,T0364,Rowan Jackson,"Indianapolis, IN → Buffalo, NY",1765,3018.15,3314.82,-296.67,-9.83
L001557,2025-06-12,T0214,Emerson Jackson,"Chicago, IL → Minneapolis, MN",1032,2053.68,1799.74,253.94,12.37
L001558,2025-07-22,T0037,Rowan Brown,"Columbus, OH → Philadelphia, PA",2122,3480.08,4111.6,-631.52,-18.15
L001559,2025-07-03,T0183,Jordan Davis,"Boston, MA → Tampa, FL",2294,4886.22,4525.89,360.33,7.37
L001560,2025-08-29,T0165,Alex Jackson,"San Antonio, TX → San Jose, CA",638,1984.18,1142.11,842.07,42.44
L001561,2025-02-11,T0320,Jordan Davis,"Memphis, TN → Raleigh, NC",2460,5781.0,4707.22,1073.78,18.57
L001562,2025-01-18,T0027,Emerson Jackson,"Memphis, TN → San Diego, CA",1185,2855.85,2250.75,605.1,21.19
L001563,2025-01-14,T0100,Quinn Anderson,"Houston, TX → San Diego, CA",410,1086.5,821.54,264.96,24.39
L001564,2025-01-02,T0331,Cameron Gonzalez,"Houston, TX → Louisville, KY",1630,3129.6,3218.31,-88.71,-2.83
L001565,2025-07-25,T0247,Cameron Williams,"Dallas, TX → Salt Lake City, UT",607,1578.2,1178.55,399.65,25.32
L001566,2025-02-13,T0215,Finley Lopez,"Houston, TX → Tampa, FL",929,2025.22,1552.22,473.0,23.36
L001567,2025-05-01,T0237,Hayden Martin,"Miami, FL → San Jose, CA",1174,2758.9,2117.88,641.02,23.23
L001568,2025-05-04,T0166,Harper Hernandez,"Los Angeles, CA → Orlando, FL",1004,1917.64,1775.02,142.62,7.44
L001569,2025-04-21,T0215,Jordan Thomas,"Indianapolis, IN → San Jose, CA",461,1286.19,840.84,445.35,34.63
L001570,2025-09-01,T0350,Drew Miller,"Seattle, WA → Salt Lake City, UT",2377,5110.55,4584.57,525.98,10.29
L001571,2025-02-16,T0013,Rowan Martinez,"Seattle, WA → Milwaukee, WI",1862,4170.88,3729.85,441.03,10.57
L001572,2025-03-21,T0313,Jesse Williams,"Denver, CO → Birmingham, AL",2354,3860.56,4293.05,-432.49,-11.2
L001573,2025-01-20,T0054,Micah Wilson,"Indianapolis, IN → Salt Lake City, UT",2392,5836.48,4290.79,1545.69,26.48
L001574,2025-05-24,T0158,Rowan Jackson,"Dallas, TX → Philadelphia, PA",2397,5704.86,4617.85,1087.01,19.05
L001575,2025-03-20,T0220,Reese Miller,"Dallas, TX → Baltimore, MD",1980,3821.4,3370.03,451.37,11.81
L001576,2025-02-03,T0072,Jordan Anderson,"Newark, NJ → Birmingham, AL",1006,1700.14,1644.38,55.76,3.28
L001577,2025-01-26,T0083,Reese Miller,"Nashville, TN → Buffalo, NY",866,2165.0,1467.41,697.59,32.22
L001578,2025-02-03,T0348,Hayden Hernandez,"Newark, NJ → Tampa, FL",1409,2846.18,2458.71,387.47,13.61
L001579,2025-05-19,T0345,Hayden Lopez,"Kansas City, MO → Minneapolis, MN",814,1717.54,1603.83,113.71,6.62
L001580,2025-07-26,T0069,Cameron Moore,"San Antonio, TX → Louisville, KY",1877,3021.97,3256.6,-234.63,-7.76
L001581,2025-02-10,T0175,Alex Jones,"Charlotte, NC → Milwaukee, WI",828,1531.8,1451.22,80.58,5.26
L001582,2025-02-19,T0180,Jordan Thomas,"Miami, FL → Salt Lake City, UT",2114,4735.36,3624.51,1110.85,23.46
L001583,2025-05-14,T0253,Jordan Taylor,"Indianapolis, IN → San Jose, CA",1357,2510.45,2244.75,265.7,10.58
L001584,2025-06-25,T0140,Rowan Taylor,"Chicago, IL → San Jose, CA",327,794.61,628.85,165.76,20.86
L001585,2025-01-19,T0395,Emerson Rodriguez,"Newark, NJ → Norfolk, VA",1790,3884.3,3185.85,698.45,17.98
L001586,2025-06-16,T0007,Reese Moore,"Columbus, OH → Jacksonville, FL",2189,4290.44,3730.77,559.67,13.04
L001587,2025-09-13,T0210,Jesse Wilson,"Savannah, GA → New York, NY",632,1390.4,1137.03,253.37,18.22
L001588,2025-03-12,T0027,Rowan Brown,"Houston, TX → Salt Lake City, UT",595,1886.15,950.63,935.52,49.6
L001589,2025-05-06,T0048,Casey Gonzalez,"Kansas City, MO → Boise, ID",976,1766.56,1611.1,155.46,8.8
L001590,2025-03-30,T0076,Cameron Smith,"Columbus, OH → San Diego, CA",2099,4365.92,3737.29,628.63,14.4
L001591,2025-09-14,T0329,Avery Anderson,"Indianapolis, IN → Milwaukee, WI",2125,4866.25,3680.05,1186.2,24.38
L001592,2025-05-07,T0365,Harper Hernandez,"Kansas City, MO → Buffalo, NY",1159,2294.82,1978.98,315.84,13.76
L001593,2025-05-22,T0286,Hayden Taylor,"Portland, OR → Richmond, VA",2440,5880.4,4324.14,1556.26,26.47
L001594,2025-02-22,T0254,Rowan Garcia,"Houston, TX → Norfolk, VA",1934,3403.84,3575.24,-171.4,-5.04
L001595,2025-06-28,T0091,Avery Jones,"Denver, CO → San Jose, CA",193,743.05,334.63,408.42,54.96
L001596,2025-08-19,T0219,Alex Williams,"Atlanta, GA → Baltimore, MD",219,698.61,370.65,327.96,46.95
L001597,2025-07-22,T0377,Finley Jackson,"Newark, NJ → New York, NY",1214,2719.36,2169.19,550.17,20.23
L001598,2025-08-07,T0381,Avery Miller,"Charlotte, NC → Norfolk, VA",2387,4201.12,4301.71,-100.59,-2.39
L001599,2025-01-13,T0173,Kai Martin,"San Antonio, TX → Philadelphia, PA",2210,4110.6,3613.94,496.66,12.08
L001600,2025-08-28,T0292,Jesse Brown,"Savannah, GA → Salt Lake City, UT",1390,2376.9,2377.52,-0.62,-0.03
L001601,2025-07-07,T0178,Jesse Williams,"San Antonio, TX → San Jose, CA",420,1222.2,697.48,524.72,42.93
L001602,2025-04-26,T0126,Finley Jackson,"Newark, NJ → Birmingham, AL",2130,4643.4,3929.74,713.66,15.37
L001603,2025-01-31,T0013,Jordan Miller,"Portland, OR → Tampa, FL",2183,3973.06,3941.48,31.58,0.79
L001604,2025-09-09,T0043,Casey Thomas,"Boston, MA → San Diego, CA",354,1015.98,567.56,448.42,44.14
L001605,2025-02-27,T0094,Micah Martinez,"Portland, OR → Raleigh, NC",497,1322.02,945.47,376.55,28.48
L001606,2025-07-14,T0205,Alex Smith,"Newark, NJ → Jacksonville, FL",1691,3297.45,3253.71,43.74,1.33
L001607,2025-07-09,T0302,Hayden Lopez,"Chicago, IL → Tampa, FL",719,1617.75,1146.76,470.99,29.11
L001608,2025-08-15,T0007,Riley Hernandez,"Phoenix, AZ → New York, NY",1745,3629.6,2975.47,654.13,18.02
L001609,2025-06-02,T0252,Jesse Brown,"Charlotte, NC → Tampa, FL",1918,4334.68,3050.53,1284.15,29.63
L001610,2025-03-17,T0100,Harper Wilson,"Phoenix, AZ → Salt Lake City, UT",653,1717.39,1182.35,535.04,31.15
L001611,2025-08-27,T0377,Avery Jones,"Savannah, GA → Boise, ID",470,1052.8,821.68,231.12,21.95
L001612,2025-05-27,T0003,Emerson Brown,"Newark, NJ → Cincinnati, OH",1983,3966.0,3694.62,271.38,6.84
L001613,2025-02-10,T0141,Hayden Lopez,"Boston, MA → Raleigh, NC",291,1108.71,576.41,532.3,48.01
L001614,2025-07-14,T0170,Micah Jackson,"Memphis, TN → San Diego, CA",1631,4061.19,3001.7,1059.49,26.09
L001615,2025-04-22,T0133,Kai Brown,"Savannah, GA → Milwaukee, WI",447,1104.09,933.05,171.04,15.49
L001616,2025-01-16,T0025,Jordan Davis,"Columbus, OH → Norfolk, VA",332,750.32,693.78,56.54,7.54
L001617,2025-06-21,T0034,Logan Lopez,"Dallas, TX → Orlando, FL",193,714.1,344.1,370.0,51.81
L001618,2025-06-24,T0224,Alex Johnson,"Chicago, IL → Orlando, FL",2102,5170.92,3389.53,1781.39,34.45
L001619,2025-01-13,T0374,Cameron Smith,"Los Angeles, CA → Richmond, VA",291,939.93,596.31,343.62,36.56
L001620,2025-02-27,T0301,Kai Brown,"Boston, MA → Richmond, VA",548,1463.16,1016.47,446.69,30.53
L001621,2025-01-18,T0352,Kai Johnson,"Boston, MA → New York, NY",497,1505.91,960.36,545.55,36.23
L001622,2025-02-14,T0002,Alex Johnson,"Nashville, TN → Baltimore, MD",1215,2393.55,2143.63,249.92,10.44
L001623,2025-06-30,T0355,Logan Thomas,"Nashville, TN → Buffalo, NY",1302,3007.62,2279.74,727.88,24.2
L001624,2025-04-01,T0354,Kai Thomas,"Memphis, TN → Minneapolis, MN",423,1315.53,809.33,506.2,38.48
L001625,2025-04-25,T0006,Alex Smith,"Miami, FL → San Diego, CA",1688,4034.32,2906.87,1127.45,27.95
L001626,2025-01-20,T0205,Jesse Martin,"Indianapolis, IN → San Diego, CA",290,1133.9,574.8,559.1,49.31
L001627,2025-05-09,T0366,Morgan Taylor,"Los Angeles, CA → San Diego, CA",2422,4601.8,4452.16,149.64,3.25
L001628,2025-01-24,T0366,Jordan Thomas,"Nashville, TN → Birmingham, AL",1739,3843.19,2749.76,1093.43,28.45
L001629,2025-08-27,T0234,Taylor Smith,"San Antonio, TX → Salt Lake City, UT",539,1670.9,936.65,734.25,43.94
L001630,2025-06-29,T0224,Morgan Taylor,"Seattle, WA → Milwaukee, WI",769,2007.09,1498.03,509.06,25.36
L001631,2025-06-24,T0279,Kai Johnson,"Atlanta, GA → Pittsburgh, PA",1857,3751.14,2966.5,784.64,20.92
L001632,2025-04-10,T0264,Jesse Williams,"Houston, TX → Minneapolis, MN",542,1257.44,999.83,257.61,20.49
L001633,2025-01-13,T0090,Hayden Taylor,"Seattle, WA → Pittsburgh, PA",2175,3480.0,3617.51,-137.51,-3.95
L001634,2025-08-17,T0204,Alex Smith,"Atlanta, GA → Norfolk, VA",2042,3900.22,3589.82,310.4,7.96
L001635,2025-03-18,T0035,Rowan Jackson,"Columbus, OH → Salt Lake City, UT",2056,4996.08,3374.84,1621.24,32.45
L001636,2025-06-08,T0273,Reese Moore,"Atlanta, GA → Richmond, VA",993,2065.44,1732.89,332.55,16.1
L001637,2025-08-12,T0193,Harper Martin,"Charlotte, NC → New York, NY",214,811.06,357.69,453.37,55.9
L001638,2025-01-30,T0043,Morgan Taylor,"Houston, TX → San Jose, CA",515,1498.65,930.42,568.23,37.92
L001639,2025-02-07,T0351,Micah Rodriguez,"Memphis, TN → Minneapolis, MN",711,2161.44,1351.52,809.92,37.47
L001640,2025-07-21,T0336,Quinn Thomas,"Savannah, GA → Birmingham, AL",1357,3026.11,2405.82,620.29,20.5
L001641,2025-07-26,T0350,Morgan Gonzalez,"San Antonio, TX → Louisville, KY",1670,3056.1,2895.1,161.0,5.27
L001642,2025-05-11,T0095,Drew Brown,"Columbus, OH → Buffalo, NY",1244,2152.12,2219.04,-66.92,-3.11
L001643,2025-04-03,T0221,Drew Rodriguez,"Memphis, TN → Jacksonville, FL",448,1267.84,864.76,403.08,31.79
L001644,2025-01-16,T0074,Drew Miller,"Los Angeles, CA → Minneapolis, MN",667,2067.7,1169.49,898.21,43.44
L001645,2025-07-26,T0013,Finley Jones,"Seattle, WA → New York, NY",594,1306.8,1041.17,265.63,20.33
L001646,2025-06-11,T0090,Alex Johnson,"Phoenix, AZ → Salt Lake City, UT",1214,2197.34,2068.12,129.22,5.88
L001647,2025-01-23,T0024,Taylor Moore,"Denver, CO → Baltimore, MD",2075,4233.0,3445.59,787.41,18.6
L001648,2025-07-30,T0026,Morgan Lopez,"Los Angeles, CA → Salt Lake City, UT",615,1888.05,1081.45,806.6,42.72
L001649,2025-02-12,T0347,Quinn Williams,"Memphis, TN → San Diego, CA",2464,5322.24,4151.34,1170.9,22.0
L001650,2025-06-26,T0266,Alex Jackson,"Indianapolis, IN → Louisville, KY",848,1356.8,1500.73,-143.93,-10.61
L001651,2025-03-05,T0328,Logan Williams,"Charlotte, NC → Boise, ID",1517,3018.83,2935.52,83.31,2.76
L001652,2025-01-10,T0093,Alex Thomas,"San Antonio, TX → Minneapolis, MN",149,496.17,289.23,206.94,41.71
L001653,2025-03-30,T0234,Reese Miller,"Los Angeles, CA → Pittsburgh, PA",219,790.59,440.45,350.14,44.29
L001654,2025-06-26,T0272,Morgan Jones,"Seattle, WA → Baltimore, MD",231,887.04,437.96,449.08,50.63
L001655,2025-05-13,T0038,Kai Johnson,"Newark, NJ → Milwaukee, WI",609,1412.88,1045.83,367.05,25.98
L001656,2025-01-22,T0026,Jesse Wilson,"Portland, OR → Buffalo, NY",890,1753.3,1607.13,146.17,8.34
L001657,2025-09-20,T0180,Jesse Gonzalez,"Kansas City, MO → Pittsburgh, PA",1248,2745.6,2214.44,531.16,19.35
L001658,2025-05-31,T0085,Rowan Taylor,"Denver, CO → Pittsburgh, PA",769,2345.45,1393.33,952.12,40.59
L001659,2025-05-01,T0207,Riley Garcia,"Dallas, TX → Jacksonville, FL",214,826.04,367.96,458.08,55.45
L001660,2025-05-14,T0215,Jesse Lopez,"Columbus, OH → Jacksonville, FL",1870,3459.5,3217.43,242.07,7.0
L001661,2025-03-29,T0054,Quinn Thomas,"Memphis, TN → Jacksonville, FL",1599,3693.69,2694.85,998.84,27.04
L001662,2025-04-29,T0291,Taylor Johnson,"Nashville, TN → Philadelphia, PA",1748,3093.96,3058.89,35.07,1.13
L001663,2025-01-30,T0325,Jesse Rodriguez,"Charlotte, NC → Cincinnati, OH",964,2169.0,1814.13,354.87,16.36
L001664,2025-07-11,T0254,Alex Thomas,"Kansas City, MO → Jacksonville, FL",249,926.28,514.4,411.88,44.47
L001665,2025-06-05,T0263,Taylor Rodriguez,"Columbus, OH → Cincinnati, OH",1506,2786.1,2549.02,237.08,8.51
L001666,2025-05-18,T0084,Casey Smith,"Newark, NJ → Tampa, FL",1157,2522.26,2265.08,257.18,10.2
L001667,2025-08-10,T0370,Taylor Johnson,"Boston, MA → Salt Lake City, UT",2192,3616.8,3523.49,93.31,2.58
L001668,2025-02-20,T0100,Finley Moore,"Memphis, TN → Birmingham, AL",584,1623.52,1152.49,471.03,29.01
L001669,2025-02-25,T0205,Cameron Gonzalez,"Newark, NJ → San Diego, CA",2438,4412.78,4321.07,91.71,2.08
L001670,2025-02-22,T0255,Emerson Martin,"Chicago, IL → Louisville, KY",1448,2519.52,2671.34,-151.82,-6.03
L001671,2025-02-19,T0168,Morgan Jones,"Nashville, TN → Birmingham, AL",1706,2797.84,2837.02,-39.18,-1.4
L001672,2025-01-24,T0212,Rowan Garcia,"Newark, NJ → Buffalo, NY",1819,3146.87,3032.31,114.56,3.64
L001673,2025-02-21,T0052,Alex Rodriguez,"Indianapolis, IN → Salt Lake City, UT",2448,4773.6,4047.66,725.94,15.21
L001674,2025-05-11,T0016,Logan Lopez,"Atlanta, GA → Raleigh, NC",2163,4044.81,4105.04,-60.23,-1.49
L001675,2025-07-26,T0204,Casey Gonzalez,"Houston, TX → Richmond, VA",2264,5071.36,4143.48,927.88,18.3
L001676,2025-02-27,T0145,Reese Miller,"Nashville, TN → Tampa, FL",1918,4660.74,3086.35,1574.39,33.78
L001677,2025-01-22,T0063,Logan Lopez,"Charlotte, NC → Tampa, FL",704,1957.12,1304.11,653.01,33.37
L001678,2025-01-04,T0118,Hayden Taylor,"Boston, MA → Philadelphia, PA",2114,5263.86,3829.68,1434.18,27.25
L001679,2025-01-04,T0009,Morgan Jones,"Phoenix, AZ → Birmingham, AL",1775,3337.0,3448.54,-111.54,-3.34
L001680,2025-02-21,T0300,Alex Johnson,"Seattle, WA → Jacksonville, FL",216,784.08,335.13,448.95,57.26
L001681,2025-07-10,T0231,Taylor Smith,"San Antonio, TX → Richmond, VA",2334,5181.48,4598.43,583.05,11.25
L001682,2025-06-22,T0005,Jordan Moore,"Seattle, WA → Jacksonville, FL",2152,3486.24,4102.97,-616.73,-17.69
L001683,2025-04-16,T0047,Rowan Garcia,"Nashville, TN → Birmingham, AL",506,1128.38,786.69,341.69,30.28
L001684,2025-05-31,T0245,Morgan Gonzalez,"Chicago, IL → Baltimore, MD",1332,2570.76,2430.67,140.09,5.45
L001685,2025-06-01,T0228,Harper Martin,"Indianapolis, IN → Baltimore, MD",2032,3495.04,3454.95,40.09,1.15
L001686,2025-04-20,T0139,Hayden Garcia,"Boston, MA → Raleigh, NC",821,1707.68,1574.61,133.07,7.79
L001687,2025-03-23,T0120,Morgan Jones,"Newark, NJ → Baltimore, MD",504,1577.52,1036.78,540.74,34.28
L001688,2025-04-02,T0259,Finley Taylor,"Seattle, WA → Pittsburgh, PA",781,2288.33,1385.46,902.87,39.46
L001689,2025-02-18,T0376,Morgan Lopez,"Indianapolis, IN → San Diego, CA",308,840.84,572.71,268.13,31.89
L001690,2025-05-29,T0301,Jordan Anderson,"Los Angeles, CA → Salt Lake City, UT",1413,2896.65,2387.67,508.98,17.57
L001691,2025-01-24,T0108,Drew Jones,"Los Angeles, CA → Richmond, VA",1732,3429.36,3084.33,345.03,10.06
L001692,2025-06-27,T0062,Logan Hernandez,"Kansas City, MO → Pittsburgh, PA",789,2493.24,1336.64,1156.6,46.39
L001693,2025-03-17,T0337,Casey Smith,"Boston, MA → Birmingham, AL",829,1566.81,1544.76,22.05,1.41
L001694,2025-01-31,T0187,Alex Martin,"Boston, MA → Cincinnati, OH",215,666.5,458.61,207.89,31.19
L001695,2025-03-12,T0377,Jesse Williams,"Boston, MA → New York, NY",1861,4410.57,3342.16,1068.41,24.22
L001696,2025-05-23,T0136,Rowan Taylor,"Dallas, TX → Pittsburgh, PA",623,1725.71,1089.2,636.51,36.88
L001697,2025-03-06,T0087,Alex Thomas,"Charlotte, NC → San Diego, CA",1734,3294.6,3177.51,117.09,3.55
L001698,2025-09-11,T0119,Jordan Thomas,"Indianapolis, IN → Boise, ID",2149,4663.33,3806.32,857.01,18.38
L001699,2025-02-14,T0313,Harper Gonzalez,"Newark, NJ → Baltimore, MD",2115,5097.15,3612.79,1484.36,29.12
L001700,2025-05-23,T0262,Taylor Gonzalez,"Denver, CO → Orlando, FL",2273,4864.22,4004.22,860.0,17.68
L001701,2025-06-12,T0224,Riley Moore,"Columbus, OH → New York, NY",1038,1878.78,1664.58,214.2,11.4
L001702,2025-01-22,T0026,Logan Lopez,"Charlotte, NC → Pittsburgh, PA",627,1454.64,1086.95,367.69,25.28
L001703,2025-06-08,T0029,Casey Smith,"Miami, FL → Boise, ID",2284,3745.76,3807.93,-62.17,-1.66
L001704,2025-01-04,T0321,Finley Lopez,"Indianapolis, IN → Pittsburgh, PA",2206,3728.14,4117.58,-389.44,-10.45
L001705,2025-07-16,T0132,Taylor Wilson,"Kansas City, MO → New York, NY",1844,3909.28,3688.9,220.38,5.64
L001706,2025-04-23,T0045,Drew Miller,"Kansas City, MO → Richmond, VA",1107,2302.56,1904.95,397.61,17.27
L001707,2025-06-23,T0266,Cameron Moore,"Denver, CO → New York, NY",1939,3761.66,3601.07,160.59,4.27
L001708,2025-06-19,T0264,Cameron Rodriguez,"Memphis, TN → San Jose, CA",269,866.18,439.5,426.68,49.26
L001709,2025-01-15,T0147,Emerson Taylor,"San Antonio, TX → Tampa, FL",729,1771.47,1220.14,551.33,31.12
L001710,2025-03-27,T0145,Jordan Gonzalez,"Columbus, OH → Milwaukee, WI",150,457.5,229.3,228.2,49.88
L001711,2025-02-09,T0122,Cameron Brown,"Savannah, GA → Cincinnati, OH",2481,6103.26,3937.07,2166.19,35.49
L001712,2025-09-14,T0231,Reese Miller,"Seattle, WA → New York, NY",545,1727.65,948.14,779.51,45.12
L001713,2025-07-08,T0208,Reese Garcia,"Indianapolis, IN → Tampa, FL",1494,3017.88,2598.56,419.32,13.89
L001714,2025-03-03,T0385,Taylor Johnson,"Columbus, OH → Buffalo, NY",172,641.56,317.21,324.35,50.56
L001715,2025-02-10,T0279,Harper Martin,"Indianapolis, IN → New York, NY",1634,3186.3,2889.61,296.69,9.31
L001716,2025-01-03,T0027,Harper Martin,"Chicago, IL → Minneapolis, MN",2245,5163.5,4135.25,1028.25,19.91
L001717,2025-03-19,T0236,Drew Miller,"Indianapolis, IN → Norfolk, VA",584,1699.44,1058.33,641.11,37.72
L001718,2025-01-09,T0241,Kai Brown,"Savannah, GA → Milwaukee, WI",230,920.0,431.58,488.42,53.09
L001719,2025-01-11,T0096,Kai Thomas,"Los Angeles, CA → Tampa, FL",859,1451.71,1519.41,-67.7,-4.66
L001720,2025-09-02,T0374,Drew Jackson,"Indianapolis, IN → New York, NY",835,1803.6,1463.68,339.92,18.85
L001721,2025-04-12,T0151,Micah Smith,"Columbus, OH → San Jose, CA",1165,2563.0,2258.1,304.9,11.9
L001722,2025-01-29,T0114,Jordan Miller,"Savannah, GA → Salt Lake City, UT",1689,3732.69,2751.21,981.48,26.29
L001723,2025-02-22,T0212,Quinn Williams,"Atlanta, GA → Minneapolis, MN",1675,3886.0,3058.53,827.47,21.29
L001724,2025-01-10,T0258,Rowan Jackson,"Savannah, GA → Louisville, KY",2049,4835.64,3438.59,1397.05,28.89
L001725,2025-06-03,T0355,Morgan Jones,"Indianapolis, IN → Orlando, FL",2275,4777.5,4160.92,616.58,12.91
L001726,2025-07-18,T0268,Finley Jones,"Columbus, OH → Philadelphia, PA",171,654.93,295.77,359.16,54.84
L001727,2025-03-29,T0068,Finley Thomas,"Seattle, WA → Philadelphia, PA",1379,2564.94,2816.14,-251.2,-9.79
L001728,2025-08-12,T0073,Cameron Smith,"Memphis, TN → Louisville, KY",427,1071.77,701.17,370.6,34.58
L001729,2025-06-30,T0085,Taylor Moore,"Charlotte, NC → San Diego, CA",2255,4780.6,3792.84,987.76,20.66
L001730,2025-06-15,T0176,Cameron Williams,"Portland, OR → Minneapolis, MN",2368,4215.04,3800.52,414.52,9.83
L001731,2025-09-05,T0188,Jordan Miller,"Atlanta, GA → Philadelphia, PA",1177,2848.34,1973.73,874.61,30.71
L001732,2025-08-23,T0046,Taylor Johnson,"Miami, FL → Raleigh, NC",1056,2112.0,1869.04,242.96,11.5
L001733,2025-08-08,T0007,Avery Anderson,"Atlanta, GA → Jacksonville, FL",955,1957.75,1739.53,218.22,11.15
L001734,2025-05-04,T0055,Logan Lopez,"Portland, OR → Pittsburgh, PA",1630,3504.5,2832.11,672.39,19.19
L001735,2025-04-01,T0096,Jesse Williams,"Houston, TX → Boise, ID",706,1849.72,1165.65,684.07,36.98
L001736,2025-04-27,T0103,Alex Smith,"Kansas City, MO → Raleigh, NC",2190,5146.5,3771.84,1374.66,26.71
L001737,2025-02-11,T0175,Alex Martinez,"Indianapolis, IN → Buffalo, NY",197,774.21,361.37,412.84,53.32
L001738,2025-05-19,T0365,Emerson Brown,"Newark, NJ → Birmingham, AL",2169,5140.53,3451.42,1689.11,32.86
L001739,2025-05-25,T0170,Taylor Johnson,"Columbus, OH → Cincinnati, OH",1698,3888.42,3125.03,763.39,19.63
L001740,2025-02-06,T0232,Harper Hernandez,"Chicago, IL → Buffalo, NY",337,1054.81,610.36,444.45,42.14
L001741,2025-09-01,T0372,Micah Jackson,"Los Angeles, CA → Richmond, VA",757,2028.76,1425.96,602.8,29.71
L001742,2025-04-11,T0202,Logan Lopez,"Seattle, WA → New York, NY",1305,2831.85,2405.66,426.19,15.05
L001743,2025-09-11,T0065,Alex Thomas,"Portland, OR → Orlando, FL",1288,2125.2,2300.08,-174.88,-8.23
L001744,2025-03-29,T0040,Harper Smith,"Indianapolis, IN → Tampa, FL",1416,2591.28,2747.76,-156.48,-6.04
L001745,2025-04-05,T0006,Riley Miller,"Memphis, TN → Tampa, FL",923,1809.08,1766.54,42.54,2.35
L001746,2025-02-18,T0346,Cameron Brown,"Dallas, TX → Jacksonville, FL",2394,4381.02,4218.4,162.62,3.71
L001747,2025-03-11,T0282,Kai Brown,"Kansas City, MO → Louisville, KY",1970,3959.7,3462.1,497.6,12.57
L001748,2025-03-08,T0352,Hayden Taylor,"Houston, TX → Buffalo, NY",669,1899.96,1228.59,671.37,35.34
L001749,2025-07-18,T0322,Casey Johnson,"Nashville, TN → Pittsburgh, PA",767,2132.26,1230.83,901.43,42.28
L001750,2025-06-06,T0062,Jesse Gonzalez,"Atlanta, GA → Boise, ID",584,1547.6,1038.09,509.51,32.92
L001751,2025-04-07,T0062,Rowan Rodriguez,"Nashville, TN → Jacksonville, FL",2191,4075.26,3667.91,407.35,10.0
L001752,2025-05-07,T0363,Taylor Rodriguez,"Savannah, GA → Jacksonville, FL",1224,2705.04,2194.27,510.77,18.88
L001753,2025-02-15,T0008,Jesse Williams,"San Antonio, TX → Baltimore, MD",2348,4789.92,3873.86,916.06,19.12
L001754,2025-01-13,T0137,Quinn Thomas,"Miami, FL → Minneapolis, MN",1841,4234.3,3390.12,844.18,19.94
L001755,2025-09-13,T0078,Casey Johnson,"Charlotte, NC → Buffalo, NY",2184,5045.04,3468.51,1576.53,31.25
L001756,2025-06-10,T0125,Jesse Lopez,"Columbus, OH → Buffalo, NY",2057,4998.51,3477.52,1520.99,30.43
L001757,2025-08-29,T0146,Alex Williams,"Savannah, GA → Philadelphia, PA",1290,3096.0,2185.05,910.95,29.42
L001758,2025-04-03,T0235,Reese Taylor,"Denver, CO → Cincinnati, OH",766,2160.12,1307.16,852.96,39.49
L001759,2025-01-25,T0049,Kai Thomas,"Indianapolis, IN → Buffalo, NY",234,840.06,419.95,420.11,50.01
L001760,2025-08-20,T0197,Hayden Lopez,"Savannah, GA → Orlando, FL",145,523.45,351.9,171.55,32.77
L001761,2025-06-08,T0371,Alex Martinez,"Boston, MA → Jacksonville, FL",1416,2293.92,2278.21,15.71,0.68
L001762,2025-06-10,T0127,Avery Jones,"Savannah, GA → Norfolk, VA",1693,3589.16,3114.51,474.65,13.22
L001763,2025-09-07,T0162,Morgan Jones,"Savannah, GA → Norfolk, VA",2075,5104.5,3796.66,1307.84,25.62
L001764,2025-02-22,T0306,Kai Martin,"Miami, FL → Minneapolis, MN",528,1684.32,955.59,728.73,43.27
L001765,2025-03-03,T0328,Alex Johnson,"Newark, NJ → San Diego, CA",1999,4897.55,3859.36,1038.19,21.2
L001766,2025-06-11,T0051,Harper Taylor,"Atlanta, GA → Philadelphia, PA",663,1591.2,1212.74,378.46,23.78
L001767,2025-06-03,T0122,Alex Smith,"Newark, NJ → San Diego, CA",2166,4721.88,3648.4,1073.48,22.73
L001768,2025-08-09,T0261,Riley Thomas,"Miami, FL → Salt Lake City, UT",163,625.92,268.2,357.72,57.15
L001769,2025-04-16,T0125,Drew Jones,"Indianapolis, IN → New York, NY",1386,3229.38,2323.73,905.65,28.04
L001770,2025-07-11,T0252,Alex Johnson,"Columbus, OH → Salt Lake City, UT",723,1626.75,1461.63,165.12,10.15
L001771,2025-05-01,T0071,Alex Martinez,"Boston, MA → Orlando, FL",1323,2182.95,2345.23,-162.28,-7.43
L001772,2025-09-10,T0122,Finley Martin,"San Antonio, TX → Buffalo, NY",1070,2140.0,1870.12,269.88,12.61
L001773,2025-05-25,T0396,Alex Williams,"Savannah, GA → Salt Lake City, UT",1240,2703.2,2161.68,541.52,20.03
L001774,2025-08-07,T0225,Casey Smith,"Savannah, GA → Orlando, FL",2413,4319.27,4644.55,-325.28,-7.53
L001775,2025-04-08,T0284,Finley Jackson,"Newark, NJ → Raleigh, NC",2150,4579.5,3760.3,819.2,17.89
L001776,2025-06-18,T0399,Rowan Jackson,"San Antonio, TX → Birmingham, AL",400,1236.0,704.35,531.65,43.01
L001777,2025-01-26,T0284,Alex Brown,"Houston, TX → Buffalo, NY",1416,2888.64,2250.43,638.21,22.09
L001778,2025-05-05,T0343,Micah Smith,"Los Angeles, CA → Philadelphia, PA",2267,5032.74,3829.32,1203.42,23.91
L001779,2025-09-02,T0096,Reese Williams,"Seattle, WA → Richmond, VA",2289,4692.45,4123.34,569.11,12.13
L001780,2025-04-24,T0358,Kai Brown,"Kansas City, MO → Pittsburgh, PA",2464,5815.04,4248.24,1566.8,26.94
L001781,2025-03-27,T0142,Riley Hernandez,"Newark, NJ → Raleigh, NC",1518,3719.1,2689.83,1029.27,27.68
L001782,2025-05-23,T0301,Taylor Johnson,"Denver, CO → San Jose, CA",1842,4310.28,3179.01,1131.27,26.25
L001783,2025-07-19,T0241,Micah Martinez,"Denver, CO → Raleigh, NC",141,549.9,234.76,315.14,57.31
L001784,2025-06-30,T0383,Drew Jackson,"Los Angeles, CA → Milwaukee, WI",2125,4356.25,3825.38,530.87,12.19
L001785,2025-04-12,T0168,Kai Johnson,"Savannah, GA → Birmingham, AL",2354,5673.14,3954.94,1718.2,30.29
L001786,2025-04-11,T0377,Logan Williams,"Atlanta, GA → Cincinnati, OH",2309,5495.42,4595.06,900.36,16.38
L001787,2025-01-16,T0262,Riley Miller,"Houston, TX → Richmond, VA",681,1511.82,1251.02,260.8,17.25
L001788,2025-01-26,T0284,Harper Taylor,"Seattle, WA → Philadelphia, PA",2397,5225.46,3905.81,1319.65,25.25
L001789,2025-04-10,T0393,Harper Gonzalez,"Portland, OR → Milwaukee, WI",2316,4261.44,3906.3,355.14,8.33
L001790,2025-05-19,T0048,Hayden Gonzalez,"Phoenix, AZ → Salt Lake City, UT",2180,4381.8,4175.66,206.14,4.7
L001791,2025-05-08,T0105,Hayden Martin,"Memphis, TN → Cincinnati, OH",255,923.1,448.75,474.35,51.39
L001792,2025-01-06,T0253,Jesse Martinez,"San Antonio, TX → Jacksonville, FL",1340,2626.4,2063.65,562.75,21.43
L001793,2025-03-08,T0338,Harper Smith,"Columbus, OH → Pittsburgh, PA",751,1682.24,1475.48,206.76,12.29
L001794,2025-04-17,T0052,Jesse Gonzalez,"Denver, CO → Baltimore, MD",1531,2908.9,2840.3,68.6,2.36
L001795,2025-02-15,T0167,Jordan Gonzalez,"Portland, OR → Boise, ID",969,2422.5,1856.71,565.79,23.36
L001796,2025-03-06,T0290,Alex Martinez,"Portland, OR → Raleigh, NC",439,1229.2,866.92,362.28,29.47
L001797,2025-05-11,T0354,Alex Jackson,"Denver, CO → Raleigh, NC",836,1371.04,1391.54,-20.5,-1.5
L001798,2025-06-23,T0142,Taylor Williams,"Charlotte, NC → Richmond, VA",2113,3951.31,3903.84,47.47,1.2
L001799,2025-03-05,T0029,Emerson Rodriguez,"Dallas, TX → Pittsburgh, PA",2137,4872.36,3584.63,1287.73,26.43
L001800,2025-05-14,T0008,Reese Moore,"San Antonio, TX → Salt Lake City, UT",995,2159.15,1666.19,492.96,22.83
L001801,2025-03-06,T0160,Drew Jackson,"Denver, CO → Boise, ID",254,822.96,402.43,420.53,51.1
L001802,2025-05-31,T0262,Taylor Wilson,"Indianapolis, IN → Boise, ID",1746,3142.8,3213.4,-70.6,-2.25
L001803,2025-04-21,T0180,Finley Davis,"Miami, FL → Philadelphia, PA",2324,3741.64,4285.21,-543.57,-14.53
L001804,2025-08-11,T0380,Alex Williams,"Miami, FL → Salt Lake City, UT",1997,3894.15,3608.71,285.44,7.33
L001805,2025-06-20,T0240,Jesse Lopez,"Newark, NJ → Minneapolis, MN",861,1945.86,1611.22,334.64,17.2
L001806,2025-06-26,T0251,Alex Johnson,"Newark, NJ → San Jose, CA",1111,2310.88,2046.04,264.84,11.46
L001807,2025-02-27,T0292,Jordan Thomas,"Newark, NJ → Philadelphia, PA",2082,4164.0,4069.79,94.21,2.26
L001808,2025-06-13,T0255,Harper Martin,"Kansas City, MO → Cincinnati, OH",818,1725.98,1305.8,420.18,24.34
L001809,2025-07-14,T0042,Kai Martin,"Indianapolis, IN → Minneapolis, MN",2158,3949.14,3769.79,179.35,4.54
L001810,2025-03-10,T0045,Riley Thomas,"Atlanta, GA → Cincinnati, OH",2494,5636.44,4137.51,1498.93,26.59
L001811,2025-03-05,T0288,Logan Thomas,"San Antonio, TX → Norfolk, VA",2280,3898.8,4322.27,-423.47,-10.86
L001812,2025-07-16,T0260,Avery Thomas,"Phoenix, AZ → Baltimore, MD",1701,2721.6,3069.5,-347.9,-12.78
L001813,2025-06-22,T0144,Jordan Gonzalez,"Dallas, TX → New York, NY",407,1298.33,667.05,631.28,48.62
L001814,2025-03-03,T0158,Micah Martinez,"Savannah, GA → Birmingham, AL",1697,2901.87,3080.69,-178.82,-6.16
L001815,2025-04-13,T0340,Taylor Johnson,"Seattle, WA → Salt Lake City, UT",2484,4620.24,4739.75,-119.51,-2.59
L001816,2025-06-02,T0082,Reese Thomas,"Savannah, GA → New York, NY",2333,5319.24,3946.61,1372.63,25.8
L001817,2025-04-08,T0329,Harper Wilson,"Charlotte, NC → Pittsburgh, PA",1355,2831.95,2619.06,212.89,7.52
L001818,2025-07-17,T0272,Alex Johnson,"Seattle, WA → Jacksonville, FL",689,2129.01,1141.29,987.72,46.39
L001819,2025-04-10,T0343,Riley Garcia,"Los Angeles, CA → Tampa, FL",1697,3818.25,2733.33,1084.92,28.41
L001820,2025-09-12,T0259,Morgan Taylor,"Miami, FL → Milwaukee, WI",1978,4213.14,3786.44,426.7,10.13
L001821,2025-04-20,T0300,Drew Miller,"Portland, OR → San Diego, CA",1312,2663.36,2500.46,162.9,6.12
L001822,2025-07-20,T0179,Jordan Thomas,"Columbus, OH → Buffalo, NY",2147,4658.99,4525.28,133.71,2.87
L001823,2025-07-03,T0239,Kai Thomas,"Charlotte, NC → Jacksonville, FL",2485,5342.75,4463.5,879.25,16.46
L001824,2025-02-05,T0272,Harper Davis,"Houston, TX → Cincinnati, OH",421,1330.36,712.66,617.7,46.43
L001825,2025-08-29,T0358,Emerson Brown,"Phoenix, AZ → New York, NY",2113,4521.82,3944.06,577.76,12.78
L001826,2025-04-13,T0202,Casey Garcia,"Phoenix, AZ → Salt Lake City, UT",2019,3412.11,3745.62,-333.51,-9.77
L001827,2025-04-15,T0300,Hayden Garcia,"Columbus, OH → Richmond, VA",1621,2885.38,3035.91,-150.53,-5.22
L001828,2025-01-12,T0288,Alex Thomas,"Nashville, TN → Salt Lake City, UT",1255,2095.85,2327.12,-231.27,-11.03
L001829,2025-02-18,T0342,Rowan Taylor,"Boston, MA → San Jose, CA",1973,3768.43,3227.26,541.17,14.36
L001830,2025-01-12,T0232,Riley Garcia,"Chicago, IL → Orlando, FL",1506,2996.94,2807.82,189.12,6.31
L001831,2025-09-18,T0074,Taylor Moore,"Charlotte, NC → Buffalo, NY",2041,4714.71,3792.81,921.9,19.55
L001832,2025-08-02,T0016,Jesse Williams,"Kansas City, MO → Richmond, VA",1797,3629.94,3300.9,329.04,9.06
L001833,2025-09-05,T0181,Morgan Anderson,"Los Angeles, CA → San Jose, CA",2276,4005.76,3683.85,321.91,8.04
L001834,2025-08-07,T0386,Alex Thomas,"Columbus, OH → Jacksonville, FL",2056,3598.0,3453.58,144.42,4.01
L001835,2025-08-27,T0389,Jordan Davis,"Boston, MA → Salt Lake City, UT",1371,2563.77,2210.3,353.47,13.79
L001836,2025-01-14,T0116,Quinn Taylor,"Savannah, GA → Baltimore, MD",458,1401.48,872.98,528.5,37.71
L001837,2025-07-08,T0097,Jordan Miller,"Seattle, WA → Philadelphia, PA",2215,3743.35,4358.84,-615.49,-16.44
L001838,2025-07-24,T0189,Taylor Rodriguez,"Memphis, TN → Cincinnati, OH",381,1101.09,653.48,447.61,40.65
L001839,2025-06-23,T0123,Finley Taylor,"Boston, MA → New York, NY",2169,4489.83,3936.34,553.49,12.33
L001840,2025-01-05,T0389,Harper Davis,"San Antonio, TX → Salt Lake City, UT",1401,3152.25,2640.21,512.04,16.24
L001841,2025-07-16,T0198,Taylor Miller,"Dallas, TX → Norfolk, VA",1157,2568.54,2142.79,425.75,16.58
L001842,2025-05-07,T0111,Hayden Taylor,"Seattle, WA → Pittsburgh, PA",2282,4290.16,3691.3,598.86,13.96
L001843,2025-04-07,T0139,Morgan Anderson,"Memphis, TN → San Jose, CA",2101,4433.11,3460.04,973.07,21.95
L001844,2025-07-21,T0029,Taylor Gonzalez,"Kansas City, MO → Baltimore, MD",894,1770.12,1548.38,221.74,12.53
L001845,2025-05-18,T0050,Drew Rodriguez,"Savannah, GA → Pittsburgh, PA",797,2470.7,1404.37,1066.33,43.16
L001846,2025-08-02,T0249,Morgan Gonzalez,"Savannah, GA → Buffalo, NY",390,982.8,672.2,310.6,31.6
L001847,2025-01-03,T0120,Jesse Brown,"Dallas, TX → San Jose, CA",548,1331.64,1017.42,314.22,23.6
L001848,2025-02-18,T0248,Rowan Jackson,"Los Angeles, CA → Norfolk, VA",1806,3196.62,3277.46,-80.84,-2.53
L001849,2025-09-18,T0183,Morgan Taylor,"Columbus, OH → Louisville, KY",2121,4284.42,3687.22,597.2,13.94
L001850,2025-07-01,T0042,Harper Davis,"Dallas, TX → Baltimore, MD",2058,3766.14,3698.93,67.21,1.78
L001851,2025-01-13,T0170,Alex Johnson,"Chicago, IL → Boise, ID",1724,3189.4,2816.28,373.12,11.7
L001852,2025-09-15,T0019,Hayden Taylor,"Boston, MA → Birmingham, AL",780,2402.4,1220.5,1181.9,49.2
L001853,2025-03-20,T0343,Kai Thomas,"Miami, FL → Salt Lake City, UT",879,1670.1,1590.35,79.75,4.78
L001854,2025-08-08,T0182,Casey Garcia,"Nashville, TN → Raleigh, NC",1752,4257.36,3177.38,1079.98,25.37
L001855,2025-05-08,T0333,Rowan Gonzalez,"Los Angeles, CA → Birmingham, AL",2129,3619.3,3964.5,-345.2,-9.54
L001856,2025-07-19,T0395,Jesse Martin,"Miami, FL → New York, NY",389,1131.99,848.17,283.82,25.07
L001857,2025-08-24,T0213,Jesse Brown,"Phoenix, AZ → Salt Lake City, UT",1412,2372.16,2445.61,-73.45,-3.1
L001858,2025-08-27,T0205,Kai Garcia,"Seattle, WA → San Diego, CA",2125,4526.25,3399.78,1126.47,24.89
L001859,2025-07-20,T0351,Kai Johnson,"Kansas City, MO → Louisville, KY",931,1796.83,1564.17,232.66,12.95
L001860,2025-05-26,T0286,Logan Miller,"Indianapolis, IN → Milwaukee, WI",1444,3335.64,2365.02,970.62,29.1
L001861,2025-09-19,T0046,Logan Williams,"Phoenix, AZ → Buffalo, NY",1377,2643.84,2302.67,341.17,12.9
L001862,2025-05-28,T0029,Quinn Anderson,"Nashville, TN → Norfolk, VA",749,1865.01,1265.8,599.21,32.13
L001863,2025-09-11,T0229,Avery Jones,"Savannah, GA → Tampa, FL",2065,4728.85,3436.07,1292.78,27.34
L001864,2025-05-14,T0282,Hayden Lopez,"Los Angeles, CA → Norfolk, VA",992,2212.16,1668.09,544.07,24.59
L001865,2025-03-22,T0251,Logan Brown,"Kansas City, MO → Norfolk, VA",1999,4177.91,3087.37,1090.54,26.1
L001866,2025-02-16,T0314,Harper Smith,"Miami, FL → Minneapolis, MN",2032,4876.8,3601.42,1275.38,26.15
L001867,2025-07-22,T0109,Avery Martinez,"Memphis, TN → Cincinnati, OH",2287,5488.8,4378.35,1110.45,20.23
L001868,2025-04-09,T0020,Riley Hernandez,"Chicago, IL → Cincinnati, OH",301,884.94,548.86,336.08,37.98
L001869,2025-04-20,T0280,Riley Garcia,"Savannah, GA → Milwaukee, WI",740,1990.6,1288.65,701.95,35.26
L001870,2025-05-24,T0087,Drew Rodriguez,"Atlanta, GA → Milwaukee, WI",1846,3008.98,3175.32,-166.34,-5.53
L001871,2025-03-20,T0290,Kai Thomas,"Charlotte, NC → Minneapolis, MN",1085,1811.95,1930.34,-118.39,-6.53
L001872,2025-02-21,T0386,Alex Williams,"Atlanta, GA → Jacksonville, FL",2435,5064.8,4028.13,1036.67,20.47
L001873,2025-04-05,T0174,Finley Jones,"Kansas City, MO → Louisville, KY",1347,2707.47,2396.49,310.98,11.49
L001874,2025-05-14,T0088,Harper Williams,"Nashville, TN → San Jose, CA",491,1193.13,991.17,201.96,16.93
L001875,2025-01-28,T0281,Logan Miller,"Indianapolis, IN → Birmingham, AL",455,1060.15,851.74,208.41,19.66
L001876,2025-06-20,T0333,Jesse Gonzalez,"Denver, CO → Richmond, VA",1629,3600.09,2662.07,938.02,26.06
L001877,2025-06-27,T0136,Logan Williams,"Indianapolis, IN → Minneapolis, MN",1061,1877.97,1851.26,26.71,1.42
L001878,2025-01-21,T0295,Hayden Anderson,"Los Angeles, CA → San Jose, CA",578,1450.78,993.49,457.29,31.52
L001879,2025-07-01,T0051,Taylor Rodriguez,"Phoenix, AZ → Norfolk, VA",2175,3545.25,3749.8,-204.55,-5.77
L001880,2025-06-29,T0024,Drew Jones,"Newark, NJ → Norfolk, VA",2470,5730.4,4404.91,1325.49,23.13
L001881,2025-06-14,T0024,Quinn Martinez,"Kansas City, MO → Milwaukee, WI",1238,2315.06,2354.02,-38.96,-1.68
L001882,2025-08-13,T0276,Rowan Jackson,"Atlanta, GA → Raleigh, NC",2292,5454.96,4484.57,970.39,17.79
L001883,2025-05-11,T0039,Taylor Moore,"Los Angeles, CA → San Jose, CA",653,1776.16,1146.48,629.68,35.45
L001884,2025-06-15,T0182,Jesse Williams,"Columbus, OH → Baltimore, MD",143,523.38,243.15,280.23,53.54
L001885,2025-09-16,T0147,Riley Moore,"Los Angeles, CA → New York, NY",1774,3264.16,2971.79,292.37,8.96
L001886,2025-06-26,T0046,Rowan Rodriguez,"Nashville, TN → Philadelphia, PA",1800,3078.0,3023.69,54.31,1.76
L001887,2025-02-02,T0327,Riley Garcia,"Portland, OR → Pittsburgh, PA",1812,2971.68,3621.81,-650.13,-21.88
L001888,2025-06-11,T0152,Micah Rodriguez,"Indianapolis, IN → Louisville, KY",1539,3739.77,2304.82,1434.95,38.37
L001889,2025-04-29,T0016,Harper Davis,"Columbus, OH → Minneapolis, MN",2459,5458.98,4713.49,745.49,13.66
L001890,2025-01-17,T0242,Morgan Miller,"Kansas City, MO → Jacksonville, FL",1131,2058.42,1882.93,175.49,8.53
L001891,2025-05-10,T0184,Cameron Davis,"Houston, TX → Baltimore, MD",1165,2481.45,2205.96,275.49,11.1
L001892,2025-02-12,T0196,Quinn Thomas,"Chicago, IL → Baltimore, MD",2132,4370.6,3375.07,995.53,22.78
L001893,2025-07-12,T0279,Morgan Miller,"Kansas City, MO → Boise, ID",385,1108.8,738.61,370.19,33.39
L001894,2025-05-20,T0117,Jesse Williams,"Atlanta, GA → Milwaukee, WI",1773,3847.41,3315.42,531.99,13.83
L001895,2025-07-01,T0353,Micah Brown,"Miami, FL → New York, NY",1679,3912.07,3008.18,903.89,23.11
L001896,2025-09-01,T0199,Alex Thomas,"Memphis, TN → Baltimore, MD",1585,2646.95,2764.97,-118.02,-4.46
L001897,2025-08-27,T0278,Drew Miller,"Kansas City, MO → Philadelphia, PA",2396,4384.68,4219.39,165.29,3.77
L001898,2025-01-05,T0063,Alex Williams,"Los Angeles, CA → Louisville, KY",1312,3175.04,2390.0,785.04,24.73
L001899,2025-05-23,T0013,Kai Garcia,"Boston, MA → Louisville, KY",1432,2291.2,2668.6,-377.4,-16.47
L001900,2025-09-19,T0314,Finley Jones,"Columbus, OH → Baltimore, MD",1550,2805.5,2761.62,43.88,1.56
L001901,2025-04-20,T0055,Kai Garcia,"Kansas City, MO → San Jose, CA",2226,4563.3,3948.8,614.5,13.47
L001902,2025-07-30,T0005,Avery Anderson,"Kansas City, MO → Tampa, FL",886,2126.4,1776.06,350.34,16.48
L001903,2025-09-15,T0207,Kai Brown,"Nashville, TN → Philadelphia, PA",746,1835.16,1283.82,551.34,30.04
L001904,2025-02-25,T0382,Morgan Gonzalez,"Phoenix, AZ → Salt Lake City, UT",2235,4157.1,3510.43,646.67,15.56
L001905,2025-09-10,T0028,Drew Jackson,"Chicago, IL → Milwaukee, WI",1189,2496.9,2086.48,410.42,16.44
L001906,2025-05-09,T0153,Harper Hernandez,"Newark, NJ → San Jose, CA",1762,4034.98,2818.16,1216.82,30.16
L001907,2025-03-11,T0170,Harper Gonzalez,"Atlanta, GA → Buffalo, NY",2113,4416.17,3684.73,731.44,16.56
L001908,2025-01-28,T0072,Harper Miller,"Savannah, GA → Cincinnati, OH",963,2176.38,1673.2,503.18,23.12
L001909,2025-04-24,T0126,Reese Miller,"Denver, CO → Jacksonville, FL",876,1883.4,1598.91,284.49,15.11
L001910,2025-03-26,T0248,Logan Hernandez,"Miami, FL → New York, NY",2414,4755.58,4369.36,386.22,8.12
L001911,2025-06-19,T0056,Finley Martin,"Houston, TX → San Jose, CA",1822,3953.74,2927.99,1025.75,25.94
L001912,2025-08-21,T0237,Rowan Jackson,"Seattle, WA → Orlando, FL",371,972.02,743.79,228.23,23.48
L001913,2025-06-25,T0274,Finley Jackson,"Seattle, WA → Cincinnati, OH",896,1442.56,1679.86,-237.3,-16.45
L001914,2025-02-06,T0250,Morgan Jones,"Charlotte, NC → Birmingham, AL",659,1528.88,1113.07,415.81,27.2
L001915,2025-09-15,T0284,Rowan Brown,"Boston, MA → Cincinnati, OH",2340,5569.2,4067.23,1501.97,26.97
L001916,2025-09-07,T0279,Harper Rodriguez,"Houston, TX → San Jose, CA",1511,3445.08,2810.97,634.11,18.41
L001917,2025-07-14,T0227,Riley Miller,"Kansas City, MO → Norfolk, VA",1355,2913.25,2393.62,519.63,17.84
L001918,2025-08-24,T0215,Finley Lopez,"Newark, NJ → Tampa, FL",1199,2997.5,2018.53,978.97,32.66
L001919,2025-06-05,T0309,Taylor Miller,"Savannah, GA → Orlando, FL",951,1531.11,1613.18,-82.07,-5.36
L001920,2025-04-06,T0071,Avery Thomas,"Memphis, TN → Norfolk, VA",1449,2984.94,2572.9,412.04,13.8
L001921,2025-07-29,T0347,Emerson Williams,"Indianapolis, IN → Raleigh, NC",1638,3865.68,2543.56,1322.12,34.2
L001922,2025-05-23,T0054,Alex Martin,"Los Angeles, CA → Buffalo, NY",1148,2341.92,1936.36,405.56,17.32
L001923,2025-07-30,T0378,Quinn Williams,"Newark, NJ → Tampa, FL",1572,3285.48,2664.56,620.92,18.9
L001924,2025-01-31,T0201,Hayden Moore,"Phoenix, AZ → San Diego, CA",259,813.26,435.95,377.31,46.4
L001925,2025-08-06,T0266,Finley Taylor,"Houston, TX → Raleigh, NC",2337,5468.58,4035.81,1432.77,26.2
L001926,2025-05-19,T0163,Hayden Anderson,"San Antonio, TX → Birmingham, AL",1876,3414.32,3240.63,173.69,5.09
L001927,2025-05-07,T0290,Casey Gonzalez,"Portland, OR → Orlando, FL",1951,3921.51,3472.08,449.43,11.46
L001928,2025-01-05,T0037,Micah Wilson,"Denver, CO → Louisville, KY",2091,5081.13,3684.95,1396.18,27.48
L001929,2025-06-11,T0188,Rowan Jackson,"Portland, OR → Jacksonville, FL",1169,2630.25,2175.96,454.29,17.27
L001930,2025-04-11,T0147,Micah Rodriguez,"Houston, TX → Tampa, FL",1799,3202.22,2810.28,391.94,12.24
L001931,2025-02-16,T0348,Rowan Gonzalez,"Indianapolis, IN → Jacksonville, FL",1921,3188.86,3105.74,83.12,2.61
L001932,2025-05-14,T0216,Alex Martinez,"Denver, CO → Cincinnati, OH",770,1994.3,1471.52,522.78,26.21
L001933,2025-08-13,T0337,Logan Lopez,"Phoenix, AZ → Richmond, VA",1671,3759.75,2930.29,829.46,22.06
L001934,2025-04-08,T0014,Alex Thomas,"Nashville, TN → Orlando, FL",1606,3950.76,2650.92,1299.84,32.9
L001935,2025-07-31,T0385,Kai Martinez,"Seattle, WA → New York, NY",2083,4228.49,3668.24,560.25,13.25
L001936,2025-02-24,T0331,Taylor Moore,"Columbus, OH → Jacksonville, FL",1249,2310.65,2419.6,-108.95,-4.72
L001937,2025-08-05,T0098,Reese Thomas,"Newark, NJ → San Jose, CA",922,1678.04,1653.2,24.84,1.48
L001938,2025-08-17,T0333,Jesse Martin,"Columbus, OH → Baltimore, MD",1346,2772.76,2320.61,452.15,16.31
L001939,2025-05-23,T0317,Jesse Gonzalez,"Portland, OR → Tampa, FL",2251,4704.59,3766.7,937.89,19.94
L001940,2025-04-20,T0128,Finley Jackson,"Nashville, TN → Buffalo, NY",1739,4295.33,2907.04,1388.29,32.32
L001941,2025-04-07,T0286,Quinn Williams,"Columbus, OH → Boise, ID",1566,3382.56,2981.99,400.57,11.84
L001942,2025-08-04,T0068,Jesse Gonzalez,"Charlotte, NC → Richmond, VA",2088,4259.52,3648.24,611.28,14.35
L001943,2025-02-17,T0293,Harper Davis,"Columbus, OH → Raleigh, NC",1876,4371.08,3375.85,995.23,22.77
L001944,2025-05-09,T0295,Jesse Brown,"Columbus, OH → San Diego, CA",2331,4125.87,4124.52,1.35,0.03
L001945,2025-01-01,T0118,Hayden Lopez,"Atlanta, GA → Buffalo, NY",1567,2663.9,2906.31,-242.41,-9.1
L001946,2025-01-30,T0023,Alex Johnson,"Savannah, GA → Louisville, KY",649,1447.27,1181.78,265.49,18.34
L001947,2025-02-13,T0178,Emerson Rodriguez,"Houston, TX → Boise, ID",508,1457.96,820.83,637.13,43.7
L001948,2025-02-24,T0137,Drew Rodriguez,"Dallas, TX → San Jose, CA",1517,3185.7,2455.16,730.54,22.93
L001949,2025-01-03,T0313,Jordan Taylor,"Nashville, TN → Minneapolis, MN",1874,4628.78,3091.38,1537.4,33.21
L001950,2025-05-26,T0045,Hayden Gonzalez,"Newark, NJ → Philadelphia, PA",500,1305.0,961.59,343.41,26.32
L001951,2025-07-01,T0152,Hayden Moore,"Dallas, TX → Jacksonville, FL",2018,4096.54,3610.43,486.11,11.87
L001952,2025-09-08,T0032,Emerson Taylor,"Savannah, GA → Buffalo, NY",1305,2362.05,2304.59,57.46,2.43
L001953,2025-06-04,T0133,Jesse Martin,"Los Angeles, CA → Norfolk, VA",702,2098.98,1353.67,745.31,35.51
L001954,2025-07-27,T0251,Finley Martin,"Columbus, OH → Jacksonville, FL",1328,2509.92,2249.66,260.26,10.37
L001955,2025-02-03,T0161,Morgan Jones,"Houston, TX → Tampa, FL",2291,5338.03,4301.84,1036.19,19.41
L001956,2025-07-17,T0132,Harper Gonzalez,"Memphis, TN → Birmingham, AL",2081,3724.99,3754.43,-29.44,-0.79
L001957,2025-05-17,T0369,Taylor Johnson,"Charlotte, NC → Milwaukee, WI",1948,4051.84,3290.21,761.63,18.8
L001958,2025-08-24,T0252,Drew Jackson,"Newark, NJ → Pittsburgh, PA",679,1527.75,1127.68,400.07,26.19
L001959,2025-03-13,T0175,Jesse Williams,"Los Angeles, CA → Jacksonville, FL",1408,2266.88,2443.65,-176.77,-7.8
L001960,2025-01-09,T0215,Finley Jones,"Seattle, WA → Salt Lake City, UT",836,1772.32,1478.44,293.88,16.58
L001961,2025-09-01,T0331,Drew Garcia,"Columbus, OH → New York, NY",912,1495.68,1816.43,-320.75,-21.45
L001962,2025-08-02,T0378,Alex Thomas,"Nashville, TN → Salt Lake City, UT",2285,5369.75,3883.26,1486.49,27.68
L001963,2025-03-18,T0048,Morgan Jones,"Los Angeles, CA → Orlando, FL",684,1641.6,1099.21,542.39,33.04
L001964,2025-07-26,T0068,Kai Hernandez,"Memphis, TN → Milwaukee, WI",2119,4767.75,3377.68,1390.07,29.16
L001965,2025-04-05,T0324,Logan Miller,"Atlanta, GA → Norfolk, VA",828,1896.12,1506.94,389.18,20.52
L001966,2025-06-30,T0288,Harper Gonzalez,"Indianapolis, IN → San Diego, CA",228,841.32,430.42,410.9,48.84
L001967,2025-08-13,T0014,Jesse Martinez,"Houston, TX → Birmingham, AL",1736,2933.84,3306.33,-372.49,-12.7
L001968,2025-05-05,T0037,Alex Martin,"Los Angeles, CA → Orlando, FL",469,1102.15,913.64,188.51,17.1
L001969,2025-05-31,T0335,Jordan Moore,"Phoenix, AZ → San Diego, CA",1998,3456.54,3655.84,-199.3,-5.77
L001970,2025-03-21,T0364,Finley Jackson,"Newark, NJ → Pittsburgh, PA",1358,2186.38,2841.94,-655.56,-29.98
L001971,2025-05-29,T0368,Reese Garcia,"Savannah, GA → San Diego, CA",397,901.19,615.35,285.84,31.72
L001972,2025-03-01,T0066,Quinn Anderson,"San Antonio, TX → New York, NY",1848,4084.08,3245.18,838.9,20.54
L001973,2025-06-19,T0290,Harper Davis,"Kansas City, MO → New York, NY",588,1675.8,1135.82,539.98,32.22
L001974,2025-07-13,T0308,Kai Hernandez,"Houston, TX → Tampa, FL",980,2342.2,1734.38,607.82,25.95
L001975,2025-07-10,T0315,Emerson Rodriguez,"Atlanta, GA → Minneapolis, MN",1012,1862.08,1760.73,101.35,5.44
L001976,2025-09-10,T0088,Jordan Thomas,"Portland, OR → Birmingham, AL",2416,5677.6,4023.69,1653.91,29.13
L001977,2025-06-27,T0293,Kai Wilson,"Memphis, TN → Salt Lake City, UT",1367,2734.0,2603.52,130.48,4.77
L001978,2025-03-28,T0217,Drew Brown,"Dallas, TX → Richmond, VA",1617,3783.78,2684.14,1099.64,29.06
L001979,2025-01-22,T0054,Reese Thomas,"Portland, OR → Jacksonville, FL",2202,3699.36,4243.65,-544.29,-14.71
L001980,2025-04-06,T0138,Morgan Gonzalez,"Dallas, TX → Milwaukee, WI",684,1949.4,1166.09,783.31,40.18
L001981,2025-04-10,T0277,Rowan Taylor,"Boston, MA → Raleigh, NC",1289,2964.7,2525.3,439.4,14.82
L001982,2025-05-24,T0280,Avery Jones,"Atlanta, GA → San Diego, CA",123,484.62,209.16,275.46,56.84
L001983,2025-08-14,T0106,Jesse Lopez,"Miami, FL → Pittsburgh, PA",1332,2424.24,2298.11,126.13,5.2
L001984,2025-05-26,T0136,Morgan Taylor,"Seattle, WA → Milwaukee, WI",1087,1880.51,1826.56,53.95,2.87
L001985,2025-03-27,T0144,Rowan Jackson,"Charlotte, NC → Tampa, FL",1417,2777.32,2553.14,224.18,8.07
L001986,2025-08-16,T0074,Drew Williams,"Columbus, OH → Boise, ID",1392,2575.2,2481.94,93.26,3.62
L001987,2025-07-31,T0294,Rowan Miller,"Kansas City, MO → San Diego, CA",1623,2856.48,3002.11,-145.63,-5.1
L001988,2025-09-13,T0291,Harper Gonzalez,"Indianapolis, IN → Jacksonville, FL",1727,3125.87,2736.14,389.73,12.47
L001989,2025-08-22,T0060,Rowan Jackson,"Kansas City, MO → Milwaukee, WI",1253,2831.78,2107.91,723.87,25.56
L001990,2025-04-10,T0025,Logan Wilson,"Miami, FL → Boise, ID",2359,3797.99,4252.95,-454.96,-11.98
L001991,2025-06-15,T0143,Jordan Thomas,"Phoenix, AZ → Minneapolis, MN",2123,4352.15,3482.57,869.58,19.98
L001992,2025-02-25,T0199,Hayden Taylor,"Savannah, GA → Buffalo, NY",687,1552.62,1165.42,387.2,24.94
L001993,2025-02-27,T0380,Cameron Williams,"Dallas, TX → Buffalo, NY",382,962.64,664.76,297.88,30.94
L001994,2025-09-11,T0048,Morgan Jackson,"Indianapolis, IN → Birmingham, AL",2113,4690.86,3992.81,698.05,14.88
L001995,2025-01-29,T0197,Harper Taylor,"Nashville, TN → Birmingham, AL",2364,4538.88,4420.99,117.89,2.6
L001996,2025-06-19,T0331,Avery Anderson,"Savannah, GA → Richmond, VA",2093,3913.91,3757.55,156.36,3.99
L001997,2025-06-19,T0138,Jesse Martin,"Los Angeles, CA → Birmingham, AL",1717,3588.53,2910.65,677.88,18.89
L001998,2025-09-15,T0238,Reese Moore,"Los Angeles, CA → Minneapolis, MN",1991,3484.25,3423.75,60.5,1.74
L001999,2025-06-08,T0193,Casey Smith,"Kansas City, MO → Minneapolis, MN",2450,5243.0,4992.67,250.33,4.77
L002000,2025-06-03,T0143,Alex Williams,"Portland, OR → San Diego, CA",1608,4003.92,2678.81,1325.11,33.1
