Date,Segment,Region,Product,Customer,Channel,Units Sold,Unit Price,Discount Amount,Net Sales,COGS,Gross Profit,Operating Expense,Marketing Spend,Total Expense,Net Income,Order ID
2021-01-22,Mid-Market,Middle East,Integration Pack,Maple LLC,In-Store,308,225.76,2086.02,67448.06,40468.84,26979.22,6744.81,2023.44,8768.25,18210.97,ORD-2021-000001
2021-01-19,Mid-Market,Latin America,Integration Pack,Orion Inc,Online,525,309.79,11384.78,151254.97,92265.53,58989.44,24200.8,6050.2,30251,28738.44,ORD-2021-000002
2021-01-03,SMB,APAC,Starter Plan,Zenith Co,Direct,282,137.1,2319.73,36342.47,23259.18,13083.29,5451.37,726.85,6178.22,6905.07,ORD-2021-000003
2021-01-15,Enterprise,Latin America,Integration Pack,Zenith Co,In-Store,147,434.53,1916.28,61959.63,39654.16,22305.47,7435.16,1858.79,9293.95,13011.52,ORD-2021-000004
2021-01-23,SMB,Europe,Analytics Suite,Acme Corp,Partner,468,91.85,3438.86,39546.94,20564.41,18982.53,3559.22,1581.88,5141.1,13841.43,ORD-2021-000005
2021-01-13,Mid-Market,Europe,Analytics Suite,Atlas BV,Direct,487,192.82,9390.33,84513.01,42256.51,42256.5,8451.3,5070.78,13522.08,28734.42,ORD-2021-000006
2021-01-20,SMB,APAC,Forecast Pro,Helios AG,Online,116,118.22,959.95,12753.57,7779.68,4973.89,1913.04,892.75,2805.79,2168.1,ORD-2021-000007
2021-01-20,Enterprise,Latin America,Integration Pack,Nova Retail,In-Store,73,461.91,1011.58,32707.85,20933.02,11774.83,2943.71,1308.31,4252.02,7522.81,ORD-2021-000008
2021-01-10,Mid-Market,North America,Analytics Suite,Helios AG,Direct,126,223.29,1406.73,26727.81,13898.46,12829.35,3207.34,1603.67,4811.01,8018.34,ORD-2021-000009
2021-01-26,Enterprise,North America,Starter Plan,Acme Corp,In-Store,453,402.79,10947.83,171516.04,108055.11,63460.93,13721.28,10290.96,24012.24,39448.69,ORD-2021-000010
2021-01-01,Mid-Market,Europe,Integration Pack,Sakura Ltd,Partner,348,235.51,819.57,81137.91,51116.88,30021.03,8113.79,1622.76,9736.55,20284.48,ORD-2021-000011
2021-01-12,Mid-Market,Middle East,Data Sync,Helios AG,Online,502,287.85,4335.02,140165.68,79894.44,60271.24,16819.88,4204.97,21024.85,39246.39,ORD-2021-000012
2021-01-18,SMB,North America,Forecast Pro,Acme Corp,In-Store,57,117.15,66.78,6610.77,4032.57,2578.2,1057.72,330.54,1388.26,1189.94,ORD-2021-000013
2021-01-20,Enterprise,APAC,Analytics Suite,Beta GmbH,Partner,529,353.13,13076.4,173729.37,86864.69,86864.68,26059.41,10423.76,36483.17,50381.51,ORD-2021-000014
2021-01-27,Enterprise,APAC,Integration Pack,Atlas BV,Direct,307,396.38,14602.64,107086.02,68535.05,38550.97,16062.9,6425.16,22488.06,16062.91,ORD-2021-000015
2021-01-13,Mid-Market,Middle East,Starter Plan,Orion Inc,Online,550,256.14,2817.54,138059.46,85596.87,52462.59,17947.73,6902.97,24850.7,27611.89,ORD-2021-000016
2021-01-13,Enterprise,North America,Integration Pack,Sakura Ltd,Online,418,273.93,10305.25,104197.49,64602.44,39595.05,8335.8,6251.85,14587.65,25007.4,ORD-2021-000017
2021-01-28,SMB,Middle East,Analytics Suite,Nova Retail,Partner,387,111.1,2149.79,40845.91,20422.96,20422.95,4901.51,2042.3,6943.81,13479.14,ORD-2021-000018
2021-01-06,SMB,Middle East,Data Sync,Atlas BV,Online,497,157.45,2347.58,75905.07,44024.94,31880.13,6831.46,3795.25,10626.71,21253.42,ORD-2021-000019
2021-01-24,Mid-Market,Europe,Integration Pack,Acme Corp,Online,384,253.05,9717.12,87454.08,55096.07,32358.01,13118.11,1749.08,14867.19,17490.82,ORD-2021-000020
2021-02-25,SMB,Latin America,Analytics Suite,Nova Retail,In-Store,566,151.01,3418.87,82052.79,41846.92,40205.87,9025.81,4102.64,13128.45,27077.42,ORD-2021-000021
2021-02-06,Enterprise,Europe,Data Sync,Sakura Ltd,Partner,88,271.03,3339.09,20511.55,11486.47,9025.08,1640.92,1435.81,3076.73,5948.35,ORD-2021-000022
2021-02-24,SMB,North America,Analytics Suite,Orion Inc,Partner,145,159.3,1154.93,21943.57,11849.53,10094.04,1755.49,1097.18,2852.67,7241.37,ORD-2021-000023
2021-02-13,SMB,North America,Forecast Pro,Nova Retail,Partner,553,131.9,5835.26,67105.44,41605.37,25500.07,6039.49,4697.38,10736.87,14763.2,ORD-2021-000024
2021-02-24,Mid-Market,North America,Integration Pack,Sakura Ltd,Partner,284,180.91,2055.14,49323.3,31073.68,18249.62,4932.33,2466.17,7398.5,10851.12,ORD-2021-000025
2021-02-03,Enterprise,Latin America,Starter Plan,Beta GmbH,Partner,223,515.42,3448.16,111490.5,66894.3,44596.2,17838.48,7804.34,25642.82,18953.38,ORD-2021-000026
2021-02-22,SMB,Europe,Forecast Pro,Sakura Ltd,In-Store,581,105.93,5539.08,56006.25,35283.94,20722.31,7840.88,1680.19,9521.07,11201.24,ORD-2021-000027
2021-02-08,Enterprise,Europe,Starter Plan,Maple LLC,Direct,527,400.6,14778.13,196338.07,123692.98,72645.09,23560.57,11780.28,35340.85,37304.24,ORD-2021-000028
2021-02-25,Mid-Market,Europe,Integration Pack,Sakura Ltd,Online,240,244.76,4111.97,54630.43,34963.48,19666.95,8740.87,1092.61,9833.48,9833.47,ORD-2021-000029
2021-02-09,Enterprise,Latin America,Integration Pack,Helios AG,Partner,141,393.75,6107.06,49411.69,30141.13,19270.56,7411.75,2964.7,10376.45,8894.11,ORD-2021-000030
2021-02-20,Enterprise,Europe,Analytics Suite,Atlas BV,Partner,109,305.59,2331.65,30977.66,15798.61,15179.05,4027.1,1548.88,5575.98,9603.07,ORD-2021-000031
2021-02-10,SMB,North America,Starter Plan,Nova Retail,Online,446,153.79,2743.61,65846.73,39508.04,26338.69,7243.14,1316.93,8560.07,17778.62,ORD-2021-000032
2021-02-12,Enterprise,Europe,Analytics Suite,Zenith Co,Partner,347,330.11,5727.41,108820.76,55498.59,53322.17,8705.66,2176.42,10882.08,42440.09,ORD-2021-000033
2021-02-19,Mid-Market,APAC,Forecast Pro,Orion Inc,Partner,363,227.37,4126.77,78408.54,50181.47,28227.07,8624.94,2352.26,10977.2,17249.87,ORD-2021-000034
2021-02-26,Mid-Market,APAC,Starter Plan,Beta GmbH,Direct,228,199.18,1362.39,44050.65,27311.4,16739.25,5726.58,1762.03,7488.61,9250.64,ORD-2021-000035
2021-02-19,Enterprise,North America,Forecast Pro,Orion Inc,In-Store,426,273.49,3495.2,113011.54,67806.92,45204.62,13561.38,6780.69,20342.07,24862.55,ORD-2021-000036
2021-02-19,Mid-Market,Europe,Integration Pack,Orion Inc,Online,439,213.26,2808.63,90812.51,54487.51,36325,8173.13,1816.25,9989.38,26335.62,ORD-2021-000037
2021-02-13,Mid-Market,Middle East,Data Sync,Andes Group,Online,202,184.96,2241.72,35120.2,21072.12,14048.08,2809.62,1053.61,3863.23,10184.85,ORD-2021-000038
2021-02-13,Mid-Market,Latin America,Analytics Suite,Sakura Ltd,In-Store,412,292.6,8438.58,112112.62,57177.44,54935.18,14574.64,7847.88,22422.52,32512.66,ORD-2021-000039
2021-02-19,SMB,North America,Starter Plan,Nova Retail,Partner,401,94.21,1511.13,36267.08,21760.25,14506.83,4352.05,1450.68,5802.73,8704.1,ORD-2021-000040
2021-03-15,Enterprise,Latin America,Forecast Pro,Orion Inc,Direct,78,412.58,1930.87,30250.37,18150.22,12100.15,2420.03,1512.52,3932.55,8167.6,ORD-2021-000041
2021-03-05,Mid-Market,Middle East,Data Sync,Atlas BV,Partner,301,262.5,8691.38,70321.12,40083.04,30238.08,8438.53,1406.42,9844.95,20393.13,ORD-2021-000042
2021-03-02,Enterprise,Middle East,Forecast Pro,Andes Group,Online,148,272.04,1207.86,39054.06,24213.52,14840.54,4295.95,1171.62,5467.57,9372.97,ORD-2021-000043
2021-03-25,SMB,Europe,Data Sync,Andes Group,Direct,91,122.41,111.39,11027.92,6506.47,4521.45,1654.19,551.4,2205.59,2315.86,ORD-2021-000044
2021-03-09,SMB,APAC,Data Sync,Maple LLC,Partner,457,100.75,4143.85,41898.9,24720.35,17178.55,5446.86,2094.95,7541.81,9636.74,ORD-2021-000045
2021-03-08,SMB,Europe,Forecast Pro,Andes Group,Partner,295,96.47,2845.87,25612.78,15879.92,9732.86,2817.41,1792.89,4610.3,5122.56,ORD-2021-000046
2021-03-27,SMB,Europe,Data Sync,Sakura Ltd,In-Store,595,125.43,3731.54,70899.31,41830.59,29068.72,9925.9,3544.97,13470.87,15597.85,ORD-2021-000047
2021-03-20,Mid-Market,North America,Starter Plan,Nova Retail,Partner,240,183.05,4393.2,39538.8,23723.28,15815.52,4744.66,790.78,5535.44,10280.08,ORD-2021-000048
2021-03-24,SMB,APAC,Data Sync,Maple LLC,Online,149,113.4,337.93,16558.67,9935.2,6623.47,1655.87,496.76,2152.63,4470.84,ORD-2021-000049
2021-03-08,Enterprise,North America,Forecast Pro,Maple LLC,Online,332,440.83,11708.44,134647.12,86174.16,48472.96,12118.24,9425.3,21543.54,26929.42,ORD-2021-000050
2021-03-20,Mid-Market,Latin America,Analytics Suite,Sakura Ltd,Online,589,294.68,3471.33,170095.19,91851.4,78243.79,17009.52,10205.71,27215.23,51028.56,ORD-2021-000051
2021-03-28,Enterprise,North America,Integration Pack,Helios AG,Online,223,318.31,9937.64,61045.49,37848.2,23197.29,7935.91,1831.36,9767.27,13430.02,ORD-2021-000052
2021-03-17,Enterprise,North America,Analytics Suite,Atlas BV,Direct,242,482.55,4671.08,112106.02,56053.01,56053.01,10089.54,2242.12,12331.66,43721.35,ORD-2021-000053
2021-03-06,SMB,Europe,Analytics Suite,Helios AG,Direct,596,107.18,7026.72,56852.56,28426.28,28426.28,6822.31,1705.58,8527.89,19898.39,ORD-2021-000054
2021-03-28,Enterprise,Europe,Integration Pack,Atlas BV,Online,281,424.14,8342.83,110840.51,69829.52,41010.99,8867.24,5542.03,14409.27,26601.72,ORD-2021-000055
2021-03-22,Mid-Market,Latin America,Analytics Suite,Maple LLC,Partner,196,256.48,1005.4,49264.68,26602.93,22661.75,5419.11,985.29,6404.4,16257.35,ORD-2021-000056
2021-03-25,Enterprise,Middle East,Analytics Suite,Zenith Co,Partner,325,316.33,3084.22,99723.03,49861.52,49861.51,14958.45,3988.92,18947.37,30914.14,ORD-2021-000057
2021-03-24,Enterprise,APAC,Data Sync,Andes Group,Direct,152,496.23,3017.08,72409.88,41273.63,31136.25,9413.28,1448.2,10861.48,20274.77,ORD-2021-000058
2021-03-23,Mid-Market,Europe,Starter Plan,Nova Retail,Partner,342,262.24,8071.75,81614.33,48968.6,32645.73,13058.29,4080.72,17139.01,15506.72,ORD-2021-000059
2021-03-25,Mid-Market,APAC,Analytics Suite,Beta GmbH,Partner,448,223.57,11017.53,89141.83,47245.17,41896.66,8914.18,3565.67,12479.85,29416.81,ORD-2021-000060
2021-04-25,Enterprise,North America,Forecast Pro,Atlas BV,In-Store,587,439.05,10308.89,247413.46,150922.21,96491.25,32163.75,4948.27,37112.02,59379.23,ORD-2021-000061
2021-04-24,SMB,APAC,Data Sync,Acme Corp,Partner,482,100.07,1447.01,46786.73,28072.04,18714.69,5146.54,2339.34,7485.88,11228.81,ORD-2021-000062
2021-04-10,Enterprise,APAC,Starter Plan,Acme Corp,Direct,195,385.27,5258.94,69868.71,43318.6,26550.11,11178.99,2794.75,13973.74,12576.37,ORD-2021-000063
2021-04-10,Enterprise,Latin America,Analytics Suite,Helios AG,Partner,495,322.4,4787.64,154800.36,77400.18,77400.18,20124.05,3096.01,23220.06,54180.12,ORD-2021-000064
2021-04-06,Mid-Market,North America,Analytics Suite,Beta GmbH,Direct,199,293.94,4679.52,53814.54,27445.42,26369.12,8072.18,3228.87,11301.05,15068.07,ORD-2021-000065
2021-04-11,Mid-Market,Latin America,Forecast Pro,Helios AG,In-Store,383,180.77,5538.79,63696.12,40128.56,23567.56,5095.69,3821.77,8917.46,14650.1,ORD-2021-000066
2021-04-28,Mid-Market,Europe,Forecast Pro,Atlas BV,Partner,330,176.41,4075.07,54140.23,34649.75,19490.48,7579.63,2165.61,9745.24,9745.24,ORD-2021-000067
2021-04-04,Mid-Market,North America,Forecast Pro,Acme Corp,Online,112,257.39,1153.11,27674.57,16604.74,11069.83,4151.19,1106.98,5258.17,5811.66,ORD-2021-000068
2021-04-18,Mid-Market,Middle East,Data Sync,Maple LLC,Direct,167,256.11,2566.22,40204.15,22514.32,17689.83,5628.58,2814.29,8442.87,9246.96,ORD-2021-000069
2021-04-13,Mid-Market,Middle East,Analytics Suite,Acme Corp,Partner,540,264.74,5718.38,137241.22,74110.26,63130.96,13724.12,4117.24,17841.36,45289.6,ORD-2021-000070
2021-04-11,Mid-Market,Middle East,Data Sync,Sakura Ltd,Partner,237,173.4,1232.87,39862.93,23120.5,16742.43,4783.55,1594.52,6378.07,10364.36,ORD-2021-000071
2021-04-28,Mid-Market,North America,Integration Pack,Helios AG,Online,152,307.03,3733.48,42935.08,27049.1,15885.98,6440.26,1717.4,8157.66,7728.32,ORD-2021-000072
2021-04-02,Mid-Market,Latin America,Integration Pack,Zenith Co,Direct,419,170.58,6432.57,65040.45,40975.48,24064.97,9756.07,1951.21,11707.28,12357.69,ORD-2021-000073
2021-04-06,SMB,APAC,Data Sync,Helios AG,Partner,370,112.54,832.8,40807,24484.2,16322.8,6529.12,1224.21,7753.33,8569.47,ORD-2021-000074
2021-04-02,Mid-Market,Europe,Starter Plan,Atlas BV,Online,487,221.04,1076.46,106570.02,66073.41,40496.61,12788.4,7459.9,20248.3,20248.31,ORD-2021-000075
2021-04-19,Enterprise,Latin America,Forecast Pro,Atlas BV,Direct,109,288.21,2199.04,29215.85,17529.51,11686.34,4674.54,1752.95,6427.49,5258.85,ORD-2021-000076
2021-04-19,Enterprise,Latin America,Integration Pack,Beta GmbH,Direct,165,279.48,1383.43,44730.77,27733.08,16997.69,4920.38,894.62,5815,11182.69,ORD-2021-000077
2021-04-19,SMB,Middle East,Data Sync,Sakura Ltd,In-Store,479,116.69,2794.73,53099.78,29735.88,23363.9,4778.98,3716.98,8495.96,14867.94,ORD-2021-000078
2021-04-20,SMB,Middle East,Integration Pack,Beta GmbH,Direct,414,154.55,639.84,63343.86,39906.63,23437.23,8234.7,3167.19,11401.89,12035.34,ORD-2021-000079
2021-04-10,SMB,Latin America,Analytics Suite,Sakura Ltd,Partner,503,128.59,4527.65,60153.12,30678.09,29475.03,6015.31,1203.06,7218.37,22256.66,ORD-2021-000080
2021-05-12,SMB,APAC,Analytics Suite,Orion Inc,In-Store,125,127.61,1754.64,14196.61,7240.27,6956.34,1561.63,709.83,2271.46,4684.88,ORD-2021-000081
2021-05-28,Mid-Market,APAC,Forecast Pro,Orion Inc,Direct,213,218.86,5127.89,41489.29,24893.57,16595.72,5393.61,2904.25,8297.86,8297.86,ORD-2021-000082
2021-05-08,Mid-Market,Latin America,Forecast Pro,Acme Corp,In-Store,111,187.5,1665,19147.5,12062.93,7084.57,1914.75,957.38,2872.13,4212.44,ORD-2021-000083
2021-05-02,Enterprise,APAC,Starter Plan,Helios AG,In-Store,591,369.29,26190.05,192060.34,117156.81,74903.53,28809.05,9603.02,38412.07,36491.46,ORD-2021-000084
2021-05-28,Mid-Market,APAC,Analytics Suite,Acme Corp,Online,576,170.22,3921.87,94124.85,48003.67,46121.18,7529.99,4706.24,12236.23,33884.95,ORD-2021-000085
2021-05-06,SMB,Middle East,Forecast Pro,Orion Inc,Online,45,137.57,61.91,6128.74,3677.24,2451.5,551.59,367.72,919.31,1532.19,ORD-2021-000086
2021-05-22,Mid-Market,Europe,Starter Plan,Maple LLC,Online,46,257.52,1066.13,10779.79,6467.87,4311.92,1509.17,754.59,2263.76,2048.16,ORD-2021-000087
2021-05-05,SMB,North America,Analytics Suite,Helios AG,In-Store,513,126.29,2591.47,62195.3,32963.51,29231.79,8707.34,1243.91,9951.25,19280.54,ORD-2021-000088
2021-05-26,Enterprise,APAC,Data Sync,Maple LLC,Direct,437,405.52,19493.35,157718.89,94631.33,63087.56,18926.27,7885.94,26812.21,36275.35,ORD-2021-000089
2021-05-22,SMB,Latin America,Data Sync,Helios AG,Direct,178,150.66,1609.05,25208.43,14116.72,11091.71,2520.84,756.25,3277.09,7814.62,ORD-2021-000090
2021-05-09,Enterprise,Latin America,Starter Plan,Atlas BV,Direct,273,312.02,8518.15,76663.31,46764.62,29898.69,7666.33,3066.53,10732.86,19165.83,ORD-2021-000091
2021-05-18,SMB,APAC,Analytics Suite,Atlas BV,Direct,272,150.38,818.07,40085.29,21245.2,18840.09,5611.94,2405.12,8017.06,10823.03,ORD-2021-000092
2021-05-09,SMB,Middle East,Forecast Pro,Atlas BV,Online,496,123.91,3072.97,58386.39,35615.7,22770.69,8174.09,4087.05,12261.14,10509.55,ORD-2021-000093
2021-05-21,Enterprise,Middle East,Data Sync,Nova Retail,Online,555,492.28,16392.92,256822.48,146388.81,110433.67,20545.8,7704.67,28250.47,82183.2,ORD-2021-000094
2021-05-01,SMB,Middle East,Analytics Suite,Maple LLC,Direct,221,155.74,3441.85,30976.69,16417.65,14559.04,4336.74,619.53,4956.27,9602.77,ORD-2021-000095
2021-05-01,SMB,Latin America,Data Sync,Acme Corp,Direct,511,135.07,4831.45,64189.32,37229.81,26959.51,7702.72,3209.47,10912.19,16047.32,ORD-2021-000096
2021-05-05,Enterprise,Middle East,Integration Pack,Atlas BV,Partner,154,472.23,5817.87,66905.55,42150.5,24755.05,10704.89,2676.22,13381.11,11373.94,ORD-2021-000097
2021-05-19,Mid-Market,Middle East,Analytics Suite,Sakura Ltd,In-Store,123,272.89,2349.58,31215.89,15920.1,15295.79,2809.43,936.48,3745.91,11549.88,ORD-2021-000098
2021-05-14,Enterprise,Latin America,Starter Plan,Atlas BV,Online,372,289.27,11836.93,95771.51,58420.62,37350.89,10534.87,3830.86,14365.73,22985.16,ORD-2021-000099
2021-05-21,Mid-Market,Europe,Analytics Suite,Nova Retail,Partner,409,232.68,3806.64,91359.48,49334.12,42025.36,7308.76,4567.97,11876.73,30148.63,ORD-2021-000100
2021-06-25,Enterprise,Europe,Analytics Suite,Zenith Co,Direct,58,317.21,1103.89,17294.29,9338.92,7955.37,2075.31,691.77,2767.08,5188.29,ORD-2021-000101
2021-06-05,Enterprise,Europe,Analytics Suite,Helios AG,Online,147,464.7,6147.98,62162.92,32946.35,29216.57,4973.03,2486.52,7459.55,21757.02,ORD-2021-000102
2021-06-01,Enterprise,Europe,Data Sync,Nova Retail,Partner,56,503.05,2535.37,25635.43,14355.84,11279.59,2819.9,1025.42,3845.32,7434.27,ORD-2021-000103
2021-06-16,Mid-Market,Europe,Starter Plan,Sakura Ltd,Direct,478,208.46,7971.51,91672.37,57753.59,33918.78,8250.51,5500.34,13750.85,20167.93,ORD-2021-000104
2021-06-09,SMB,Europe,Forecast Pro,Atlas BV,Partner,145,151.83,2201.54,19813.81,12284.56,7529.25,1783.24,990.69,2773.93,4755.32,ORD-2021-000105
2021-06-27,SMB,Europe,Forecast Pro,Atlas BV,Direct,577,130.31,1503.78,73685.09,46421.61,27263.48,11789.61,2947.4,14737.01,12526.47,ORD-2021-000106
2021-06-18,Enterprise,Latin America,Integration Pack,Zenith Co,Online,47,490.72,1153.19,21910.65,13365.5,8545.15,2848.38,876.43,3724.81,4820.34,ORD-2021-000107
2021-06-01,Mid-Market,Latin America,Integration Pack,Acme Corp,Direct,186,256.58,2863.43,44860.45,27364.87,17495.58,6729.07,1794.42,8523.49,8972.09,ORD-2021-000108
2021-06-19,Enterprise,North America,Analytics Suite,Atlas BV,In-Store,301,417.32,12561.33,113051.99,59917.55,53134.44,12435.72,4522.08,16957.8,36176.64,ORD-2021-000109
2021-06-26,SMB,Latin America,Integration Pack,Orion Inc,Online,414,130.95,5421.33,48791.97,30738.94,18053.03,6342.96,3415.44,9758.4,8294.63,ORD-2021-000110
2021-06-23,Enterprise,Middle East,Analytics Suite,Andes Group,Partner,438,313.04,19195.61,117915.91,61316.27,56599.64,18866.55,3537.48,22404.03,34195.61,ORD-2021-000111
2021-06-10,Mid-Market,Middle East,Data Sync,Acme Corp,In-Store,581,198.58,5768.75,109606.23,61379.49,48226.74,17537,7672.44,25209.44,23017.3,ORD-2021-000112
2021-06-15,Mid-Market,Latin America,Forecast Pro,Atlas BV,Direct,568,220.08,13750.6,111254.84,71203.1,40051.74,16688.23,6675.29,23363.52,16688.22,ORD-2021-000113
2021-06-02,Enterprise,Middle East,Integration Pack,Andes Group,Partner,152,497.21,6801.83,68774.09,41264.45,27509.64,9628.37,4814.19,14442.56,13067.08,ORD-2021-000114
2021-06-15,SMB,Europe,Analytics Suite,Helios AG,Partner,278,151.64,1686.24,40469.68,21853.63,18616.05,4046.97,2428.18,6475.15,12140.9,ORD-2021-000115
2021-06-17,Mid-Market,Latin America,Integration Pack,Sakura Ltd,Direct,372,193.16,4311.33,67544.19,41877.4,25666.79,6754.42,2026.33,8780.75,16886.04,ORD-2021-000116
2021-06-10,Enterprise,Latin America,Integration Pack,Andes Group,Online,273,393.45,15037.66,92374.19,55424.51,36949.68,12932.39,3694.97,16627.36,20322.32,ORD-2021-000117
2021-06-25,SMB,Middle East,Forecast Pro,Helios AG,Partner,62,101.99,569.1,5754.28,3510.11,2244.17,690.51,345.26,1035.77,1208.4,ORD-2021-000118
2021-06-21,Mid-Market,Europe,Analytics Suite,Sakura Ltd,Direct,83,202.36,1343.67,15452.21,7880.63,7571.58,1854.27,1081.65,2935.92,4635.66,ORD-2021-000119
2021-06-10,Enterprise,Middle East,Data Sync,Nova Retail,Direct,214,438.42,10320.41,83501.47,49265.87,34235.6,10020.18,1670.03,11690.21,22545.39,ORD-2021-000120
2021-07-26,Enterprise,Middle East,Integration Pack,Sakura Ltd,Partner,388,387.76,19558.61,130892.27,81153.21,49739.06,15707.07,3926.77,19633.84,30105.22,ORD-2021-000121
2021-07-10,SMB,North America,Analytics Suite,Maple LLC,Direct,322,101.69,1309.77,31434.41,16974.58,14459.83,2829.1,1257.38,4086.48,10373.35,ORD-2021-000122
2021-07-21,SMB,Europe,Analytics Suite,Helios AG,Partner,72,118.93,513.78,8049.18,4346.56,3702.62,965.9,482.95,1448.85,2253.77,ORD-2021-000123
2021-07-25,SMB,North America,Data Sync,Andes Group,Online,593,136.24,5655.32,75135,44329.65,30805.35,9767.55,3756.75,13524.3,17281.05,ORD-2021-000124
2021-07-21,Mid-Market,Middle East,Analytics Suite,Atlas BV,Partner,446,190.09,2543.4,82236.74,41118.37,41118.37,11513.14,1644.73,13157.87,27960.5,ORD-2021-000125
2021-07-21,SMB,Europe,Integration Pack,Helios AG,In-Store,494,147.28,5092.94,67663.38,42627.93,25035.45,10826.14,4736.44,15562.58,9472.87,ORD-2021-000126
2021-07-27,SMB,Europe,Starter Plan,Sakura Ltd,Online,492,107.56,4762.76,48156.76,28894.06,19262.7,5778.81,1926.27,7705.08,11557.62,ORD-2021-000127
2021-07-09,SMB,Europe,Data Sync,Atlas BV,Partner,388,98.93,4222.33,34162.51,20155.88,14006.63,4099.5,2049.75,6149.25,7857.38,ORD-2021-000128
2021-07-10,Mid-Market,Middle East,Forecast Pro,Atlas BV,Partner,475,170.92,4059.35,77127.65,48590.42,28537.23,9255.32,5398.94,14654.26,13882.97,ORD-2021-000129
2021-07-16,Mid-Market,Middle East,Starter Plan,Zenith Co,Direct,201,240.58,2417.83,45938.75,28022.64,17916.11,3675.1,1837.55,5512.65,12403.46,ORD-2021-000130
2021-07-07,SMB,Europe,Integration Pack,Atlas BV,Online,470,131.87,6817.68,55161.22,34199.96,20961.26,6619.35,2758.06,9377.41,11583.85,ORD-2021-000131
2021-07-27,Enterprise,North America,Starter Plan,Orion Inc,Direct,557,442.89,27135.87,219553.86,140514.47,79039.39,21955.39,4391.08,26346.47,52692.92,ORD-2021-000132
2021-07-15,Enterprise,Latin America,Integration Pack,Acme Corp,Online,75,335.46,1257.98,23901.52,14340.91,9560.61,2151.14,1673.11,3824.25,5736.36,ORD-2021-000133
2021-07-24,Mid-Market,APAC,Integration Pack,Beta GmbH,Partner,325,251.93,1637.55,80239.7,48143.82,32095.88,8826.37,4011.99,12838.36,19257.52,ORD-2021-000134
2021-07-17,SMB,Latin America,Analytics Suite,Helios AG,Partner,222,114.03,506.29,24808.37,13396.52,11411.85,3721.26,992.33,4713.59,6698.26,ORD-2021-000135
2021-07-18,Enterprise,Europe,Data Sync,Acme Corp,In-Store,52,484.24,3525.27,21655.21,12560.02,9095.19,1732.42,1515.86,3248.28,5846.91,ORD-2021-000136
2021-07-22,Enterprise,North America,Analytics Suite,Helios AG,Partner,382,493.78,9431.2,179192.76,94972.16,84220.6,25086.99,5375.78,30462.77,53757.83,ORD-2021-000137
2021-07-20,Enterprise,Latin America,Integration Pack,Maple LLC,Online,150,500.95,6011.4,69131.1,42861.28,26269.82,6913.11,3456.56,10369.67,15900.15,ORD-2021-000138
2021-07-20,Enterprise,North America,Data Sync,Helios AG,Partner,309,442.4,10936.13,125765.47,74201.63,51563.84,11318.89,7545.93,18864.82,32699.02,ORD-2021-000139
2021-07-02,SMB,Middle East,Forecast Pro,Nova Retail,Online,237,106.85,759.7,24563.75,15229.53,9334.22,2456.38,491.28,2947.66,6386.56,ORD-2021-000140
2021-08-10,Mid-Market,Latin America,Integration Pack,Zenith Co,In-Store,397,175.02,5558.64,63924.3,40272.31,23651.99,5753.19,1278.49,7031.68,16620.31,ORD-2021-000141
2021-08-27,SMB,Latin America,Starter Plan,Nova Retail,Online,368,128.78,2843.46,44547.58,27619.5,16928.08,4009.28,2227.38,6236.66,10691.42,ORD-2021-000142
2021-08-14,SMB,Middle East,Analytics Suite,Acme Corp,Direct,563,151.15,3403.9,81693.55,41663.71,40029.84,13070.97,2450.81,15521.78,24508.06,ORD-2021-000143
2021-08-18,Mid-Market,APAC,Integration Pack,Atlas BV,Direct,400,291.05,3492.6,112927.4,70014.99,42912.41,9034.19,2258.55,11292.74,31619.67,ORD-2021-000144
2021-08-15,Enterprise,APAC,Starter Plan,Sakura Ltd,In-Store,534,462.61,27173.71,219860.03,140710.42,79149.61,19787.4,13191.6,32979,46170.61,ORD-2021-000145
2021-08-05,Enterprise,Latin America,Forecast Pro,Beta GmbH,Direct,113,357.55,1616.13,38787.02,23272.21,15514.81,3102.96,2327.22,5430.18,10084.63,ORD-2021-000146
2021-08-15,SMB,Latin America,Starter Plan,Beta GmbH,Online,304,110.29,335.28,33192.88,19915.73,13277.15,4978.93,1991.57,6970.5,6306.65,ORD-2021-000147
2021-08-17,Enterprise,Middle East,Forecast Pro,Beta GmbH,Online,259,500.95,10379.68,119366.37,72813.49,46552.88,14323.96,5968.32,20292.28,26260.6,ORD-2021-000148
2021-08-17,Mid-Market,Europe,Starter Plan,Helios AG,Direct,127,237.4,1507.49,28642.31,17185.39,11456.92,4009.92,1432.12,5442.04,6014.88,ORD-2021-000149
2021-08-03,Enterprise,Middle East,Analytics Suite,Orion Inc,In-Store,442,297.42,6572.98,124886.66,64941.06,59945.6,18733,8742.07,27475.07,32470.53,ORD-2021-000150
2021-08-27,Enterprise,APAC,Analytics Suite,Zenith Co,Online,194,299.15,8124.91,49910.19,25454.2,24455.99,6488.32,2994.61,9482.93,14973.06,ORD-2021-000151
2021-08-13,SMB,Latin America,Starter Plan,Atlas BV,Direct,294,149.13,1753.77,42090.45,26516.98,15573.47,6313.57,1262.71,7576.28,7997.19,ORD-2021-000152
2021-08-16,SMB,Latin America,Starter Plan,Nova Retail,Direct,130,118.51,1694.69,13711.61,8364.08,5347.53,1508.28,822.7,2330.98,3016.55,ORD-2021-000153
2021-08-23,SMB,Latin America,Integration Pack,Maple LLC,In-Store,587,159.39,4678.1,88883.83,55996.81,32887.02,7110.71,1777.68,8888.39,23998.63,ORD-2021-000154
2021-08-11,SMB,Middle East,Starter Plan,Andes Group,Online,307,155.69,2389.84,45406.99,27698.26,17708.73,4086.63,1362.21,5448.84,12259.89,ORD-2021-000155
2021-08-27,SMB,Middle East,Forecast Pro,Maple LLC,In-Store,273,129.48,1767.4,33580.64,21155.8,12424.84,4701.29,1007.42,5708.71,6716.13,ORD-2021-000156
2021-08-07,Mid-Market,APAC,Starter Plan,Nova Retail,Online,564,288.58,4882.77,157876.35,94725.81,63150.54,25260.22,9472.58,34732.8,28417.74,ORD-2021-000157
2021-08-18,SMB,APAC,Analytics Suite,Orion Inc,Online,380,112.22,426.44,42217.16,22797.27,19419.89,4221.72,2533.03,6754.75,12665.14,ORD-2021-000158
2021-08-01,Mid-Market,Europe,Data Sync,Nova Retail,Direct,223,261.35,5245.29,53035.76,31821.46,21214.3,7425.01,1591.07,9016.08,12198.22,ORD-2021-000159
2021-08-22,Mid-Market,Europe,Integration Pack,Sakura Ltd,Direct,66,192.52,889.44,11816.88,7208.3,4608.58,1536.19,236.34,1772.53,2836.05,ORD-2021-000160
2021-09-24,Mid-Market,APAC,Starter Plan,Maple LLC,Partner,79,268.63,212.22,21009.55,13025.92,7983.63,1680.76,1260.57,2941.33,5042.3,ORD-2021-000161
2021-09-12,Mid-Market,Middle East,Analytics Suite,Helios AG,In-Store,424,185.07,8631.66,69838.02,36315.77,33522.25,6285.42,3491.9,9777.32,23744.93,ORD-2021-000162
2021-09-01,Mid-Market,Europe,Starter Plan,Beta GmbH,Partner,586,288.92,16930.71,152376.41,92949.61,59426.8,12190.11,4571.29,16761.4,42665.4,ORD-2021-000163
2021-09-02,Mid-Market,Europe,Data Sync,Helios AG,In-Store,554,207.68,3451.64,111603.08,65845.82,45757.26,17856.49,6696.18,24552.67,21204.59,ORD-2021-000164
2021-09-26,Mid-Market,North America,Analytics Suite,Nova Retail,Partner,395,213.26,2527.13,81710.57,41672.39,40038.18,9805.27,1634.21,11439.48,28598.7,ORD-2021-000165
2021-09-09,Mid-Market,North America,Integration Pack,Andes Group,Partner,242,231.4,5599.88,50398.92,31247.33,19151.59,8063.83,2015.96,10079.79,9071.8,ORD-2021-000166
2021-09-03,Enterprise,APAC,Forecast Pro,Atlas BV,Online,227,333.33,7566.59,68099.32,42902.57,25196.75,6128.94,1361.99,7490.93,17705.82,ORD-2021-000167
2021-09-21,Enterprise,Europe,Forecast Pro,Maple LLC,In-Store,262,278.64,6570.33,66433.35,41853.01,24580.34,8636.34,3986,12622.34,11958,ORD-2021-000168
2021-09-24,Mid-Market,Latin America,Forecast Pro,Maple LLC,Direct,528,244.66,3875.41,125305.07,77689.14,47615.93,18795.76,6265.25,25061.01,22554.92,ORD-2021-000169
2021-09-21,SMB,Middle East,Analytics Suite,Zenith Co,Partner,592,139.23,8242.42,74181.74,37832.69,36349.05,8159.99,4450.9,12610.89,23738.16,ORD-2021-000170
2021-09-14,Mid-Market,Middle East,Data Sync,Acme Corp,In-Store,200,307.71,3077.1,58464.9,33324.99,25139.91,4677.19,4092.54,8769.73,16370.18,ORD-2021-000171
2021-09-15,Mid-Market,Europe,Analytics Suite,Nova Retail,Direct,539,301.16,1623.25,160701.99,81958.01,78743.98,25712.32,8035.1,33747.42,44996.56,ORD-2021-000172
2021-09-20,SMB,North America,Integration Pack,Sakura Ltd,Online,58,150.16,696.74,8012.54,5047.9,2964.64,721.13,560.88,1282.01,1682.63,ORD-2021-000173
2021-09-20,Mid-Market,North America,Data Sync,Maple LLC,Direct,218,218.51,1905.41,45729.77,25608.67,20121.1,7316.76,2743.79,10060.55,10060.55,ORD-2021-000174
2021-09-05,SMB,Latin America,Analytics Suite,Sakura Ltd,In-Store,423,124.14,4200.9,48310.32,26087.57,22222.75,5314.14,2898.62,8212.76,14009.99,ORD-2021-000175
2021-09-11,Enterprise,APAC,Analytics Suite,Andes Group,Partner,414,479.1,13884.32,184463.08,97765.43,86697.65,14757.05,3689.26,18446.31,68251.34,ORD-2021-000176
2021-09-04,SMB,Latin America,Data Sync,Zenith Co,In-Store,170,113.73,580.02,18754.08,10689.83,8064.25,3000.65,937.7,3938.35,4125.9,ORD-2021-000177
2021-09-14,Enterprise,Europe,Forecast Pro,Acme Corp,Direct,446,472.03,12631.52,197893.86,120715.25,77178.61,17810.45,11873.63,29684.08,47494.53,ORD-2021-000178
2021-09-05,Mid-Market,APAC,Analytics Suite,Acme Corp,Partner,218,277.62,1210.42,59310.74,29655.37,29655.37,4744.86,1186.21,5931.07,23724.3,ORD-2021-000179
2021-09-20,SMB,North America,Forecast Pro,Orion Inc,In-Store,319,120.37,383.98,38014.05,24328.99,13685.06,6082.25,1900.7,7982.95,5702.11,ORD-2021-000180
2021-10-16,Enterprise,APAC,Starter Plan,Orion Inc,Direct,352,417.87,19121.73,127968.51,78060.79,49907.72,19195.28,7678.11,26873.39,23034.33,ORD-2021-000181
2021-10-14,SMB,North America,Forecast Pro,Helios AG,In-Store,209,121.9,1528.63,23948.47,15327.02,8621.45,2394.85,718.45,3113.3,5508.15,ORD-2021-000182
2021-10-21,Mid-Market,North America,Analytics Suite,Atlas BV,Direct,221,187.47,3314.47,38116.4,19820.53,18295.87,3811.64,1905.82,5717.46,12578.41,ORD-2021-000183
2021-10-25,SMB,Latin America,Starter Plan,Nova Retail,Partner,99,98.49,780.04,8970.47,5382.28,3588.19,717.64,179.41,897.05,2691.14,ORD-2021-000184
2021-10-17,Enterprise,Europe,Forecast Pro,Beta GmbH,Online,157,297.85,4676.25,42086.2,26514.31,15571.89,6733.79,1262.59,7996.38,7575.51,ORD-2021-000185
2021-10-18,Enterprise,North America,Starter Plan,Andes Group,Partner,339,300.16,7122.8,94631.44,58671.49,35959.95,15141.03,5677.89,20818.92,15141.03,ORD-2021-000186
2021-10-20,Enterprise,Europe,Starter Plan,Maple LLC,Partner,518,372.87,7725.87,185420.79,113106.68,72314.11,16687.87,9271.04,25958.91,46355.2,ORD-2021-000187
2021-10-02,Enterprise,APAC,Analytics Suite,Nova Retail,Partner,48,436.11,1465.33,19467.95,10318.01,9149.94,1752.12,584.04,2336.16,6813.78,ORD-2021-000188
2021-10-07,SMB,Middle East,Integration Pack,Orion Inc,Direct,463,116.29,4307.38,49534.89,31702.33,17832.56,5448.84,1981.4,7430.24,10402.32,ORD-2021-000189
2021-10-13,SMB,Middle East,Data Sync,Andes Group,Online,423,118.19,4999.44,44994.93,25647.11,19347.82,4049.54,2699.7,6749.24,12598.58,ORD-2021-000190
2021-10-02,Enterprise,APAC,Integration Pack,Zenith Co,Online,377,361.67,19088.94,117260.65,70356.39,46904.26,14071.28,2345.21,16416.49,30487.77,ORD-2021-000191
2021-10-02,SMB,Europe,Integration Pack,Sakura Ltd,In-Store,542,159.96,1733.97,84964.35,54377.18,30587.17,9346.08,3398.57,12744.65,17842.52,ORD-2021-000192
2021-10-05,Mid-Market,Europe,Data Sync,Helios AG,Online,263,181.18,3812.03,43838.31,26302.99,17535.32,3507.06,2630.3,6137.36,11397.96,ORD-2021-000193
2021-10-27,SMB,Europe,Data Sync,Acme Corp,Online,139,104.53,1017.08,13512.59,8107.55,5405.04,1081.01,945.88,2026.89,3378.15,ORD-2021-000194
2021-10-08,Mid-Market,Middle East,Integration Pack,Nova Retail,Online,545,185.84,2025.66,99257.14,61539.43,37717.71,15881.14,5955.43,21836.57,15881.14,ORD-2021-000195
2021-10-11,SMB,Europe,Forecast Pro,Sakura Ltd,Partner,103,155.44,640.41,15369.91,9683.04,5686.87,1998.09,461.1,2459.19,3227.68,ORD-2021-000196
2021-10-20,Mid-Market,North America,Integration Pack,Beta GmbH,Partner,183,289.81,3182.11,49853.12,30908.93,18944.19,7976.5,1994.12,9970.62,8973.57,ORD-2021-000197
2021-10-18,Mid-Market,APAC,Analytics Suite,Andes Group,Partner,311,236.24,1469.41,72001.23,38880.66,33120.57,11520.2,3600.06,15120.26,18000.31,ORD-2021-000198
2021-10-17,SMB,Latin America,Integration Pack,Maple LLC,Direct,70,136.32,667.97,8874.43,5590.89,3283.54,976.19,266.23,1242.42,2041.12,ORD-2021-000199
2021-10-11,Enterprise,Europe,Forecast Pro,Beta GmbH,Online,488,510.94,19947.1,229391.62,137634.97,91756.65,32114.83,11469.58,43584.41,48172.24,ORD-2021-000200
2021-11-17,Mid-Market,APAC,Integration Pack,Helios AG,In-Store,405,201.88,4088.07,77673.33,48157.46,29515.87,8544.07,4660.4,13204.47,16311.4,ORD-2021-000201
2021-11-17,SMB,APAC,Integration Pack,Maple LLC,Online,91,106.71,485.53,9225.08,5811.8,3413.28,1107.01,276.75,1383.76,2029.52,ORD-2021-000202
2021-11-08,SMB,Latin America,Starter Plan,Maple LLC,Partner,111,158.83,1410.41,16219.72,9894.03,6325.69,2108.56,324.39,2432.95,3892.74,ORD-2021-000203
2021-11-27,SMB,Middle East,Starter Plan,Orion Inc,In-Store,230,143.05,2303.11,30598.39,19276.99,11321.4,4283.77,917.95,5201.72,6119.68,ORD-2021-000204
2021-11-10,SMB,North America,Integration Pack,Zenith Co,In-Store,176,152.06,802.88,25959.68,16614.2,9345.48,2595.97,1297.98,3893.95,5451.53,ORD-2021-000205
2021-11-01,Mid-Market,Middle East,Forecast Pro,Andes Group,Direct,405,202.11,6548.36,75306.19,45936.78,29369.41,9789.8,4518.37,14308.17,15061.24,ORD-2021-000206
2021-11-01,Enterprise,North America,Starter Plan,Helios AG,Partner,174,370.73,7740.84,56766.18,35762.69,21003.49,9082.59,2270.65,11353.24,9650.25,ORD-2021-000207
2021-11-12,Mid-Market,APAC,Starter Plan,Acme Corp,Online,390,181.29,7777.34,62925.76,40272.49,22653.27,8180.35,2517.03,10697.38,11955.89,ORD-2021-000208
2021-11-07,Mid-Market,Latin America,Integration Pack,Andes Group,Direct,100,243.93,1707.51,22685.49,14518.71,8166.78,2268.55,1134.27,3402.82,4763.96,ORD-2021-000209
2021-11-23,SMB,Latin America,Analytics Suite,Orion Inc,Partner,145,141.95,823.31,19759.44,10472.5,9286.94,1975.94,1383.16,3359.1,5927.84,ORD-2021-000210
2021-11-09,SMB,Latin America,Data Sync,Acme Corp,Direct,529,157.04,830.74,82243.42,47701.18,34542.24,10691.64,1644.87,12336.51,22205.73,ORD-2021-000211
2021-11-22,SMB,APAC,Integration Pack,Orion Inc,In-Store,575,138.63,797.12,78915.13,48927.38,29987.75,12626.42,3945.76,16572.18,13415.57,ORD-2021-000212
2021-11-11,SMB,APAC,Starter Plan,Maple LLC,In-Store,324,115.33,1121.01,36245.91,22834.92,13410.99,2899.67,1449.84,4349.51,9061.48,ORD-2021-000213
2021-11-04,Enterprise,Latin America,Forecast Pro,Helios AG,Direct,237,384.37,7287.66,83808.03,52799.06,31008.97,6704.64,4190.4,10895.04,20113.93,ORD-2021-000214
2021-11-12,SMB,Europe,Analytics Suite,Beta GmbH,Direct,65,104.03,405.72,6356.23,3305.24,3050.99,508.5,254.25,762.75,2288.24,ORD-2021-000215
2021-11-02,Enterprise,APAC,Integration Pack,Sakura Ltd,Partner,426,321.12,16415.65,120381.47,75840.33,44541.14,12038.15,8426.7,20464.85,24076.29,ORD-2021-000216
2021-11-11,Enterprise,Middle East,Forecast Pro,Maple LLC,Partner,229,413.34,5679.29,88975.57,55164.85,33810.72,8007.8,6228.29,14236.09,19574.63,ORD-2021-000217
2021-11-04,Enterprise,Europe,Forecast Pro,Beta GmbH,Direct,251,395.51,8934.57,90338.44,55106.45,35231.99,13550.77,2710.15,16260.92,18971.07,ORD-2021-000218
2021-11-27,Enterprise,Europe,Integration Pack,Andes Group,Online,264,505.58,4004.19,129468.93,78976.05,50492.88,15536.27,6473.45,22009.72,28483.16,ORD-2021-000219
2021-11-21,SMB,Middle East,Analytics Suite,Atlas BV,Direct,287,96.42,1660.35,26012.19,13006.1,13006.09,3641.71,1040.49,4682.2,8323.89,ORD-2021-000220
2021-12-23,Enterprise,North America,Analytics Suite,Maple LLC,In-Store,332,391.03,15578.64,114243.32,60548.96,53694.36,9139.47,6854.6,15994.07,37700.29,ORD-2021-000221
2021-12-04,Enterprise,Europe,Integration Pack,Acme Corp,Direct,77,345.44,3457.85,23141.03,13884.62,9256.41,2545.51,925.64,3471.15,5785.26,ORD-2021-000222
2021-12-04,Enterprise,Europe,Forecast Pro,Helios AG,In-Store,341,335.13,9142.35,105136.98,65184.93,39952.05,16821.92,3154.11,19976.03,19976.02,ORD-2021-000223
2021-12-22,Mid-Market,APAC,Integration Pack,Sakura Ltd,Direct,315,181.77,2290.3,54967.25,35179.04,19788.21,8794.76,2198.69,10993.45,8794.76,ORD-2021-000224
2021-12-13,Enterprise,Latin America,Analytics Suite,Andes Group,Direct,337,506.85,13664.68,157143.77,83286.2,73857.57,14142.94,3142.88,17285.82,56571.75,ORD-2021-000225
2021-12-26,SMB,Latin America,Integration Pack,Beta GmbH,In-Store,182,94.08,856.13,16266.43,9759.86,6506.57,2277.3,813.32,3090.62,3415.95,ORD-2021-000226
2021-12-14,Enterprise,Europe,Starter Plan,Andes Group,Online,539,450.76,24295.96,218663.68,139944.76,78718.92,19679.73,13119.82,32799.55,45919.37,ORD-2021-000227
2021-12-19,Enterprise,Middle East,Starter Plan,Orion Inc,Partner,279,380.37,9551.09,96572.14,59874.73,36697.41,14485.82,2897.16,17382.98,19314.43,ORD-2021-000228
2021-12-06,Mid-Market,Europe,Analytics Suite,Helios AG,In-Store,431,251.37,2166.81,106173.66,57333.78,48839.88,12740.84,2123.47,14864.31,33975.57,ORD-2021-000229
2021-12-17,Mid-Market,Europe,Starter Plan,Sakura Ltd,Direct,307,198.45,3046.21,57877.94,35884.32,21993.62,4630.24,1157.56,5787.8,16205.82,ORD-2021-000230
2021-12-13,SMB,Middle East,Data Sync,Maple LLC,Online,155,130.72,1013.08,19248.52,11549.11,7699.41,2117.34,1154.91,3272.25,4427.16,ORD-2021-000231
2021-12-23,SMB,North America,Analytics Suite,Maple LLC,Direct,294,131.31,1930.26,36674.88,19070.94,17603.94,4767.73,1100.25,5867.98,11735.96,ORD-2021-000232
2021-12-16,Enterprise,Middle East,Analytics Suite,Beta GmbH,Online,260,353.69,9195.94,82763.46,43037,39726.46,8276.35,4965.81,13242.16,26484.3,ORD-2021-000233
2021-12-17,Enterprise,Europe,Analytics Suite,Acme Corp,In-Store,125,419.96,3674.65,48820.35,24898.38,23921.97,3905.63,2929.22,6834.85,17087.12,ORD-2021-000234
2021-12-18,Enterprise,Latin America,Starter Plan,Atlas BV,In-Store,540,292.2,11045.16,146742.84,93915.42,52827.42,23478.85,7337.14,30815.99,22011.43,ORD-2021-000235
2021-12-03,Enterprise,North America,Forecast Pro,Nova Retail,Direct,301,272.84,10676.23,71448.61,43583.65,27864.96,10717.29,1428.97,12146.26,15718.7,ORD-2021-000236
2021-12-11,Mid-Market,North America,Starter Plan,Atlas BV,In-Store,131,250.77,1314.03,31536.84,19237.47,12299.37,3469.05,630.74,4099.79,8199.58,ORD-2021-000237
2021-12-18,Enterprise,APAC,Integration Pack,Nova Retail,Partner,571,326.78,18659.14,167932.24,102438.67,65493.57,26869.16,8396.61,35265.77,30227.8,ORD-2021-000238
2021-12-16,Mid-Market,Middle East,Data Sync,Zenith Co,Partner,418,250.48,3141.02,101559.62,56873.39,44686.23,13202.75,6093.58,19296.33,25389.9,ORD-2021-000239
2021-12-04,SMB,Europe,Data Sync,Maple LLC,In-Store,463,153.82,3560.93,67657.73,37888.33,29769.4,5412.62,4736.04,10148.66,19620.74,ORD-2021-000240
2022-01-02,Enterprise,Latin America,Data Sync,Andes Group,In-Store,536,425.82,27388.74,200850.78,120510.47,80340.31,28119.11,12051.05,40170.16,40170.15,ORD-2022-000241
2022-01-06,SMB,Middle East,Forecast Pro,Andes Group,Direct,269,159.99,430.37,42606.94,26842.37,15764.57,5964.97,852.14,6817.11,8947.46,ORD-2022-000242
2022-01-28,SMB,North America,Data Sync,Sakura Ltd,Online,322,129.08,3325.1,38238.66,22943.2,15295.46,3823.87,764.77,4588.64,10706.82,ORD-2022-000243
2022-01-27,Enterprise,Middle East,Starter Plan,Atlas BV,In-Store,415,341.51,14172.67,127553.98,76532.39,51021.59,20408.64,7653.24,28061.88,22959.71,ORD-2022-000244
2022-01-15,Enterprise,Latin America,Integration Pack,Zenith Co,In-Store,68,426.94,2612.87,26419.05,15851.43,10567.62,2906.1,1320.95,4227.05,6340.57,ORD-2022-000245
2022-01-24,Enterprise,Europe,Analytics Suite,Zenith Co,Partner,131,491.96,9022.55,55424.21,28266.35,27157.86,6650.91,2216.97,8867.88,18289.98,ORD-2022-000246
2022-01-20,Enterprise,Europe,Data Sync,Zenith Co,Partner,504,379.68,19135.87,172222.85,98167.02,74055.83,15500.06,3444.46,18944.52,55111.31,ORD-2022-000247
2022-01-13,SMB,North America,Forecast Pro,Acme Corp,Partner,588,111.3,1963.33,63481.07,39993.07,23488,6348.11,3808.86,10156.97,13331.03,ORD-2022-000248
2022-01-04,Enterprise,Middle East,Integration Pack,Atlas BV,In-Store,333,512.88,10247.34,160541.7,96325.02,64216.68,25686.67,4816.25,30502.92,33713.76,ORD-2022-000249
2022-01-20,SMB,Europe,Data Sync,Andes Group,Partner,515,156.66,7261.19,73418.71,41114.48,32304.23,8810.25,2202.56,11012.81,21291.42,ORD-2022-000250
2022-01-10,SMB,Europe,Integration Pack,Orion Inc,In-Store,430,126.05,2168.06,52033.44,32781.07,19252.37,7284.68,3642.34,10927.02,8325.35,ORD-2022-000251
2022-01-05,SMB,APAC,Data Sync,Atlas BV,Online,547,94.51,516.97,51180,29172.6,22007.4,6141.6,3070.8,9212.4,12795,ORD-2022-000252
2022-01-14,Enterprise,Middle East,Forecast Pro,Maple LLC,Direct,451,447.69,22209.9,179698.29,111412.94,68285.35,23360.78,3593.97,26954.75,41330.6,ORD-2022-000253
2022-01-06,Mid-Market,Latin America,Forecast Pro,Atlas BV,Partner,532,176.47,1877.64,92004.4,57962.77,34041.63,8280.4,3680.18,11960.58,22081.05,ORD-2022-000254
2022-01-09,SMB,APAC,Starter Plan,Nova Retail,Partner,427,103.99,4440.37,39963.36,25176.92,14786.44,4795.6,2397.8,7193.4,7593.04,ORD-2022-000255
2022-01-07,SMB,Europe,Data Sync,Maple LLC,Partner,365,99.17,1809.85,34387.2,19256.83,15130.37,5501.95,2063.23,7565.18,7565.19,ORD-2022-000256
2022-01-13,Mid-Market,APAC,Starter Plan,Zenith Co,Online,194,283.57,550.13,54462.45,33222.09,21240.36,6535.49,3267.75,9803.24,11437.12,ORD-2022-000257
2022-01-08,Enterprise,Middle East,Data Sync,Zenith Co,Direct,527,427.92,20296.25,205217.59,121078.38,84139.21,20521.76,4104.35,24626.11,59513.1,ORD-2022-000258
2022-01-04,Enterprise,Latin America,Forecast Pro,Acme Corp,In-Store,553,519.53,28730.01,258570.08,157727.75,100842.33,41371.21,18099.91,59471.12,41371.21,ORD-2022-000259
2022-01-11,SMB,APAC,Analytics Suite,Zenith Co,Partner,299,123.36,737.69,36146.95,19519.35,16627.6,4337.63,1084.41,5422.04,11205.56,ORD-2022-000260
2022-02-13,SMB,Europe,Forecast Pro,Zenith Co,In-Store,161,100.51,485.46,15696.65,9574.96,6121.69,1883.6,470.9,2354.5,3767.19,ORD-2022-000261
2022-02-04,SMB,APAC,Starter Plan,Atlas BV,In-Store,414,103.48,2998.85,39841.87,23905.12,15936.75,6374.7,1195.26,7569.96,8366.79,ORD-2022-000262
2022-02-20,Mid-Market,APAC,Data Sync,Orion Inc,Partner,542,220.74,9571.29,110069.79,62739.78,47330.01,14309.07,4402.79,18711.86,28618.15,ORD-2022-000263
2022-02-16,Enterprise,Latin America,Data Sync,Andes Group,Partner,496,400.42,21846.92,176761.4,102521.61,74239.79,19443.75,3535.23,22978.98,51260.81,ORD-2022-000264
2022-02-01,Mid-Market,APAC,Integration Pack,Nova Retail,Online,562,278.12,7815.17,148488.27,90577.84,57910.43,17818.59,8909.3,26727.89,31182.54,ORD-2022-000265
2022-02-23,SMB,APAC,Starter Plan,Nova Retail,In-Store,484,100.14,4362.1,44105.66,26463.4,17642.26,6615.85,2646.34,9262.19,8380.07,ORD-2022-000266
2022-02-12,Mid-Market,North America,Integration Pack,Sakura Ltd,Direct,296,219.54,4548.87,60434.97,37469.68,22965.29,6647.85,3626.1,10273.95,12691.34,ORD-2022-000267
2022-02-08,SMB,APAC,Starter Plan,Nova Retail,Direct,310,114.08,3890.13,31474.67,20143.79,11330.88,2517.97,1573.73,4091.7,7239.18,ORD-2022-000268
2022-02-04,SMB,Latin America,Starter Plan,Andes Group,Online,249,128.55,1920.54,30088.41,18955.7,11132.71,4814.15,1203.54,6017.69,5115.02,ORD-2022-000269
2022-02-21,Mid-Market,Latin America,Data Sync,Nova Retail,In-Store,116,276.52,3528.4,28547.92,16843.27,11704.65,4282.19,1998.35,6280.54,5424.11,ORD-2022-000270
2022-02-24,SMB,North America,Integration Pack,Andes Group,In-Store,164,123.87,812.59,19502.09,12481.34,7020.75,2145.23,1365.15,3510.38,3510.37,ORD-2022-000271
2022-02-02,SMB,Latin America,Integration Pack,Beta GmbH,Partner,286,101.78,1455.45,27653.63,16868.71,10784.92,2212.29,553.07,2765.36,8019.56,ORD-2022-000272
2022-02-26,Mid-Market,Middle East,Forecast Pro,Sakura Ltd,Direct,223,256.3,2286.2,54868.7,34567.28,20301.42,8778.99,3840.81,12619.8,7681.62,ORD-2022-000273
2022-02-08,SMB,North America,Analytics Suite,Sakura Ltd,Direct,581,119.02,6915.06,62235.56,31117.78,31117.78,4978.84,4356.49,9335.33,21782.45,ORD-2022-000274
2022-02-11,Mid-Market,Latin America,Integration Pack,Orion Inc,Direct,173,290.1,4014.98,46172.32,27703.39,18468.93,3693.79,1846.89,5540.68,12928.25,ORD-2022-000275
2022-02-22,Mid-Market,APAC,Forecast Pro,Orion Inc,Partner,166,176.3,2633.92,26631.88,17044.4,9587.48,3462.14,1331.59,4793.73,4793.75,ORD-2022-000276
2022-02-15,Mid-Market,Latin America,Starter Plan,Zenith Co,In-Store,598,210.76,1260.34,124774.14,79855.45,44918.69,17468.38,3743.22,21211.6,23707.09,ORD-2022-000277
2022-02-11,Mid-Market,Latin America,Data Sync,Nova Retail,Partner,149,184.61,1925.48,25581.41,15348.85,10232.56,4093.03,1790.7,5883.73,4348.83,ORD-2022-000278
2022-02-19,SMB,APAC,Forecast Pro,Atlas BV,Partner,114,91.78,209.26,10253.66,6152.2,4101.46,1435.51,410.15,1845.66,2255.8,ORD-2022-000279
2022-02-01,Mid-Market,Middle East,Forecast Pro,Nova Retail,Direct,273,231.82,2531.47,60755.39,37060.79,23694.6,6075.54,1215.11,7290.65,16403.95,ORD-2022-000280
2022-03-21,Mid-Market,APAC,Integration Pack,Zenith Co,Partner,472,296.48,6996.93,132941.63,82423.81,50517.82,10635.33,3988.25,14623.58,35894.24,ORD-2022-000281
2022-03-22,Enterprise,Middle East,Analytics Suite,Sakura Ltd,Online,391,489.1,11474.29,179763.81,97072.46,82691.35,17976.38,10785.83,28762.21,53929.14,ORD-2022-000282
2022-03-22,SMB,Europe,Analytics Suite,Orion Inc,Online,490,94.92,2325.54,44185.26,23860.04,20325.22,3976.67,2209.26,6185.93,14139.29,ORD-2022-000283
2022-03-20,SMB,APAC,Integration Pack,Andes Group,Direct,534,98.68,3688.66,49006.46,30384.01,18622.45,5880.78,980.13,6860.91,11761.54,ORD-2022-000284
2022-03-03,SMB,Europe,Analytics Suite,Acme Corp,In-Store,250,123.97,2789.33,28203.17,14101.59,14101.58,4512.51,1974.22,6486.73,7614.85,ORD-2022-000285
2022-03-24,Mid-Market,Europe,Data Sync,Sakura Ltd,Partner,182,241.69,3079.13,40908.45,23726.9,17181.55,5727.18,818.17,6545.35,10636.2,ORD-2022-000286
2022-03-22,SMB,APAC,Forecast Pro,Andes Group,Direct,235,106.35,1249.61,23742.64,14957.86,8784.78,2611.69,1187.13,3798.82,4985.96,ORD-2022-000287
2022-03-02,Mid-Market,APAC,Integration Pack,Zenith Co,Direct,137,264.34,3259.31,32955.27,20432.27,12523,2965.97,988.66,3954.63,8568.37,ORD-2022-000288
2022-03-04,Mid-Market,APAC,Starter Plan,Atlas BV,Direct,152,272.33,3311.53,38082.63,22849.58,15233.05,4189.09,1142.48,5331.57,9901.48,ORD-2022-000289
2022-03-16,Mid-Market,APAC,Forecast Pro,Andes Group,Online,445,305.34,5435.05,130441.25,78264.75,52176.5,10435.3,9130.89,19566.19,32610.31,ORD-2022-000290
2022-03-23,Enterprise,APAC,Starter Plan,Zenith Co,Direct,587,490.51,37430.82,250498.55,157814.09,92684.46,35069.8,7514.96,42584.76,50099.7,ORD-2022-000291
2022-03-17,Enterprise,Europe,Data Sync,Sakura Ltd,In-Store,432,366.56,22169.55,136184.37,77625.09,58559.28,16342.12,8171.06,24513.18,34046.1,ORD-2022-000292
2022-03-17,SMB,Latin America,Starter Plan,Nova Retail,Direct,334,146.43,1467.23,47440.39,28464.23,18976.16,7590.46,3320.83,10911.29,8064.87,ORD-2022-000293
2022-03-13,Mid-Market,APAC,Data Sync,Andes Group,Direct,536,214.99,1152.35,114082.29,68449.37,45632.92,15971.52,4563.29,20534.81,25098.11,ORD-2022-000294
2022-03-20,Mid-Market,Europe,Data Sync,Helios AG,Partner,399,209.59,5853.85,77772.56,46663.54,31109.02,6999.53,3110.9,10110.43,20998.59,ORD-2022-000295
2022-03-23,Mid-Market,Latin America,Starter Plan,Maple LLC,Online,594,172.57,5125.33,97381.25,62324,35057.25,7790.5,1947.63,9738.13,25319.12,ORD-2022-000296
2022-03-05,Mid-Market,North America,Analytics Suite,Zenith Co,In-Store,440,251.17,8841.18,101673.62,53887.02,47786.6,10167.36,5083.68,15251.04,32535.56,ORD-2022-000297
2022-03-27,SMB,APAC,Integration Pack,Acme Corp,Partner,345,129.78,895.48,43878.62,26765.96,17112.66,7020.58,877.57,7898.15,9214.51,ORD-2022-000298
2022-03-18,Enterprise,Latin America,Data Sync,Andes Group,Online,301,450.14,18968.9,116523.24,66418.25,50104.99,18643.72,8156.63,26800.35,23304.64,ORD-2022-000299
2022-03-27,Mid-Market,North America,Starter Plan,Sakura Ltd,In-Store,235,286.25,3363.44,63905.31,38982.24,24923.07,8307.69,1917.16,10224.85,14698.22,ORD-2022-000300
2022-04-27,SMB,Europe,Integration Pack,Andes Group,Online,356,116.59,2490.36,39015.68,24189.72,14825.96,6242.51,1560.63,7803.14,7022.82,ORD-2022-000301
2022-04-06,Enterprise,Europe,Starter Plan,Acme Corp,Direct,111,369.54,3281.52,37737.42,23019.83,14717.59,3773.74,1886.87,5660.61,9056.98,ORD-2022-000302
2022-04-26,Enterprise,North America,Analytics Suite,Helios AG,Online,219,475.59,6249.25,97904.96,52868.68,45036.28,14685.74,5874.3,20560.04,24476.24,ORD-2022-000303
2022-04-10,Enterprise,Europe,Data Sync,Helios AG,In-Store,324,468.93,18232,133701.32,77546.77,56154.55,20055.2,2674.03,22729.23,33425.32,ORD-2022-000304
2022-04-12,Mid-Market,Middle East,Starter Plan,Acme Corp,In-Store,166,260.38,3890.08,39333,25173.12,14159.88,3146.64,786.66,3933.3,10226.58,ORD-2022-000305
2022-04-04,Enterprise,Middle East,Integration Pack,Nova Retail,In-Store,455,507.08,29993.78,200727.62,126458.4,74269.22,22080.04,12043.66,34123.7,40145.52,ORD-2022-000306
2022-04-13,SMB,Middle East,Integration Pack,Acme Corp,Partner,247,132.55,2619.19,30120.66,18674.81,11445.85,2409.65,1506.03,3915.68,7530.17,ORD-2022-000307
2022-04-20,Enterprise,Latin America,Forecast Pro,Beta GmbH,Partner,117,273.29,1598.75,30376.18,19440.76,10935.42,3037.62,1518.81,4556.43,6378.99,ORD-2022-000308
2022-04-02,Mid-Market,APAC,Forecast Pro,Orion Inc,Direct,82,306.1,2259.02,22841.18,14618.36,8222.82,2969.35,913.65,3883,4339.82,ORD-2022-000309
2022-04-15,SMB,Middle East,Analytics Suite,Beta GmbH,Partner,124,150.25,1863.1,16767.9,8719.31,8048.59,2347.51,838.4,3185.91,4862.68,ORD-2022-000310
2022-04-24,Mid-Market,North America,Analytics Suite,Andes Group,Partner,129,233.61,2109.5,28026.19,14013.1,14013.09,3082.88,1401.31,4484.19,9528.9,ORD-2022-000311
2022-04-28,SMB,Europe,Data Sync,Acme Corp,In-Store,49,116.17,341.54,5350.79,2996.44,2354.35,802.62,267.54,1070.16,1284.19,ORD-2022-000312
2022-04-26,SMB,Europe,Forecast Pro,Maple LLC,In-Store,189,124.01,468.76,22969.13,13781.48,9187.65,1837.53,689.07,2526.6,6661.05,ORD-2022-000313
2022-04-20,Enterprise,Europe,Starter Plan,Acme Corp,Online,599,348.43,14609.67,194099.9,122282.94,71816.96,27173.99,3882,31055.99,40760.97,ORD-2022-000314
2022-04-15,SMB,Middle East,Integration Pack,Beta GmbH,In-Store,566,152.7,9507.1,76921.1,47691.08,29230.02,9999.74,1538.42,11538.16,17691.86,ORD-2022-000315
2022-04-25,Mid-Market,Europe,Forecast Pro,Maple LLC,In-Store,48,219.52,1053.7,9483.26,5879.62,3603.64,853.49,284.5,1137.99,2465.65,ORD-2022-000316
2022-04-13,Mid-Market,Europe,Data Sync,Zenith Co,Online,497,203.07,11101.84,89823.95,51199.65,38624.3,8084.16,3592.96,11677.12,26947.18,ORD-2022-000317
2022-04-04,Mid-Market,Middle East,Starter Plan,Andes Group,Direct,482,182.48,2638.66,85316.7,52043.19,33273.51,8531.67,2559.5,11091.17,22182.34,ORD-2022-000318
2022-04-10,Enterprise,Latin America,Data Sync,Acme Corp,In-Store,596,364.53,28243.78,189016.1,113409.66,75606.44,22681.93,3780.32,26462.25,49144.19,ORD-2022-000319
2022-04-08,Enterprise,North America,Data Sync,Andes Group,Online,230,268.79,3709.3,58112.4,32542.94,25569.46,6973.49,4067.87,11041.36,14528.1,ORD-2022-000320
2022-05-07,SMB,North America,Data Sync,Sakura Ltd,Online,79,120.48,285.54,9232.38,5262.46,3969.92,1477.18,461.62,1938.8,2031.12,ORD-2022-000321
2022-05-14,Enterprise,Latin America,Analytics Suite,Beta GmbH,Direct,576,279.23,12866.92,147969.56,78423.87,69545.69,19236.04,7398.48,26634.52,42911.17,ORD-2022-000322
2022-05-04,Mid-Market,Latin America,Data Sync,Orion Inc,Direct,87,191.3,166.43,16476.67,9226.94,7249.73,2636.27,329.53,2965.8,4283.93,ORD-2022-000323
2022-05-28,Enterprise,North America,Analytics Suite,Nova Retail,In-Store,54,517.31,1396.74,26538,14065.14,12472.86,3980.7,796.14,4776.84,7696.02,ORD-2022-000324
2022-05-19,Mid-Market,Europe,Analytics Suite,Orion Inc,Online,308,250.31,3083.82,74011.66,39966.3,34045.36,7401.17,1480.23,8881.4,25163.96,ORD-2022-000325
2022-05-10,Enterprise,Latin America,Data Sync,Helios AG,Partner,516,422.53,8721.02,209304.46,117210.5,92093.96,18837.4,14651.31,33488.71,58605.25,ORD-2022-000326
2022-05-24,Mid-Market,Europe,Starter Plan,Helios AG,In-Store,472,245.85,3481.24,112559.96,72038.37,40521.59,11256,4502.4,15758.4,24763.19,ORD-2022-000327
2022-05-07,Mid-Market,Middle East,Forecast Pro,Orion Inc,Online,301,247.78,8204,66377.78,39826.67,26551.11,5974,3982.67,9956.67,16594.44,ORD-2022-000328
2022-05-28,Mid-Market,Middle East,Analytics Suite,Sakura Ltd,Direct,278,279.77,6999.85,70776.21,36095.87,34680.34,7785.38,1415.52,9200.9,25479.44,ORD-2022-000329
2022-05-04,Enterprise,Latin America,Data Sync,Atlas BV,Partner,148,456.96,9468.21,58161.87,33733.88,24427.99,5234.57,4071.33,9305.9,15122.09,ORD-2022-000330
2022-05-18,Mid-Market,Europe,Integration Pack,Helios AG,Partner,254,175.4,3564.13,40987.47,24592.48,16394.99,5328.37,1229.62,6557.99,9837,ORD-2022-000331
2022-05-24,Mid-Market,Europe,Data Sync,Atlas BV,Partner,535,270.87,15940.7,128974.75,74805.36,54169.39,12897.48,3869.24,16766.72,37402.67,ORD-2022-000332
2022-05-09,Mid-Market,APAC,Data Sync,Beta GmbH,In-Store,461,292.59,14837.24,120046.75,67226.18,52820.57,16806.55,3601.4,20407.95,32412.62,ORD-2022-000333
2022-05-12,Mid-Market,Middle East,Data Sync,Maple LLC,Online,94,239.42,2250.55,20254.93,11545.31,8709.62,2228.04,1215.3,3443.34,5266.28,ORD-2022-000334
2022-05-25,SMB,North America,Analytics Suite,Maple LLC,Online,190,110.15,1883.56,19044.94,9712.92,9332.02,1523.6,380.9,1904.5,7427.52,ORD-2022-000335
2022-05-23,Mid-Market,Latin America,Analytics Suite,Zenith Co,Partner,347,280.81,5846.46,91594.61,48545.14,43049.47,11907.3,4579.73,16487.03,26562.44,ORD-2022-000336
2022-05-18,SMB,APAC,Integration Pack,Atlas BV,Partner,439,147.83,3893.84,61003.53,39042.26,21961.27,6710.39,3660.21,10370.6,11590.67,ORD-2022-000337
2022-05-18,Mid-Market,North America,Analytics Suite,Orion Inc,Partner,149,234.91,700.03,34301.56,18179.83,16121.73,2744.12,2401.11,5145.23,10976.5,ORD-2022-000338
2022-05-26,SMB,Latin America,Data Sync,Zenith Co,Online,359,112,1206.24,39001.76,23401.06,15600.7,3900.18,2340.11,6240.29,9360.41,ORD-2022-000339
2022-05-10,Enterprise,APAC,Forecast Pro,Sakura Ltd,Direct,188,292.26,3296.69,51648.19,31505.4,20142.79,5164.82,3615.37,8780.19,11362.6,ORD-2022-000340
2022-06-22,SMB,Middle East,Forecast Pro,Maple LLC,Partner,249,141.22,2109.83,33053.95,20162.91,12891.04,3305.4,991.62,4297.02,8594.02,ORD-2022-000341
2022-06-19,Mid-Market,Latin America,Forecast Pro,Helios AG,Direct,250,290.96,7274,65466,39934.26,25531.74,9819.9,1309.32,11129.22,14402.52,ORD-2022-000342
2022-06-08,Enterprise,APAC,Starter Plan,Helios AG,Direct,195,327.35,7659.99,56173.26,34265.69,21907.57,5617.33,2808.66,8425.99,13481.58,ORD-2022-000343
2022-06-10,Mid-Market,Middle East,Starter Plan,Sakura Ltd,Direct,439,300.97,13212.58,118913.25,73726.22,45187.03,17836.99,4756.53,22593.52,22593.51,ORD-2022-000344
2022-06-28,Mid-Market,North America,Integration Pack,Acme Corp,Online,312,182.83,570.43,56472.53,35577.69,20894.84,6776.7,1129.45,7906.15,12988.69,ORD-2022-000345
2022-06-27,Mid-Market,Europe,Analytics Suite,Sakura Ltd,Online,171,274.83,4699.59,42296.34,21571.13,20725.21,3806.67,1268.89,5075.56,15649.65,ORD-2022-000346
2022-06-23,Mid-Market,Europe,Analytics Suite,Andes Group,Partner,170,250.16,425.27,42101.93,22735.04,19366.89,6736.31,2947.14,9683.45,9683.44,ORD-2022-000347
2022-06-13,Mid-Market,Europe,Data Sync,Acme Corp,Direct,510,307.24,10968.47,145723.93,81605.4,64118.53,13115.15,8743.44,21858.59,42259.94,ORD-2022-000348
2022-06-26,Enterprise,APAC,Forecast Pro,Nova Retail,Direct,174,453.17,6308.13,72543.45,45702.37,26841.08,5803.48,3627.17,9430.65,17410.43,ORD-2022-000349
2022-06-06,Mid-Market,Latin America,Analytics Suite,Orion Inc,Online,526,295.31,9319.98,146013.08,75926.8,70086.28,11681.05,5840.52,17521.57,52564.71,ORD-2022-000350
2022-06-28,Enterprise,North America,Data Sync,Maple LLC,In-Store,146,347.09,6081.02,44594.12,25864.59,18729.53,4013.47,1783.76,5797.23,12932.3,ORD-2022-000351
2022-06-08,SMB,North America,Analytics Suite,Nova Retail,Direct,431,145.26,3130.35,59476.71,30927.89,28548.82,4758.14,3568.6,8326.74,20222.08,ORD-2022-000352
2022-06-07,Mid-Market,Europe,Integration Pack,Maple LLC,In-Store,192,236.97,1819.93,43678.31,27080.55,16597.76,5241.4,2183.92,7425.32,9172.44,ORD-2022-000353
2022-06-13,Mid-Market,Europe,Starter Plan,Andes Group,Direct,384,170.01,6528.38,58755.46,35253.28,23502.18,8225.76,1175.11,9400.87,14101.31,ORD-2022-000354
2022-06-26,SMB,Latin America,Data Sync,Atlas BV,Partner,56,97.68,218.8,5251.28,3150.77,2100.51,840.2,367.59,1207.79,892.72,ORD-2022-000355
2022-06-22,Enterprise,Latin America,Forecast Pro,Zenith Co,Online,415,508.46,16880.87,194130.03,122301.92,71828.11,29119.5,13589.1,42708.6,29119.51,ORD-2022-000356
2022-06-20,SMB,North America,Integration Pack,Atlas BV,In-Store,160,118.92,1331.9,17695.3,10794.13,6901.17,1769.53,353.91,2123.44,4777.73,ORD-2022-000357
2022-06-08,SMB,Latin America,Data Sync,Nova Retail,Direct,495,111.48,6070.09,49112.51,29467.51,19645,4420.13,1964.5,6384.63,13260.37,ORD-2022-000358
2022-06-16,Enterprise,Europe,Forecast Pro,Zenith Co,Direct,514,378.87,9736.96,185002.22,118401.42,66600.8,25900.31,11100.13,37000.44,29600.36,ORD-2022-000359
2022-06-13,SMB,APAC,Data Sync,Beta GmbH,Online,553,103.44,1716.07,55486.25,32182.03,23304.22,5548.63,2774.31,8322.94,14981.28,ORD-2022-000360
2022-07-18,SMB,APAC,Data Sync,Acme Corp,Direct,134,117.65,157.65,15607.45,8740.17,6867.28,1560.75,780.37,2341.12,4526.16,ORD-2022-000361
2022-07-20,Mid-Market,North America,Integration Pack,Nova Retail,Direct,267,242.07,1292.65,63340.04,40537.63,22802.41,8867.61,1266.8,10134.41,12668,ORD-2022-000362
2022-07-14,Mid-Market,Latin America,Starter Plan,Nova Retail,In-Store,366,266.1,8765.33,88627.27,56721.45,31905.82,12407.82,6203.91,18611.73,13294.09,ORD-2022-000363
2022-07-08,SMB,Latin America,Starter Plan,Andes Group,In-Store,351,105.95,2603.19,34585.26,21442.86,13142.4,3804.38,2420.97,6225.35,6917.05,ORD-2022-000364
2022-07-08,SMB,Middle East,Starter Plan,Atlas BV,Direct,512,135.08,4149.66,65011.3,40957.12,24054.18,10401.81,1950.34,12352.15,11702.03,ORD-2022-000365
2022-07-14,SMB,Europe,Integration Pack,Beta GmbH,Online,221,158.51,3152.76,31877.95,19126.77,12751.18,3187.8,1275.12,4462.92,8288.26,ORD-2022-000366
2022-07-22,Enterprise,Middle East,Forecast Pro,Atlas BV,Partner,517,327.5,20318.1,148999.4,92379.63,56619.77,13409.95,7449.97,20859.92,35759.85,ORD-2022-000367
2022-07-27,Mid-Market,Middle East,Starter Plan,Sakura Ltd,In-Store,443,243.78,6479.67,101514.87,63954.37,37560.5,9136.34,4060.59,13196.93,24363.57,ORD-2022-000368
2022-07-05,Mid-Market,North America,Starter Plan,Nova Retail,Online,594,194.6,11559.24,104033.16,64500.56,39532.6,9362.98,7282.32,16645.3,22887.3,ORD-2022-000369
2022-07-12,Enterprise,North America,Integration Pack,Andes Group,Partner,109,447.4,6827.32,41939.28,26841.14,15098.14,5032.71,2516.36,7549.07,7549.07,ORD-2022-000370
2022-07-05,SMB,APAC,Analytics Suite,Beta GmbH,Direct,376,108.82,409.16,40507.16,20658.65,19848.51,3240.57,1215.21,4455.78,15392.73,ORD-2022-000371
2022-07-25,SMB,Latin America,Forecast Pro,Orion Inc,In-Store,484,99.25,3362.59,44674.41,26804.65,17869.76,4020.7,1786.98,5807.68,12062.08,ORD-2022-000372
2022-07-04,Enterprise,Latin America,Data Sync,Sakura Ltd,In-Store,250,411.77,7205.98,95736.52,53612.45,42124.07,14360.48,6701.56,21062.04,21062.03,ORD-2022-000373
2022-07-12,Enterprise,North America,Data Sync,Maple LLC,In-Store,596,330.17,17710.32,179071,103861.18,75209.82,17907.1,12534.97,30442.07,44767.75,ORD-2022-000374
2022-07-07,Enterprise,Europe,Forecast Pro,Maple LLC,Online,491,497.54,9771.69,234520.45,143057.47,91462.98,37523.27,9380.82,46904.09,44558.89,ORD-2022-000375
2022-07-17,Mid-Market,APAC,Forecast Pro,Zenith Co,Direct,534,249.18,3991.86,129070.26,80023.56,49046.7,11616.32,2581.41,14197.73,34848.97,ORD-2022-000376
2022-07-13,Mid-Market,North America,Forecast Pro,Andes Group,In-Store,338,209.94,7805.57,63154.15,39787.11,23367.04,10104.66,4420.79,14525.45,8841.59,ORD-2022-000377
2022-07-03,SMB,APAC,Starter Plan,Maple LLC,Direct,63,156.66,592.17,9277.41,5937.54,3339.87,927.74,556.64,1484.38,1855.49,ORD-2022-000378
2022-07-16,SMB,APAC,Analytics Suite,Beta GmbH,Online,582,113.59,4627.66,61481.72,31970.49,29511.23,7992.62,1844.45,9837.07,19674.16,ORD-2022-000379
2022-07-27,Mid-Market,Latin America,Starter Plan,Maple LLC,Partner,445,191.05,5101.04,79916.21,47949.73,31966.48,11188.27,5594.13,16782.4,15184.08,ORD-2022-000380
2022-08-21,Mid-Market,North America,Integration Pack,Acme Corp,Partner,524,225.33,11807.29,106265.63,66947.35,39318.28,9563.91,6375.94,15939.85,23378.43,ORD-2022-000381
2022-08-08,Enterprise,APAC,Data Sync,Acme Corp,Partner,436,395.02,13778.3,158450.42,95070.25,63380.17,17429.55,6338.02,23767.57,39612.6,ORD-2022-000382
2022-08-25,Enterprise,North America,Integration Pack,Orion Inc,In-Store,69,426.49,882.83,28544.98,18268.79,10276.19,3139.95,1712.7,4852.65,5423.54,ORD-2022-000383
2022-08-06,Mid-Market,Europe,Forecast Pro,Maple LLC,Online,406,193.64,3930.89,74686.95,47052.78,27634.17,8962.43,2987.48,11949.91,15684.26,ORD-2022-000384
2022-08-13,Enterprise,Latin America,Forecast Pro,Orion Inc,Direct,408,478.49,19522.39,175701.53,112448.98,63252.55,26355.23,8785.08,35140.31,28112.24,ORD-2022-000385
2022-08-05,Mid-Market,APAC,Integration Pack,Beta GmbH,Online,287,254.23,1459.28,71504.73,45047.98,26456.75,5720.38,3575.24,9295.62,17161.13,ORD-2022-000386
2022-08-24,Enterprise,Middle East,Data Sync,Orion Inc,Direct,157,345.36,4337.72,49883.8,28433.77,21450.03,6484.89,2494.19,8979.08,12470.95,ORD-2022-000387
2022-08-06,SMB,Europe,Integration Pack,Acme Corp,In-Store,440,94.74,1667.42,40018.18,24010.91,16007.27,3201.45,2801.27,6002.72,10004.55,ORD-2022-000388
2022-08-18,Enterprise,APAC,Data Sync,Orion Inc,In-Store,185,298.73,7737.11,47527.94,28516.76,19011.18,3802.24,950.56,4752.8,14258.38,ORD-2022-000389
2022-08-16,SMB,Middle East,Forecast Pro,Orion Inc,In-Store,115,158.64,2006.8,16236.8,10066.82,6169.98,2110.78,324.74,2435.52,3734.46,ORD-2022-000390
2022-08-18,SMB,Latin America,Forecast Pro,Zenith Co,Partner,580,156.33,6347,84324.4,50594.64,33729.76,13491.9,4216.22,17708.12,16021.64,ORD-2022-000391
2022-08-05,Enterprise,Latin America,Starter Plan,Zenith Co,Partner,392,338.92,14614.23,118242.41,70945.45,47296.96,17736.36,2364.85,20101.21,27195.75,ORD-2022-000392
2022-08-03,SMB,APAC,Analytics Suite,Nova Retail,Direct,379,144.3,6015.87,48673.83,24336.92,24336.91,4380.64,973.48,5354.12,18982.79,ORD-2022-000393
2022-08-09,Mid-Market,Europe,Integration Pack,Helios AG,Partner,542,219.87,4766.78,114402.76,73217.77,41184.99,12584.3,2288.06,14872.36,26312.63,ORD-2022-000394
2022-08-04,Enterprise,APAC,Starter Plan,Nova Retail,In-Store,589,517.89,12201.49,292835.72,181558.15,111277.57,26355.21,11713.43,38068.64,73208.93,ORD-2022-000395
2022-08-05,Enterprise,Latin America,Data Sync,Helios AG,Direct,344,379.08,10432.28,119971.24,69583.32,50387.92,15596.26,4798.85,20395.11,29992.81,ORD-2022-000396
2022-08-13,SMB,Middle East,Integration Pack,Andes Group,Online,580,141.64,821.51,81329.69,51237.7,30091.99,8132.97,4066.48,12199.45,17892.54,ORD-2022-000397
2022-08-06,SMB,Europe,Data Sync,Orion Inc,Partner,461,146.74,2705.89,64941.25,38964.75,25976.5,6494.13,3247.06,9741.19,16235.31,ORD-2022-000398
2022-08-13,Enterprise,North America,Integration Pack,Beta GmbH,Online,218,403.63,2639.74,85351.6,52917.99,32433.61,10242.19,1707.03,11949.22,20484.39,ORD-2022-000399
2022-08-06,Mid-Market,Middle East,Starter Plan,Maple LLC,In-Store,283,294.4,5832.06,77483.14,49589.21,27893.93,12397.3,2324.49,14721.79,13172.14,ORD-2022-000400
2022-09-01,SMB,Middle East,Forecast Pro,Sakura Ltd,Online,469,98.2,2302.79,43753.01,26251.81,17501.2,6125.42,1750.12,7875.54,9625.66,ORD-2022-000401
2022-09-08,Mid-Market,Latin America,Integration Pack,Sakura Ltd,Online,348,223.04,776.18,76841.74,48410.3,28431.44,6147.34,2305.25,8452.59,19978.85,ORD-2022-000402
2022-09-22,SMB,Middle East,Starter Plan,Atlas BV,Direct,174,120.14,2090.44,18813.92,11664.63,7149.29,2822.09,1128.84,3950.93,3198.36,ORD-2022-000403
2022-09-21,SMB,APAC,Starter Plan,Orion Inc,Online,177,93.33,1156.36,15363.05,9678.72,5684.33,1536.31,307.26,1843.57,3840.76,ORD-2022-000404
2022-09-04,Mid-Market,North America,Data Sync,Beta GmbH,In-Store,196,248.99,2928.12,45873.92,27065.61,18808.31,7339.83,1834.96,9174.79,9633.52,ORD-2022-000405
2022-09-02,SMB,Europe,Data Sync,Nova Retail,Online,154,143.08,1762.75,20271.57,11757.51,8514.06,3040.74,608.15,3648.89,4865.17,ORD-2022-000406
2022-09-15,Enterprise,Middle East,Forecast Pro,Zenith Co,Direct,491,270.57,18598.98,114250.89,68550.53,45700.36,13710.11,2285.02,15995.13,29705.23,ORD-2022-000407
2022-09-26,Mid-Market,Middle East,Starter Plan,Beta GmbH,Partner,159,295.81,3292.37,43741.42,26244.85,17496.57,5686.38,2187.07,7873.45,9623.12,ORD-2022-000408
2022-09-06,SMB,Europe,Starter Plan,Beta GmbH,In-Store,107,141.39,756.44,14372.29,9054.54,5317.75,1437.23,1006.06,2443.29,2874.46,ORD-2022-000409
2022-09-20,SMB,North America,Data Sync,Atlas BV,Online,598,108.73,2600.82,62419.72,36827.63,25592.09,4993.58,4369.38,9362.96,16229.13,ORD-2022-000410
2022-09-27,Enterprise,APAC,Starter Plan,Helios AG,Online,207,482.27,13976.18,85853.71,54946.37,30907.34,11160.98,6009.76,17170.74,13736.6,ORD-2022-000411
2022-09-24,Mid-Market,Middle East,Analytics Suite,Andes Group,In-Store,476,242.34,10381.85,104971.99,53535.71,51436.28,10497.2,7348.04,17845.24,33591.04,ORD-2022-000412
2022-09-12,SMB,Middle East,Integration Pack,Sakura Ltd,Direct,448,92.99,833.19,40826.33,25312.32,15514.01,3674.37,2857.84,6532.21,8981.8,ORD-2022-000413
2022-09-28,Enterprise,North America,Data Sync,Beta GmbH,Direct,539,430.99,30199.47,202104.14,113178.32,88925.82,24252.5,4042.08,28294.58,60631.24,ORD-2022-000414
2022-09-09,Enterprise,Europe,Forecast Pro,Beta GmbH,In-Store,515,311.3,22444.73,137874.77,82724.86,55149.91,19302.47,5514.99,24817.46,30332.45,ORD-2022-000415
2022-09-11,Enterprise,Latin America,Forecast Pro,Helios AG,In-Store,346,372.03,15446.69,113275.69,71363.68,41912.01,14725.84,2265.51,16991.35,24920.66,ORD-2022-000416
2022-09-18,Mid-Market,Middle East,Forecast Pro,Orion Inc,Online,253,179.92,2731.19,42788.57,26101.03,16687.54,5990.4,1283.66,7274.06,9413.48,ORD-2022-000417
2022-09-26,Mid-Market,Europe,Integration Pack,Helios AG,Direct,450,259.99,1169.96,115825.54,71811.83,44013.71,9266.04,3474.77,12740.81,31272.9,ORD-2022-000418
2022-09-18,Mid-Market,APAC,Analytics Suite,Acme Corp,Online,271,228.99,4343.94,57712.35,29433.3,28279.05,7502.61,3462.74,10965.35,17313.7,ORD-2022-000419
2022-09-27,Enterprise,North America,Forecast Pro,Nova Retail,Partner,48,418.2,1003.68,19069.92,11632.65,7437.27,3051.19,572.1,3623.29,3813.98,ORD-2022-000420
2022-10-04,Enterprise,APAC,Data Sync,Beta GmbH,In-Store,55,474.06,1303.67,24769.63,14118.69,10650.94,3963.14,990.79,4953.93,5697.01,ORD-2022-000421
2022-10-09,Mid-Market,Europe,Starter Plan,Atlas BV,In-Store,588,275.03,3234.35,158483.29,101429.31,57053.98,17433.16,6339.33,23772.49,33281.49,ORD-2022-000422
2022-10-03,Mid-Market,Middle East,Data Sync,Orion Inc,Partner,190,306.12,1744.88,56417.92,31594.04,24823.88,7898.51,1128.36,9026.87,15797.01,ORD-2022-000423
2022-10-19,Mid-Market,Latin America,Starter Plan,Andes Group,Online,347,303.82,9488.3,95937.24,58521.72,37415.52,8634.35,4796.86,13431.21,23984.31,ORD-2022-000424
2022-10-14,SMB,Europe,Forecast Pro,Helios AG,Partner,180,117.39,2113.02,19017.18,11600.48,7416.7,2472.23,570.52,3042.75,4373.95,ORD-2022-000425
2022-10-10,Mid-Market,Europe,Integration Pack,Nova Retail,Online,523,229.72,1201.44,118942.12,73744.11,45198.01,19030.74,7136.53,26167.27,19030.74,ORD-2022-000426
2022-10-11,SMB,Europe,Forecast Pro,Orion Inc,Direct,411,114.37,1410.18,45595.89,27813.49,17782.4,4103.63,2279.79,6383.42,11398.98,ORD-2022-000427
2022-10-24,SMB,Europe,Forecast Pro,Acme Corp,Direct,70,130.5,730.8,8404.2,5378.69,3025.51,1092.55,504.25,1596.8,1428.71,ORD-2022-000428
2022-10-22,Mid-Market,North America,Analytics Suite,Beta GmbH,Direct,262,287.8,2262.11,73141.49,38033.57,35107.92,8045.56,5119.9,13165.46,21942.46,ORD-2022-000429
2022-10-08,Mid-Market,Latin America,Data Sync,Sakura Ltd,Partner,446,242.31,1080.7,106989.56,64193.74,42795.82,9629.06,3209.69,12838.75,29957.07,ORD-2022-000430
2022-10-04,Mid-Market,Latin America,Starter Plan,Zenith Co,Direct,443,174.73,5418.38,71987.01,46071.69,25915.32,5758.96,2159.61,7918.57,17996.75,ORD-2022-000431
2022-10-20,Mid-Market,APAC,Data Sync,Nova Retail,Partner,358,195.07,4190.1,65644.96,38074.08,27570.88,10503.19,1969.35,12472.54,15098.34,ORD-2022-000432
2022-10-06,Enterprise,Europe,Data Sync,Helios AG,Online,526,419.3,19849.66,200702.14,116407.24,84294.9,20070.21,8028.09,28098.3,56196.6,ORD-2022-000433
2022-10-02,Enterprise,North America,Integration Pack,Maple LLC,Online,585,373.2,15282.54,203039.46,129945.25,73094.21,24364.74,12182.37,36547.11,36547.1,ORD-2022-000434
2022-10-16,Enterprise,North America,Forecast Pro,Beta GmbH,In-Store,551,510.74,19699.24,261718.5,159648.29,102070.21,31406.22,10468.74,41874.96,60195.25,ORD-2022-000435
2022-10-10,Enterprise,APAC,Analytics Suite,Orion Inc,Partner,128,270.56,2770.53,31861.15,16567.8,15293.35,3823.34,2230.28,6053.62,9239.73,ORD-2022-000436
2022-10-21,SMB,North America,Integration Pack,Andes Group,Direct,517,153.1,3957.64,75195.06,45868.99,29326.07,9023.41,4511.7,13535.11,15790.96,ORD-2022-000437
2022-10-10,Enterprise,Europe,Integration Pack,Sakura Ltd,In-Store,408,512.22,20898.58,188087.18,116614.05,71473.13,18808.72,11285.23,30093.95,41379.18,ORD-2022-000438
2022-10-09,Enterprise,Latin America,Analytics Suite,Helios AG,In-Store,409,378.35,21664.32,133080.83,69202.03,63878.8,14638.89,9315.66,23954.55,39924.25,ORD-2022-000439
2022-10-17,Enterprise,Middle East,Integration Pack,Helios AG,Partner,73,492.17,4311.41,31617,19286.37,12330.63,2529.36,2213.19,4742.55,7588.08,ORD-2022-000440
2022-11-03,SMB,Latin America,Analytics Suite,Zenith Co,Partner,375,137.19,514.46,50931.79,25465.9,25465.89,4583.86,2037.27,6621.13,18844.76,ORD-2022-000441
2022-11-17,Enterprise,APAC,Starter Plan,Acme Corp,Partner,216,282.79,3664.96,57417.68,35598.96,21818.72,5167.59,3445.06,8612.65,13206.07,ORD-2022-000442
2022-11-02,Enterprise,Middle East,Analytics Suite,Sakura Ltd,In-Store,244,451.08,6603.81,103459.71,53799.05,49660.66,12415.17,7242.18,19657.35,30003.31,ORD-2022-000443
2022-11-05,SMB,Latin America,Data Sync,Orion Inc,Partner,67,116.88,783.1,7047.86,4087.76,2960.1,1127.66,140.96,1268.62,1691.48,ORD-2022-000444
2022-11-07,Enterprise,North America,Starter Plan,Sakura Ltd,Direct,209,450.6,2825.26,91350.14,54810.08,36540.06,7308.01,3654.01,10962.02,25578.04,ORD-2022-000445
2022-11-16,SMB,Latin America,Analytics Suite,Andes Group,In-Store,575,126.38,5086.8,67581.7,35818.3,31763.4,5406.54,3379.09,8785.63,22977.77,ORD-2022-000446
2022-11-17,Enterprise,Latin America,Integration Pack,Zenith Co,In-Store,185,513.64,12353.04,82670.36,52909.03,29761.33,11573.85,5786.93,17360.78,12400.55,ORD-2022-000447
2022-11-06,SMB,Latin America,Forecast Pro,Helios AG,In-Store,499,117.49,586.28,58041.23,35405.15,22636.08,6384.54,4062.89,10447.43,12188.65,ORD-2022-000448
2022-11-09,Mid-Market,APAC,Starter Plan,Zenith Co,Partner,305,194.69,2969.02,56411.43,35539.2,20872.23,6769.37,1692.34,8461.71,12410.52,ORD-2022-000449
2022-11-18,Mid-Market,APAC,Analytics Suite,Beta GmbH,Partner,108,256.73,1940.88,25785.96,13924.42,11861.54,3094.32,1805.02,4899.34,6962.2,ORD-2022-000450
2022-11-26,Enterprise,Latin America,Forecast Pro,Nova Retail,Online,298,425.8,5075.54,121812.86,77960.23,43852.63,10963.16,3654.39,14617.55,29235.08,ORD-2022-000451
2022-11-01,SMB,Latin America,Data Sync,Sakura Ltd,In-Store,180,103.13,742.54,17820.86,10336.1,7484.76,2494.92,534.63,3029.55,4455.21,ORD-2022-000452
2022-11-18,Enterprise,Middle East,Integration Pack,Beta GmbH,Direct,483,425.25,14377.7,191018.05,122251.55,68766.5,17191.62,7640.72,24832.34,43934.16,ORD-2022-000453
2022-11-05,Mid-Market,Latin America,Integration Pack,Acme Corp,Online,467,188.19,4394.24,83490.49,50094.29,33396.2,10853.76,3339.62,14193.38,19202.82,ORD-2022-000454
2022-11-18,SMB,North America,Starter Plan,Beta GmbH,In-Store,455,126.7,3458.91,54189.59,32513.75,21675.84,7586.54,2709.48,10296.02,11379.82,ORD-2022-000455
2022-11-01,SMB,Europe,Data Sync,Zenith Co,In-Store,460,113.23,5729.44,46356.36,26886.69,19469.67,5099.2,2781.38,7880.58,11589.09,ORD-2022-000456
2022-11-27,Enterprise,North America,Analytics Suite,Maple LLC,Direct,302,382.43,9239.51,106254.35,55252.26,51002.09,12750.52,2125.09,14875.61,36126.48,ORD-2022-000457
2022-11-20,SMB,Middle East,Analytics Suite,Zenith Co,Direct,138,105.51,1310.43,13249.95,7154.97,6094.98,1589.99,662.5,2252.49,3842.49,ORD-2022-000458
2022-11-17,Mid-Market,Europe,Forecast Pro,Atlas BV,Online,63,235.7,742.46,14106.64,9028.25,5078.39,1551.73,846.4,2398.13,2680.26,ORD-2022-000459
2022-11-21,Mid-Market,Latin America,Starter Plan,Helios AG,Partner,486,276.42,2686.8,131653.32,80308.53,51344.79,15798.4,7899.2,23697.6,27647.19,ORD-2022-000460
2022-12-12,Enterprise,Europe,Data Sync,Andes Group,Online,188,452.17,6800.64,78207.32,43796.1,34411.22,7038.66,4692.44,11731.1,22680.12,ORD-2022-000461
2022-12-14,Enterprise,APAC,Forecast Pro,Sakura Ltd,Partner,112,398.38,3123.3,41495.26,26556.97,14938.29,4149.53,2074.76,6224.29,8714,ORD-2022-000462
2022-12-19,Mid-Market,Europe,Forecast Pro,Atlas BV,In-Store,408,210.02,8568.82,77119.34,46271.6,30847.74,9254.32,2313.58,11567.9,19279.84,ORD-2022-000463
2022-12-12,Mid-Market,North America,Data Sync,Andes Group,In-Store,295,262.66,5423.93,72060.77,40354.03,31706.74,10088.51,5044.25,15132.76,16573.98,ORD-2022-000464
2022-12-07,Enterprise,North America,Starter Plan,Acme Corp,Partner,256,269.44,4138.6,64838.04,41496.35,23341.69,9077.33,3890.28,12967.61,10374.08,ORD-2022-000465
2022-12-06,Mid-Market,APAC,Forecast Pro,Andes Group,Partner,92,233.77,2150.68,19356.16,12387.94,6968.22,2322.74,580.68,2903.42,4064.8,ORD-2022-000466
2022-12-21,Mid-Market,Latin America,Forecast Pro,Beta GmbH,Partner,219,216.63,4269.78,43172.19,27198.48,15973.71,6475.83,1295.17,7771,8202.71,ORD-2022-000467
2022-12-23,SMB,Middle East,Analytics Suite,Beta GmbH,In-Store,376,159.91,6613.88,53512.28,28896.63,24615.65,4816.11,3210.74,8026.85,16588.8,ORD-2022-000468
2022-12-06,SMB,North America,Starter Plan,Andes Group,Direct,427,124.11,3179.7,49815.27,31881.77,17933.5,6974.14,3487.07,10461.21,7472.29,ORD-2022-000469
2022-12-09,SMB,North America,Data Sync,Nova Retail,Online,564,115.88,653.56,64702.76,38174.63,26528.13,9705.41,3235.14,12940.55,13587.58,ORD-2022-000470
2022-12-17,SMB,Latin America,Integration Pack,Andes Group,Online,457,114.8,3147.82,49315.78,29589.47,19726.31,3945.26,1479.47,5424.73,14301.58,ORD-2022-000471
2022-12-09,Mid-Market,North America,Integration Pack,Helios AG,Partner,468,235.64,7719.57,102559.95,63587.17,38972.78,16409.59,7179.2,23588.79,15383.99,ORD-2022-000472
2022-12-13,Enterprise,Europe,Analytics Suite,Atlas BV,Online,92,352.83,1298.41,31161.95,16204.21,14957.74,2804.58,934.86,3739.44,11218.3,ORD-2022-000473
2022-12-14,Mid-Market,Middle East,Analytics Suite,Maple LLC,Partner,107,182.33,1365.65,18143.66,9616.14,8527.52,2721.55,362.87,3084.42,5443.1,ORD-2022-000474
2022-12-18,SMB,Latin America,Starter Plan,Acme Corp,In-Store,167,98.98,1322.37,15207.29,9124.37,6082.92,1216.58,608.29,1824.87,4258.05,ORD-2022-000475
2022-12-28,Enterprise,Latin America,Starter Plan,Sakura Ltd,Partner,594,388.34,20760.66,209913.3,132245.38,77667.92,27288.73,10495.67,37784.4,39883.52,ORD-2022-000476
2022-12-10,Enterprise,Latin America,Forecast Pro,Orion Inc,Online,337,414.9,6991.07,132830.23,85011.35,47818.88,19924.53,2656.6,22581.13,25237.75,ORD-2022-000477
2022-12-05,Enterprise,Latin America,Starter Plan,Beta GmbH,In-Store,317,442.69,4209.98,136122.75,83034.88,53087.87,21779.64,5444.91,27224.55,25863.32,ORD-2022-000478
2022-12-07,Mid-Market,Europe,Forecast Pro,Sakura Ltd,Partner,354,254.12,6297.09,83661.39,52706.68,30954.71,8366.14,1673.23,10039.37,20915.34,ORD-2022-000479
2022-12-24,SMB,North America,Starter Plan,Maple LLC,In-Store,224,130.98,3227.35,26112.17,16711.79,9400.38,2088.97,1044.49,3133.46,6266.92,ORD-2022-000480
2023-01-17,SMB,Europe,Forecast Pro,Acme Corp,Online,594,122.68,2186.16,70685.76,44532.03,26153.73,11309.72,4948,16257.72,9896.01,ORD-2023-000481
2023-01-23,SMB,North America,Analytics Suite,Orion Inc,Partner,426,107.54,2748.72,43063.32,23254.19,19809.13,3875.7,2583.8,6459.5,13349.63,ORD-2023-000482
2023-01-20,Enterprise,North America,Analytics Suite,Andes Group,Partner,363,314.62,10278.64,103928.42,53003.49,50924.93,12471.41,4157.14,16628.55,34296.38,ORD-2023-000483
2023-01-04,Mid-Market,North America,Forecast Pro,Andes Group,Direct,151,173.96,1838.76,24429.2,15146.1,9283.1,3664.38,1710.04,5374.42,3908.68,ORD-2023-000484
2023-01-26,Enterprise,North America,Data Sync,Atlas BV,Partner,551,517.87,31388.1,253958.27,149835.38,104122.89,27935.41,12697.91,40633.32,63489.57,ORD-2023-000485
2023-01-01,SMB,Europe,Starter Plan,Orion Inc,Online,507,97.56,4946.29,44516.63,28045.48,16471.15,3561.33,2225.83,5787.16,10683.99,ORD-2023-000486
2023-01-24,Enterprise,Middle East,Forecast Pro,Beta GmbH,Direct,497,459.1,25099,203073.7,127936.43,75137.27,26399.58,6092.21,32491.79,42645.48,ORD-2023-000487
2023-01-25,SMB,Latin America,Integration Pack,Beta GmbH,In-Store,258,129.06,3329.75,29967.73,18579.99,11387.74,3596.13,1498.39,5094.52,6293.22,ORD-2023-000488
2023-01-17,Enterprise,Europe,Integration Pack,Atlas BV,Partner,370,340.29,6295.37,119611.93,71767.16,47844.77,10765.07,3588.36,14353.43,33491.34,ORD-2023-000489
2023-01-06,Mid-Market,APAC,Data Sync,Andes Group,Online,543,216.18,12912.43,104473.31,60594.52,43878.79,15671,5223.67,20894.67,22984.12,ORD-2023-000490
2023-01-18,Enterprise,Latin America,Starter Plan,Helios AG,Online,421,362.64,12213.72,140457.72,85679.21,54778.51,16854.93,5618.31,22473.24,32305.27,ORD-2023-000491
2023-01-19,Mid-Market,APAC,Starter Plan,Sakura Ltd,Online,54,214.96,580.39,11027.45,7057.57,3969.88,1102.75,551.37,1654.12,2315.76,ORD-2023-000492
2023-01-06,Mid-Market,North America,Forecast Pro,Andes Group,In-Store,134,208.59,1118.04,26833.02,16099.81,10733.21,2683.3,804.99,3488.29,7244.92,ORD-2023-000493
2023-01-25,SMB,Latin America,Forecast Pro,Nova Retail,Partner,363,124.84,4531.69,40785.23,25694.69,15090.54,4078.52,1631.41,5709.93,9380.61,ORD-2023-000494
2023-01-17,Mid-Market,Europe,Data Sync,Maple LLC,Online,320,232.29,2229.98,72102.82,40377.58,31725.24,11536.45,5047.2,16583.65,15141.59,ORD-2023-000495
2023-01-24,Enterprise,APAC,Starter Plan,Atlas BV,Online,365,335.31,11014.93,111373.22,66823.93,44549.29,10023.59,7796.13,17819.72,26729.57,ORD-2023-000496
2023-01-07,Mid-Market,North America,Analytics Suite,Nova Retail,Online,160,205.06,656.19,32153.41,16719.77,15433.64,3536.88,643.07,4179.95,11253.69,ORD-2023-000497
2023-01-11,Mid-Market,Middle East,Data Sync,Maple LLC,Online,118,305.33,1801.45,34227.49,19167.39,15060.1,4791.85,2395.92,7187.77,7872.33,ORD-2023-000498
2023-01-06,Mid-Market,Latin America,Integration Pack,Helios AG,Partner,266,248.08,659.89,65329.39,40504.22,24825.17,7839.53,1959.88,9799.41,15025.76,ORD-2023-000499
2023-01-13,SMB,Middle East,Forecast Pro,Andes Group,In-Store,409,112.31,2756.09,43178.7,26339.01,16839.69,3454.3,1295.36,4749.66,12090.03,ORD-2023-000500
2023-02-28,Mid-Market,Latin America,Starter Plan,Atlas BV,Online,153,192.25,1176.57,28237.68,16942.61,11295.07,2541.39,1411.88,3953.27,7341.8,ORD-2023-000501
2023-02-19,Mid-Market,Europe,Data Sync,Beta GmbH,Partner,344,228.21,3925.21,74579.03,43255.84,31323.19,11186.85,4474.74,15661.59,15661.6,ORD-2023-000502
2023-02-03,SMB,Latin America,Data Sync,Atlas BV,Online,267,159.74,853.01,41797.57,23406.64,18390.93,5015.71,835.95,5851.66,12539.27,ORD-2023-000503
2023-02-20,SMB,Middle East,Analytics Suite,Helios AG,In-Store,234,90.93,1914.99,19362.63,10262.19,9100.44,1936.26,1355.38,3291.64,5808.8,ORD-2023-000504
2023-02-13,Mid-Market,North America,Analytics Suite,Nova Retail,In-Store,288,231.96,7348.49,59455.99,30917.11,28538.88,6540.16,1783.68,8323.84,20215.04,ORD-2023-000505
2023-02-07,SMB,Europe,Forecast Pro,Sakura Ltd,In-Store,553,98.77,6008.18,48611.63,29166.98,19444.65,6805.63,2916.7,9722.33,9722.32,ORD-2023-000506
2023-02-28,Enterprise,North America,Data Sync,Sakura Ltd,Online,45,455.68,2460.67,18044.93,10826.96,7217.97,1443.59,541.35,1984.94,5233.03,ORD-2023-000507
2023-02-23,Mid-Market,North America,Integration Pack,Andes Group,Online,508,178.15,2715.01,87785.19,56182.52,31602.67,14045.63,5267.11,19312.74,12289.93,ORD-2023-000508
2023-02-01,Mid-Market,Europe,Analytics Suite,Beta GmbH,Direct,58,293.95,340.98,16708.12,8688.22,8019.9,2172.06,1002.49,3174.55,4845.35,ORD-2023-000509
2023-02-07,SMB,Latin America,Data Sync,Helios AG,Partner,435,103.01,1344.28,43465.07,25209.74,18255.33,4781.16,3042.55,7823.71,10431.62,ORD-2023-000510
2023-02-05,Enterprise,Middle East,Integration Pack,Zenith Co,Partner,355,505.09,12551.49,166755.46,103388.39,63367.07,16675.55,8337.77,25013.32,38353.75,ORD-2023-000511
2023-02-27,SMB,Latin America,Integration Pack,Andes Group,Online,312,126.64,395.12,39116.56,25034.6,14081.96,6258.65,1173.5,7432.15,6649.81,ORD-2023-000512
2023-02-20,SMB,North America,Data Sync,Acme Corp,Partner,215,132.16,1989.01,26425.39,15590.98,10834.41,3435.3,528.51,3963.81,6870.6,ORD-2023-000513
2023-02-09,SMB,Middle East,Data Sync,Atlas BV,In-Store,524,120.41,1261.9,61832.94,36481.43,25351.51,6183.29,2473.32,8656.61,16694.9,ORD-2023-000514
2023-02-16,Mid-Market,Latin America,Analytics Suite,Orion Inc,Direct,394,297.66,7036.68,110241.36,57325.51,52915.85,12126.55,7716.9,19843.45,33072.4,ORD-2023-000515
2023-02-05,Mid-Market,Middle East,Integration Pack,Maple LLC,Partner,123,249.78,614.46,30108.48,18667.26,11441.22,4817.36,1806.51,6623.87,4817.35,ORD-2023-000516
2023-02-17,Mid-Market,North America,Data Sync,Acme Corp,Partner,481,176.07,2540.69,82148.98,47646.41,34502.57,11500.86,3285.96,14786.82,19715.75,ORD-2023-000517
2023-02-10,Enterprise,North America,Starter Plan,Acme Corp,Online,501,477.28,16738.21,222379.07,135651.23,86727.84,17790.33,4447.58,22237.91,64489.93,ORD-2023-000518
2023-02-02,SMB,Latin America,Analytics Suite,Sakura Ltd,Partner,335,147.58,2471.97,46967.33,23953.34,23013.99,5636.08,1409.02,7045.1,15968.89,ORD-2023-000519
2023-02-06,Mid-Market,APAC,Analytics Suite,Maple LLC,Direct,394,236.69,9325.59,83930.27,43643.74,40286.53,7553.72,5875.12,13428.84,26857.69,ORD-2023-000520
2023-03-19,Mid-Market,Europe,Forecast Pro,Zenith Co,Online,588,283.08,9987.06,156463.98,93878.39,62585.59,20340.32,7823.2,28163.52,34422.07,ORD-2023-000521
2023-03-09,Enterprise,Europe,Analytics Suite,Zenith Co,Online,209,416.33,6961.04,80051.93,42427.52,37624.41,7204.67,3202.08,10406.75,27217.66,ORD-2023-000522
2023-03-05,Enterprise,APAC,Forecast Pro,Zenith Co,Direct,442,379.9,21829.05,146086.75,89112.92,56973.83,17530.41,2921.74,20452.15,36521.68,ORD-2023-000523
2023-03-15,SMB,North America,Integration Pack,Atlas BV,Online,199,147.38,293.29,29035.33,18292.26,10743.07,3774.59,580.71,4355.3,6387.77,ORD-2023-000524
2023-03-04,Enterprise,North America,Forecast Pro,Zenith Co,Online,347,325.09,15792.87,97013.36,61118.42,35894.94,15522.14,5820.8,21342.94,14552,ORD-2023-000525
2023-03-24,SMB,Latin America,Integration Pack,Nova Retail,Direct,281,103.76,583.13,28573.43,18001.26,10572.17,4571.75,1428.67,6000.42,4571.75,ORD-2023-000526
2023-03-05,Mid-Market,Middle East,Data Sync,Beta GmbH,Direct,227,262.05,3569.12,55916.23,33549.74,22366.49,6150.79,3354.97,9505.76,12860.73,ORD-2023-000527
2023-03-19,SMB,Europe,Forecast Pro,Nova Retail,Direct,505,156.41,7898.71,71088.34,44074.77,27013.57,10663.25,4265.3,14928.55,12085.02,ORD-2023-000528
2023-03-11,SMB,Latin America,Analytics Suite,Atlas BV,Online,193,156.28,2412.96,27749.08,14152.03,13597.05,3052.4,1942.44,4994.84,8602.21,ORD-2023-000529
2023-03-23,Enterprise,North America,Analytics Suite,Zenith Co,Partner,301,349.21,13664.59,91447.62,47552.76,43894.86,13717.14,3657.9,17375.04,26519.82,ORD-2023-000530
2023-03-15,Mid-Market,Middle East,Data Sync,Atlas BV,Partner,123,178.19,1095.87,20821.5,12492.9,8328.6,2706.8,1249.29,3956.09,4372.51,ORD-2023-000531
2023-03-03,Mid-Market,Europe,Data Sync,Sakura Ltd,Direct,112,182.15,1632.06,18768.74,11261.24,7507.5,1876.87,1126.12,3002.99,4504.51,ORD-2023-000532
2023-03-03,Mid-Market,APAC,Starter Plan,Atlas BV,In-Store,478,199.82,955.14,94558.82,56735.29,37823.53,15129.41,5673.53,20802.94,17020.59,ORD-2023-000533
2023-03-15,Enterprise,APAC,Forecast Pro,Sakura Ltd,Partner,519,405.88,16852.14,193799.58,120155.74,73643.84,17441.96,13565.97,31007.93,42635.91,ORD-2023-000534
2023-03-26,SMB,APAC,Data Sync,Acme Corp,In-Store,65,109.54,71.2,7048.9,3947.38,3101.52,563.91,493.42,1057.33,2044.19,ORD-2023-000535
2023-03-22,Mid-Market,North America,Starter Plan,Atlas BV,Partner,431,287.56,2478.77,121459.59,75304.95,46154.64,17004.34,8502.17,25506.51,20648.13,ORD-2023-000536
2023-03-01,Enterprise,APAC,Forecast Pro,Zenith Co,Partner,340,268.99,6401.96,85054.64,52733.88,32320.76,8505.46,4252.73,12758.19,19562.57,ORD-2023-000537
2023-03-04,Enterprise,APAC,Data Sync,Atlas BV,Partner,381,403.67,15379.83,138418.44,77514.33,60904.11,17994.4,5536.74,23531.14,37372.97,ORD-2023-000538
2023-03-19,Mid-Market,APAC,Integration Pack,Sakura Ltd,In-Store,59,239.77,848.79,13297.64,7978.58,5319.06,1196.79,531.91,1728.7,3590.36,ORD-2023-000539
2023-03-09,Mid-Market,Europe,Analytics Suite,Beta GmbH,In-Store,561,259.89,14579.83,131218.46,69545.78,61672.68,10497.48,2624.37,13121.85,48550.83,ORD-2023-000540
2023-04-09,Mid-Market,Europe,Forecast Pro,Helios AG,Direct,135,181.72,735.97,23796.23,14991.62,8804.61,2379.62,713.89,3093.51,5711.1,ORD-2023-000541
2023-04-13,Enterprise,Latin America,Data Sync,Sakura Ltd,Online,356,467.76,13321.8,153200.76,87324.43,65876.33,19916.1,4596.02,24512.12,41364.21,ORD-2023-000542
2023-04-13,SMB,North America,Starter Plan,Beta GmbH,Direct,550,150.76,4145.9,78772.1,47263.26,31508.84,12603.54,4726.33,17329.87,14178.97,ORD-2023-000543
2023-04-17,Enterprise,Latin America,Starter Plan,Nova Retail,Online,80,340.28,1633.34,25589.06,16121.11,9467.95,4094.25,1023.56,5117.81,4350.14,ORD-2023-000544
2023-04-20,SMB,Latin America,Starter Plan,Andes Group,In-Store,386,91.37,3174.19,32094.63,19256.78,12837.85,5135.14,962.84,6097.98,6739.87,ORD-2023-000545
2023-04-28,Mid-Market,North America,Data Sync,Zenith Co,Online,335,176.23,2361.48,56675.57,34005.34,22670.23,6234.31,2833.78,9068.09,13602.14,ORD-2023-000546
2023-04-09,SMB,Latin America,Data Sync,Nova Retail,Direct,100,148.55,1336.95,13518.05,7975.65,5542.4,2027.71,946.26,2973.97,2568.43,ORD-2023-000547
2023-04-04,Mid-Market,Middle East,Data Sync,Beta GmbH,In-Store,233,216.86,505.28,50023.1,29013.4,21009.7,5002.31,2000.92,7003.23,14006.47,ORD-2023-000548
2023-04-08,SMB,North America,Starter Plan,Orion Inc,Online,128,111.95,429.89,13899.71,8756.82,5142.89,2084.96,694.99,2779.95,2362.94,ORD-2023-000549
2023-04-10,Enterprise,Latin America,Forecast Pro,Beta GmbH,In-Store,390,272.15,3184.16,102954.34,65890.78,37063.56,15443.15,5147.72,20590.87,16472.69,ORD-2023-000550
2023-04-08,Enterprise,Middle East,Starter Plan,Beta GmbH,Online,200,440.94,6173.16,82014.84,49208.9,32805.94,12302.23,5741.04,18043.27,14762.67,ORD-2023-000551
2023-04-12,Enterprise,Middle East,Starter Plan,Orion Inc,Online,444,320.66,12813.57,129559.47,81622.47,47937,20729.52,3886.78,24616.3,23320.7,ORD-2023-000552
2023-04-26,SMB,North America,Analytics Suite,Helios AG,Partner,447,142.42,636.62,63025.12,32142.81,30882.31,8193.27,3151.26,11344.53,19537.78,ORD-2023-000553
2023-04-28,Enterprise,APAC,Analytics Suite,Beta GmbH,In-Store,68,514.44,2098.92,32883,16441.5,16441.5,3945.96,1972.98,5918.94,10522.56,ORD-2023-000554
2023-04-04,SMB,APAC,Starter Plan,Acme Corp,In-Store,65,97.57,570.78,5771.27,3462.76,2308.51,750.27,346.28,1096.55,1211.96,ORD-2023-000555
2023-04-01,Mid-Market,Latin America,Integration Pack,Acme Corp,Direct,153,205.17,627.82,30763.19,18765.55,11997.64,2461.06,1538.16,3999.22,7998.42,ORD-2023-000556
2023-04-18,SMB,Middle East,Starter Plan,Orion Inc,Direct,536,131.42,7044.11,63397.01,38672.18,24724.83,8241.61,1267.94,9509.55,15215.28,ORD-2023-000557
2023-04-15,Enterprise,North America,Integration Pack,Orion Inc,Partner,598,314.68,9408.93,178769.71,110837.22,67932.49,23240.06,10726.18,33966.24,33966.25,ORD-2023-000558
2023-04-24,Enterprise,North America,Data Sync,Nova Retail,In-Store,439,340.12,19410.65,129902.03,75343.18,54558.85,18186.28,7794.12,25980.4,28578.45,ORD-2023-000559
2023-04-28,Mid-Market,Middle East,Forecast Pro,Sakura Ltd,Online,108,187.99,1421.2,18881.72,11895.48,6986.24,2076.99,944.09,3021.08,3965.16,ORD-2023-000560
2023-05-14,Mid-Market,North America,Forecast Pro,Beta GmbH,In-Store,565,252.54,14268.51,128416.59,79618.29,48798.3,15409.99,5136.66,20546.65,28251.65,ORD-2023-000561
2023-05-26,Mid-Market,Middle East,Analytics Suite,Sakura Ltd,Partner,338,172.19,4074.02,54126.2,28686.89,25439.31,6495.14,3788.83,10283.97,15155.34,ORD-2023-000562
2023-05-18,Mid-Market,Middle East,Starter Plan,Sakura Ltd,Direct,501,306.07,3066.82,150274.25,96175.52,54098.73,15027.43,6010.97,21038.4,33060.33,ORD-2023-000563
2023-05-10,Enterprise,APAC,Forecast Pro,Zenith Co,Direct,123,278.28,4449.7,29778.74,19058.39,10720.35,3275.66,1488.94,4764.6,5955.75,ORD-2023-000564
2023-05-27,SMB,APAC,Forecast Pro,Acme Corp,Direct,326,134.78,3075.68,40862.6,26152.06,14710.54,4086.26,2451.76,6538.02,8172.52,ORD-2023-000565
2023-05-11,SMB,North America,Data Sync,Maple LLC,Partner,441,154.33,2722.38,65337.15,39202.29,26134.86,5880.34,1306.74,7187.08,18947.78,ORD-2023-000566
2023-05-18,Enterprise,APAC,Integration Pack,Atlas BV,Partner,356,394.21,8420.33,131918.43,79151.06,52767.37,21106.95,5276.74,26383.69,26383.68,ORD-2023-000567
2023-05-19,Mid-Market,Europe,Forecast Pro,Maple LLC,In-Store,298,265.15,7111.32,71903.38,43861.06,28042.32,10785.51,4314.2,15099.71,12942.61,ORD-2023-000568
2023-05-04,SMB,Europe,Data Sync,Helios AG,Online,399,125.8,1505.83,48688.37,28726.14,19962.23,5842.6,2434.42,8277.02,11685.21,ORD-2023-000569
2023-05-18,Enterprise,Latin America,Starter Plan,Beta GmbH,Partner,412,435.69,25130.6,154373.68,95711.68,58662,16981.1,9262.42,26243.52,32418.48,ORD-2023-000570
2023-05-01,SMB,Latin America,Starter Plan,Nova Retail,Partner,466,135.29,6934.97,56110.17,34227.2,21882.97,5049.92,2805.51,7855.43,14027.54,ORD-2023-000571
2023-05-06,Enterprise,North America,Analytics Suite,Andes Group,In-Store,188,324.82,5495.95,55570.21,29452.21,26118,8335.53,3334.21,11669.74,14448.26,ORD-2023-000572
2023-05-19,Mid-Market,Europe,Integration Pack,Atlas BV,In-Store,206,297.88,5522.7,55840.58,35179.57,20661.01,6142.46,2233.62,8376.08,12284.93,ORD-2023-000573
2023-05-05,Enterprise,North America,Analytics Suite,Helios AG,Direct,521,263.79,6871.73,130562.86,65281.43,65281.43,11750.66,5222.51,16973.17,48308.26,ORD-2023-000574
2023-05-27,Enterprise,North America,Starter Plan,Maple LLC,Online,509,311.48,7927.17,150616.15,91875.85,58740.3,15061.62,7530.81,22592.43,36147.87,ORD-2023-000575
2023-05-23,SMB,North America,Data Sync,Sakura Ltd,Partner,71,152.53,541.48,10288.15,5864.25,4423.9,823.05,720.17,1543.22,2880.68,ORD-2023-000576
2023-05-02,SMB,North America,Analytics Suite,Atlas BV,Direct,226,113.78,1800,23914.28,12196.28,11718,3587.14,478.29,4065.43,7652.57,ORD-2023-000577
2023-05-06,Mid-Market,North America,Integration Pack,Atlas BV,Online,45,285.08,641.43,12187.17,7677.92,4509.25,1096.85,609.36,1706.21,2803.04,ORD-2023-000578
2023-05-07,Enterprise,Middle East,Analytics Suite,Andes Group,Partner,559,312.17,10470.18,164032.85,88577.74,75455.11,24604.93,6561.31,31166.24,44288.87,ORD-2023-000579
2023-05-22,Enterprise,Latin America,Analytics Suite,Helios AG,In-Store,281,469.69,9238.8,122744.09,62599.49,60144.6,18411.61,4909.76,23321.37,36823.23,ORD-2023-000580
2023-06-26,Enterprise,Middle East,Analytics Suite,Nova Retail,Online,487,432.1,25251.92,185180.78,96294.01,88886.77,20369.89,7407.23,27777.12,61109.65,ORD-2023-000581
2023-06-16,Mid-Market,Middle East,Analytics Suite,Acme Corp,Partner,100,180.27,360.54,17666.46,9186.56,8479.9,1943.31,706.66,2649.97,5829.93,ORD-2023-000582
2023-06-02,Enterprise,Middle East,Integration Pack,Atlas BV,Direct,106,509.17,1619.16,52352.86,31411.72,20941.14,7852.93,1570.59,9423.52,11517.62,ORD-2023-000583
2023-06-05,Mid-Market,North America,Data Sync,Orion Inc,Online,202,286.55,1736.49,56146.61,32565.03,23581.58,8983.46,2245.86,11229.32,12352.26,ORD-2023-000584
2023-06-23,SMB,North America,Analytics Suite,Zenith Co,Partner,286,112.97,969.28,31340.14,16610.27,14729.87,3760.82,1880.41,5641.23,9088.64,ORD-2023-000585
2023-06-27,SMB,Latin America,Data Sync,Beta GmbH,In-Store,254,111.93,1421.51,27008.71,15665.05,11343.66,3241.05,1620.52,4861.57,6482.09,ORD-2023-000586
2023-06-26,Enterprise,Middle East,Analytics Suite,Nova Retail,Direct,59,503.82,3864.3,25861.08,13706.37,12154.71,3879.16,1551.66,5430.82,6723.89,ORD-2023-000587
2023-06-28,SMB,Latin America,Data Sync,Zenith Co,Online,598,123.62,7392.48,66532.28,38588.72,27943.56,6653.23,3326.61,9979.84,17963.72,ORD-2023-000588
2023-06-28,SMB,APAC,Analytics Suite,Nova Retail,Direct,536,150.51,4840.4,75832.96,40949.8,34883.16,11374.94,3033.32,14408.26,20474.9,ORD-2023-000589
2023-06-21,Enterprise,APAC,Analytics Suite,Nova Retail,Direct,59,382.13,2029.11,20516.56,10873.78,9642.78,2256.82,1436.16,3692.98,5949.8,ORD-2023-000590
2023-06-08,SMB,Middle East,Starter Plan,Orion Inc,Partner,111,98.83,1097.01,9873.12,6318.8,3554.32,888.58,592.39,1480.97,2073.35,ORD-2023-000591
2023-06-16,Mid-Market,APAC,Integration Pack,Acme Corp,Online,513,288.34,10354.29,137564.13,85289.76,52274.37,13756.41,4126.92,17883.33,34391.04,ORD-2023-000592
2023-06-23,SMB,APAC,Data Sync,Nova Retail,Partner,486,111.76,1629.46,52685.9,29504.1,23181.8,5795.45,3161.15,8956.6,14225.2,ORD-2023-000593
2023-06-28,SMB,Middle East,Forecast Pro,Zenith Co,Direct,274,136.55,2993.18,34421.52,20997.13,13424.39,4474.8,1032.65,5507.45,7916.94,ORD-2023-000594
2023-06-06,Mid-Market,APAC,Starter Plan,Acme Corp,In-Store,89,299.85,1067.47,25619.18,15883.89,9735.29,4099.07,512.38,4611.45,5123.84,ORD-2023-000595
2023-06-12,SMB,Middle East,Integration Pack,Helios AG,Direct,209,144.98,606.02,29694.8,17816.88,11877.92,2969.48,890.84,3860.32,8017.6,ORD-2023-000596
2023-06-06,Mid-Market,Europe,Data Sync,Orion Inc,Partner,385,194.12,4484.17,70252.03,40043.66,30208.37,11240.32,4917.64,16157.96,14050.41,ORD-2023-000597
2023-06-13,Mid-Market,Middle East,Data Sync,Nova Retail,Direct,201,191.44,3463.15,35016.29,20659.61,14356.68,3851.79,700.33,4552.12,9804.56,ORD-2023-000598
2023-06-18,Mid-Market,Middle East,Integration Pack,Beta GmbH,Partner,387,173.47,671.33,66461.56,41206.17,25255.39,6646.16,2658.46,9304.62,15950.77,ORD-2023-000599
2023-06-13,Enterprise,Europe,Integration Pack,Sakura Ltd,In-Store,76,351.38,1335.24,25369.64,16236.57,9133.07,2790.66,507.39,3298.05,5835.02,ORD-2023-000600
2023-07-12,Mid-Market,Middle East,Data Sync,Andes Group,Partner,357,258.58,923.13,91389.93,53920.06,37469.87,11880.69,3655.6,15536.29,21933.58,ORD-2023-000601
2023-07-13,SMB,Europe,Data Sync,Orion Inc,Partner,562,129.74,3645.69,69268.19,38790.19,30478,10390.23,3463.41,13853.64,16624.36,ORD-2023-000602
2023-07-24,Enterprise,Middle East,Analytics Suite,Atlas BV,Partner,448,277.4,14913.02,109362.18,54681.09,54681.09,16404.33,4374.49,20778.82,33902.27,ORD-2023-000603
2023-07-19,SMB,North America,Analytics Suite,Nova Retail,Direct,597,120.29,718.13,71095,36969.4,34125.6,11375.2,2843.8,14219,19906.6,ORD-2023-000604
2023-07-03,Mid-Market,APAC,Forecast Pro,Beta GmbH,In-Store,568,187.17,10631.26,95681.3,61236.03,34445.27,10524.94,3827.25,14352.19,20093.08,ORD-2023-000605
2023-07-28,Enterprise,Middle East,Forecast Pro,Helios AG,Direct,380,433.58,11533.23,153227.17,91936.3,61290.87,22984.08,9193.63,32177.71,29113.16,ORD-2023-000606
2023-07-17,SMB,Europe,Analytics Suite,Beta GmbH,In-Store,164,105.77,173.46,17172.82,8758.14,8414.68,2404.19,1202.1,3606.29,4808.39,ORD-2023-000607
2023-07-12,Mid-Market,Europe,Forecast Pro,Sakura Ltd,Direct,46,303.91,698.99,13280.87,7968.52,5312.35,1593.7,398.43,1992.13,3320.22,ORD-2023-000608
2023-07-14,Enterprise,Middle East,Forecast Pro,Zenith Co,Partner,283,480.16,10870.82,125014.46,78759.11,46255.35,20002.31,5000.58,25002.89,21252.46,ORD-2023-000609
2023-07-08,SMB,North America,Analytics Suite,Maple LLC,Direct,49,124.76,122.26,5990.98,3115.31,2875.67,778.83,419.37,1198.2,1677.47,ORD-2023-000610
2023-07-04,Enterprise,APAC,Forecast Pro,Maple LLC,Online,384,409.73,11013.54,146322.78,87793.67,58529.11,20485.19,2926.46,23411.65,35117.46,ORD-2023-000611
2023-07-18,SMB,Europe,Analytics Suite,Maple LLC,Direct,267,98.54,263.1,26047.08,13804.95,12242.13,3386.12,520.94,3907.06,8335.07,ORD-2023-000612
2023-07-12,Enterprise,North America,Forecast Pro,Sakura Ltd,Partner,572,508.76,8730.32,282280.4,177836.65,104443.75,42342.06,5645.61,47987.67,56456.08,ORD-2023-000613
2023-07-09,SMB,APAC,Data Sync,Atlas BV,Direct,299,145.47,1739.82,41755.71,25053.43,16702.28,3758.01,1252.67,5010.68,11691.6,ORD-2023-000614
2023-07-25,SMB,Middle East,Integration Pack,Orion Inc,Direct,441,127.28,1683.91,54446.57,34845.8,19600.77,7622.52,2177.86,9800.38,9800.39,ORD-2023-000615
2023-07-20,Enterprise,Latin America,Starter Plan,Helios AG,Online,201,483.41,12631.5,84533.91,50720.35,33813.56,10989.41,2536.02,13525.43,20288.13,ORD-2023-000616
2023-07-22,Enterprise,Middle East,Integration Pack,Orion Inc,Direct,423,324.77,12363.99,125013.72,77508.51,47505.21,15001.65,3750.41,18752.06,28753.15,ORD-2023-000617
2023-07-04,Mid-Market,APAC,Integration Pack,Atlas BV,Online,312,192.69,1202.39,58916.89,37706.81,21210.08,7659.2,2945.84,10605.04,10605.04,ORD-2023-000618
2023-07-04,Mid-Market,Middle East,Starter Plan,Nova Retail,In-Store,156,209.4,2613.31,30053.09,18031.85,12021.24,3906.9,601.06,4507.96,7513.28,ORD-2023-000619
2023-07-17,Enterprise,Latin America,Integration Pack,Atlas BV,Online,462,370.92,5140.95,166224.09,99734.45,66489.64,16622.41,3324.48,19946.89,46542.75,ORD-2023-000620
2023-08-05,SMB,APAC,Analytics Suite,Maple LLC,Direct,461,151.3,3487.47,66261.83,33130.92,33130.91,7288.8,1325.24,8614.04,24516.87,ORD-2023-000621
2023-08-11,Enterprise,Europe,Data Sync,Maple LLC,In-Store,559,466.33,13033.92,247644.55,138680.95,108963.6,37146.68,12382.23,49528.91,59434.69,ORD-2023-000622
2023-08-28,Enterprise,Middle East,Analytics Suite,Andes Group,Online,149,503.21,4498.7,70479.59,35239.8,35239.79,8457.55,3523.98,11981.53,23258.26,ORD-2023-000623
2023-08-16,Mid-Market,Middle East,Analytics Suite,Nova Retail,In-Store,381,216.93,1653.01,80997.32,40498.66,40498.66,8099.73,5669.81,13769.54,26729.12,ORD-2023-000624
2023-08-06,SMB,Middle East,Starter Plan,Helios AG,Partner,561,133.44,5988.79,68871.05,44077.47,24793.58,10330.66,3443.55,13774.21,11019.37,ORD-2023-000625
2023-08-03,Enterprise,APAC,Integration Pack,Zenith Co,In-Store,446,461.95,12361.78,193667.92,120074.11,73593.81,19366.79,7746.72,27113.51,46480.3,ORD-2023-000626
2023-08-08,Enterprise,Europe,Starter Plan,Beta GmbH,Online,156,286.63,2682.86,42031.42,26059.48,15971.94,6725.03,2521.89,9246.92,6725.02,ORD-2023-000627
2023-08-27,Mid-Market,North America,Integration Pack,Acme Corp,Direct,412,224.1,7386.34,84942.86,50965.72,33977.14,8494.29,1698.86,10193.15,23783.99,ORD-2023-000628
2023-08-03,Enterprise,North America,Forecast Pro,Andes Group,In-Store,67,500.09,2680.48,30825.55,19728.35,11097.2,3390.81,616.51,4007.32,7089.88,ORD-2023-000629
2023-08-25,SMB,Middle East,Analytics Suite,Sakura Ltd,Partner,273,147.13,401.66,39764.83,20677.71,19087.12,5567.08,2385.89,7952.97,11134.15,ORD-2023-000630
2023-08-05,Enterprise,APAC,Integration Pack,Beta GmbH,Direct,211,277.23,4679.64,53815.89,32827.69,20988.2,5919.75,3767.11,9686.86,11301.34,ORD-2023-000631
2023-08-24,Mid-Market,Middle East,Starter Plan,Zenith Co,Online,181,276.42,2001.28,48030.74,29298.75,18731.99,5763.69,960.61,6724.3,12007.69,ORD-2023-000632
2023-08-07,Mid-Market,Europe,Integration Pack,Acme Corp,Online,590,280.78,1656.6,164003.6,100042.2,63961.4,21320.47,9840.22,31160.69,32800.71,ORD-2023-000633
2023-08-05,Enterprise,North America,Starter Plan,Atlas BV,In-Store,384,314.5,13284.48,107483.52,64490.11,42993.41,9673.52,2149.67,11823.19,31170.22,ORD-2023-000634
2023-08-17,Enterprise,Middle East,Forecast Pro,Maple LLC,In-Store,136,482.91,3940.55,61735.21,38275.83,23459.38,5556.17,1234.7,6790.87,16668.51,ORD-2023-000635
2023-08-27,SMB,APAC,Analytics Suite,Zenith Co,In-Store,587,137.73,808.48,80039.03,40019.52,40019.51,7203.51,4001.95,11205.46,28814.05,ORD-2023-000636
2023-08-27,Enterprise,North America,Data Sync,Beta GmbH,In-Store,48,475.82,685.18,22154.18,12849.42,9304.76,1772.33,443.08,2215.41,7089.35,ORD-2023-000637
2023-08-27,SMB,APAC,Analytics Suite,Zenith Co,Partner,454,109.24,4463.55,45131.41,22565.71,22565.7,6318.4,1805.26,8123.66,14442.04,ORD-2023-000638
2023-08-13,Mid-Market,Middle East,Integration Pack,Sakura Ltd,In-Store,413,247.67,2045.75,100241.96,63152.43,37089.53,11026.62,3007.26,14033.88,23055.65,ORD-2023-000639
2023-08-01,Mid-Market,Latin America,Data Sync,Sakura Ltd,Partner,218,220.23,960.2,47049.94,28229.96,18819.98,3764,2352.5,6116.5,12703.48,ORD-2023-000640
2023-09-27,Mid-Market,APAC,Forecast Pro,Zenith Co,Online,55,201.87,666.17,10436.68,6575.11,3861.57,834.93,521.83,1356.76,2504.81,ORD-2023-000641
2023-09-18,Enterprise,Latin America,Integration Pack,Helios AG,In-Store,535,434.39,23239.87,209158.78,125495.27,83663.51,27190.64,6274.76,33465.4,50198.11,ORD-2023-000642
2023-09-18,Mid-Market,Latin America,Starter Plan,Beta GmbH,Direct,198,242.39,3839.46,44153.76,28258.41,15895.35,3532.3,1324.61,4856.91,11038.44,ORD-2023-000643
2023-09-04,Mid-Market,Latin America,Integration Pack,Helios AG,Partner,152,204.4,3106.88,27961.92,17895.63,10066.29,3914.67,1957.33,5872,4194.29,ORD-2023-000644
2023-09-06,Mid-Market,Middle East,Forecast Pro,Maple LLC,Partner,561,234.88,13176.77,118590.91,71154.55,47436.36,11859.09,4743.64,16602.73,30833.63,ORD-2023-000645
2023-09-08,Enterprise,North America,Integration Pack,Helios AG,Direct,277,279.52,3097.08,74329.96,45341.28,28988.68,9662.89,2229.9,11892.79,17095.89,ORD-2023-000646
2023-09-08,Enterprise,Middle East,Starter Plan,Zenith Co,Direct,413,457.06,9438.29,179327.49,109389.77,69937.72,14346.2,5379.82,19726.02,50211.7,ORD-2023-000647
2023-09-16,SMB,Middle East,Integration Pack,Helios AG,In-Store,63,154.73,389.92,9358.07,5895.58,3462.49,748.65,561.48,1310.13,2152.36,ORD-2023-000648
2023-09-04,Enterprise,North America,Data Sync,Sakura Ltd,Direct,283,386.3,13118.75,96204.15,53874.32,42329.83,14430.62,2886.12,17316.74,25013.09,ORD-2023-000649
2023-09-21,Mid-Market,APAC,Data Sync,Zenith Co,Online,70,198.7,139.09,13769.91,7848.85,5921.06,2203.19,413.1,2616.29,3304.77,ORD-2023-000650
2023-09-07,Enterprise,Middle East,Forecast Pro,Nova Retail,Direct,442,282.1,7481.29,117206.91,73840.35,43366.56,18753.11,4688.28,23441.39,19925.17,ORD-2023-000651
2023-09-13,Enterprise,Europe,Data Sync,Andes Group,Direct,86,319.44,1373.59,26098.25,14615.02,11483.23,2609.83,1304.91,3914.74,7568.49,ORD-2023-000652
2023-09-15,Enterprise,North America,Forecast Pro,Sakura Ltd,In-Store,419,357.73,11991.11,137897.76,84117.63,53780.13,16547.73,8273.87,24821.6,28958.53,ORD-2023-000653
2023-09-14,SMB,North America,Data Sync,Andes Group,Direct,384,92.13,3184.01,32193.91,18994.41,13199.5,3219.39,1931.63,5151.02,8048.48,ORD-2023-000654
2023-09-27,Enterprise,North America,Forecast Pro,Andes Group,Partner,329,505.26,14960.75,151269.79,96812.67,54457.12,18152.37,6050.79,24203.16,30253.96,ORD-2023-000655
2023-09-12,Enterprise,APAC,Analytics Suite,Orion Inc,Partner,245,267.59,6555.96,59003.59,30091.83,28911.76,5900.36,4130.25,10030.61,18881.15,ORD-2023-000656
2023-09-01,Mid-Market,APAC,Forecast Pro,Helios AG,Partner,449,252.13,11320.64,101885.73,64188.01,37697.72,14264,2037.71,16301.71,21396.01,ORD-2023-000657
2023-09-12,SMB,Latin America,Analytics Suite,Beta GmbH,Online,89,96.56,257.82,8336.02,4168.01,4168.01,1083.68,333.44,1417.12,2750.89,ORD-2023-000658
2023-09-16,Mid-Market,APAC,Data Sync,Beta GmbH,Online,526,227.26,2390.78,117147.98,65602.87,51545.11,18743.68,5857.4,24601.08,26944.03,ORD-2023-000659
2023-09-02,Enterprise,Latin America,Forecast Pro,Maple LLC,Online,595,448.38,10671.44,256114.66,156229.94,99884.72,30733.76,12805.73,43539.49,56345.23,ORD-2023-000660
2023-10-03,Enterprise,Europe,Integration Pack,Atlas BV,Partner,449,335.39,15059.01,135531.1,85384.59,50146.51,10842.49,8131.87,18974.36,31172.15,ORD-2023-000661
2023-10-02,Enterprise,Latin America,Integration Pack,Zenith Co,Partner,47,426.96,602.01,19465.11,12068.37,7396.74,2919.77,973.26,3893.03,3503.71,ORD-2023-000662
2023-10-04,Enterprise,Europe,Starter Plan,Sakura Ltd,Partner,112,383.39,5152.76,37786.92,24183.63,13603.29,4156.56,1889.35,6045.91,7557.38,ORD-2023-000663
2023-10-26,Mid-Market,North America,Analytics Suite,Acme Corp,Direct,399,280.3,6710.38,105129.32,52564.66,52564.66,14718.1,4205.17,18923.27,33641.39,ORD-2023-000664
2023-10-07,Enterprise,Europe,Starter Plan,Maple LLC,Partner,305,485.28,11840.83,136169.57,83063.44,53106.13,12255.26,4085.09,16340.35,36765.78,ORD-2023-000665
2023-10-14,Enterprise,Europe,Integration Pack,Zenith Co,Partner,235,320.3,7527.05,67743.45,40646.07,27097.38,10838.95,3387.17,14226.12,12871.26,ORD-2023-000666
2023-10-06,Mid-Market,APAC,Analytics Suite,Beta GmbH,Online,220,214.38,1886.54,45277.06,23544.07,21732.99,7244.33,905.54,8149.87,13583.12,ORD-2023-000667
2023-10-14,Mid-Market,Latin America,Analytics Suite,Atlas BV,Online,389,298.52,11612.43,104511.85,55391.28,49120.57,16721.9,3135.36,19857.26,29263.31,ORD-2023-000668
2023-10-27,Enterprise,Middle East,Forecast Pro,Andes Group,Partner,307,381.23,8192.63,108844.98,66395.44,42449.54,14149.85,7619.15,21769,20680.54,ORD-2023-000669
2023-10-23,Mid-Market,North America,Data Sync,Andes Group,In-Store,463,281.75,13045.03,117405.22,69269.08,48136.14,11740.52,2348.1,14088.62,34047.52,ORD-2023-000670
2023-10-20,Enterprise,North America,Forecast Pro,Helios AG,Partner,505,458.24,27769.34,203641.86,126257.95,77383.91,20364.19,8145.67,28509.86,48874.05,ORD-2023-000671
2023-10-15,Enterprise,North America,Forecast Pro,Orion Inc,In-Store,93,261.94,2192.44,22167.98,13522.47,8645.51,1995.12,1330.08,3325.2,5320.31,ORD-2023-000672
2023-10-23,Mid-Market,Middle East,Data Sync,Nova Retail,Partner,396,197.66,3913.67,74359.69,43872.22,30487.47,5948.78,1487.19,7435.97,23051.5,ORD-2023-000673
2023-10-20,SMB,Latin America,Data Sync,Atlas BV,Direct,264,156.16,412.26,40813.98,23672.11,17141.87,3673.26,1632.56,5305.82,11836.05,ORD-2023-000674
2023-10-25,Enterprise,Latin America,Forecast Pro,Atlas BV,Online,445,470.58,25128.97,184279.13,116095.85,68183.28,16585.12,9213.96,25799.08,42384.2,ORD-2023-000675
2023-10-25,Enterprise,Middle East,Starter Plan,Acme Corp,Direct,285,396.24,5646.42,107281.98,65442.01,41839.97,16092.3,5364.1,21456.4,20383.57,ORD-2023-000676
2023-10-12,Mid-Market,Europe,Data Sync,Helios AG,Online,233,233.8,2179.02,52296.38,30331.9,21964.48,5752.6,3660.75,9413.35,12551.13,ORD-2023-000677
2023-10-05,SMB,Middle East,Integration Pack,Sakura Ltd,Online,85,130.97,1001.92,10130.53,6179.62,3950.91,1114.36,202.61,1316.97,2633.94,ORD-2023-000678
2023-10-22,Enterprise,APAC,Forecast Pro,Atlas BV,Online,529,378.9,12026.29,188411.81,120583.56,67828.25,28261.77,7536.47,35798.24,32030.01,ORD-2023-000679
2023-10-14,Mid-Market,APAC,Starter Plan,Maple LLC,Online,590,220.42,6502.39,123545.41,75362.7,48182.71,14825.45,7412.72,22238.17,25944.54,ORD-2023-000680
2023-11-21,Mid-Market,Europe,Analytics Suite,Nova Retail,Online,493,185.89,2749.31,88894.46,48003.01,40891.45,8889.45,1777.89,10667.34,30224.11,ORD-2023-000681
2023-11-04,Mid-Market,Europe,Integration Pack,Atlas BV,Direct,301,233.38,4214.84,66032.54,42260.83,23771.71,8584.23,1980.98,10565.21,13206.5,ORD-2023-000682
2023-11-19,Mid-Market,North America,Starter Plan,Acme Corp,Partner,296,176.76,1569.63,50751.33,31465.82,19285.51,6597.67,3552.59,10150.26,9135.25,ORD-2023-000683
2023-11-28,SMB,Europe,Data Sync,Orion Inc,Partner,264,145.14,383.17,37933.79,21242.92,16690.87,3034.7,758.68,3793.38,12897.49,ORD-2023-000684
2023-11-02,Mid-Market,Middle East,Analytics Suite,Maple LLC,Direct,536,243.49,9135.74,121374.9,65542.45,55832.45,19419.98,4855,24274.98,31557.47,ORD-2023-000685
2023-11-23,SMB,APAC,Analytics Suite,Beta GmbH,Direct,234,120.36,2253.14,25911.1,13732.88,12178.22,2591.11,1813.78,4404.89,7773.33,ORD-2023-000686
2023-11-12,Enterprise,APAC,Starter Plan,Beta GmbH,Direct,405,517.46,25148.56,184422.74,118030.55,66392.19,14753.82,7376.91,22130.73,44261.46,ORD-2023-000687
2023-11-15,Mid-Market,North America,Analytics Suite,Beta GmbH,Online,531,233.65,13647.5,110420.65,56314.53,54106.12,17667.3,7729.45,25396.75,28709.37,ORD-2023-000688
2023-11-21,Enterprise,North America,Starter Plan,Andes Group,Partner,274,477.52,15700.86,115139.62,70235.17,44904.45,10362.57,5756.98,16119.55,28784.9,ORD-2023-000689
2023-11-28,Enterprise,Europe,Starter Plan,Zenith Co,In-Store,63,328.27,2481.72,18199.29,11647.55,6551.74,2729.89,545.98,3275.87,3275.87,ORD-2023-000690
2023-11-27,Mid-Market,Europe,Analytics Suite,Orion Inc,Partner,229,206.64,5205.26,42115.3,21057.65,21057.65,5896.14,1263.46,7159.6,13898.05,ORD-2023-000691
2023-11-05,Mid-Market,North America,Data Sync,Beta GmbH,Direct,430,178.17,4596.79,72016.31,43209.79,28806.52,6481.47,3600.82,10082.29,18724.23,ORD-2023-000692
2023-11-11,Enterprise,Latin America,Data Sync,Sakura Ltd,Direct,133,405.26,5928.95,47970.63,28302.67,19667.96,7195.59,2878.24,10073.83,9594.13,ORD-2023-000693
2023-11-11,SMB,Europe,Data Sync,Andes Group,Direct,485,95.42,1851.15,44427.55,26656.53,17771.02,4442.76,2221.38,6664.14,11106.88,ORD-2023-000694
2023-11-05,SMB,Latin America,Data Sync,Sakura Ltd,Online,555,139.69,3101.12,74426.83,43167.56,31259.27,7442.68,5209.88,12652.56,18606.71,ORD-2023-000695
2023-11-24,Enterprise,Europe,Analytics Suite,Zenith Co,Partner,381,482.51,25737.08,158099.23,82211.6,75887.63,22133.89,6323.97,28457.86,47429.77,ORD-2023-000696
2023-11-23,Enterprise,Europe,Forecast Pro,Zenith Co,Online,421,395.62,4996.68,161559.34,103397.98,58161.36,17771.53,9693.56,27465.09,30696.27,ORD-2023-000697
2023-11-26,Enterprise,Middle East,Data Sync,Helios AG,Online,453,453.86,16447.89,189150.69,107815.89,81334.8,15132.06,13240.55,28372.61,52962.19,ORD-2023-000698
2023-11-12,Mid-Market,APAC,Integration Pack,Andes Group,Direct,426,302.98,9034.86,120034.62,72020.77,48013.85,18005.19,8402.42,26407.61,21606.24,ORD-2023-000699
2023-11-14,Enterprise,APAC,Forecast Pro,Andes Group,Online,506,489.24,7426.66,240128.78,144077.27,96051.51,36019.32,4802.58,40821.9,55229.61,ORD-2023-000700
2023-12-17,SMB,North America,Forecast Pro,Beta GmbH,Online,158,114.3,722.38,17337.02,10402.21,6934.81,2080.44,866.85,2947.29,3987.52,ORD-2023-000701
2023-12-10,Enterprise,APAC,Forecast Pro,Maple LLC,Partner,91,383.98,1048.27,33893.91,21353.16,12540.75,2711.51,1694.7,4406.21,8134.54,ORD-2023-000702
2023-12-13,Enterprise,Latin America,Integration Pack,Beta GmbH,In-Store,176,464.43,10626.16,71113.52,42668.11,28445.41,6400.22,4266.81,10667.03,17778.38,ORD-2023-000703
2023-12-14,SMB,Middle East,Integration Pack,Atlas BV,Partner,55,91.88,101.07,4952.33,3119.97,1832.36,792.37,148.57,940.94,891.42,ORD-2023-000704
2023-12-06,Mid-Market,APAC,Forecast Pro,Andes Group,Online,409,198.72,812.76,80463.72,51496.78,28966.94,8046.37,4827.82,12874.19,16092.75,ORD-2023-000705
2023-12-11,Enterprise,Latin America,Forecast Pro,Orion Inc,In-Store,327,452.71,19244.7,128791.47,82426.54,46364.93,20606.64,3863.74,24470.38,21894.55,ORD-2023-000706
2023-12-25,Mid-Market,Europe,Analytics Suite,Nova Retail,In-Store,581,223.99,5205.53,124932.66,63715.66,61217,11243.94,3747.98,14991.92,46225.08,ORD-2023-000707
2023-12-01,Enterprise,North America,Data Sync,Orion Inc,Online,450,514.44,16204.86,215293.14,124870.02,90423.12,25835.18,12917.59,38752.77,51670.35,ORD-2023-000708
2023-12-02,SMB,APAC,Integration Pack,Nova Retail,Partner,589,141.89,1671.46,81901.75,52417.12,29484.63,7371.16,5733.12,13104.28,16380.35,ORD-2023-000709
2023-12-07,SMB,Europe,Integration Pack,Acme Corp,Online,255,90.36,1612.93,21428.87,13714.48,7714.39,3428.62,1500.02,4928.64,2785.75,ORD-2023-000710
2023-12-11,SMB,Europe,Integration Pack,Acme Corp,Direct,67,105.72,354.16,6729.08,4104.74,2624.34,538.33,269.16,807.49,1816.85,ORD-2023-000711
2023-12-25,Mid-Market,North America,Integration Pack,Acme Corp,Online,148,185.34,548.61,26881.71,17204.29,9677.42,3763.44,1612.9,5376.34,4301.08,ORD-2023-000712
2023-12-27,Mid-Market,APAC,Forecast Pro,Beta GmbH,Direct,461,300.58,11085.39,127481.99,79038.83,48443.16,15297.84,6374.1,21671.94,26771.22,ORD-2023-000713
2023-12-12,Mid-Market,APAC,Analytics Suite,Orion Inc,Partner,524,282.72,14814.53,133330.75,66665.38,66665.37,15999.69,2666.62,18666.31,47999.06,ORD-2023-000714
2023-12-26,Enterprise,North America,Starter Plan,Helios AG,Online,482,400.22,7716.24,185189.8,116669.57,68520.23,29630.37,3703.8,33334.17,35186.06,ORD-2023-000715
2023-12-14,Mid-Market,Middle East,Analytics Suite,Atlas BV,Partner,383,221.21,9319.58,75403.85,38455.96,36947.89,10556.54,3016.15,13572.69,23375.2,ORD-2023-000716
2023-12-22,Mid-Market,Europe,Analytics Suite,Andes Group,Partner,455,274,6233.5,118436.5,63955.71,54480.79,18949.84,3553.1,22502.94,31977.85,ORD-2023-000717
2023-12-01,SMB,Middle East,Integration Pack,Nova Retail,Direct,167,111.66,1678.25,16968.97,10520.76,6448.21,2036.28,848.45,2884.73,3563.48,ORD-2023-000718
2023-12-16,SMB,APAC,Analytics Suite,Nova Retail,Online,51,127.68,716.28,5795.4,3071.56,2723.84,637.49,173.86,811.35,1912.49,ORD-2023-000719
2023-12-14,SMB,Middle East,Data Sync,Orion Inc,Online,333,106.85,1423.24,34157.81,20153.11,14004.7,3415.78,1366.31,4782.09,9222.61,ORD-2023-000720
2024-01-25,Mid-Market,APAC,Integration Pack,Nova Retail,In-Store,82,179.05,440.46,14241.64,8687.4,5554.24,1709,854.5,2563.5,2990.74,ORD-2024-000721
2024-01-19,Mid-Market,North America,Starter Plan,Zenith Co,Online,594,309.7,14716.94,169244.86,103239.36,66005.5,15232.04,8462.24,23694.28,42311.22,ORD-2024-000722
2024-01-25,SMB,APAC,Integration Pack,Nova Retail,Online,590,151.92,8066.95,81565.85,51386.49,30179.36,8972.24,4078.29,13050.53,17128.83,ORD-2024-000723
2024-01-21,Mid-Market,North America,Analytics Suite,Zenith Co,Partner,428,219.51,7516.02,86434.26,43217.13,43217.13,11236.45,3457.37,14693.82,28523.31,ORD-2024-000724
2024-01-13,SMB,Latin America,Analytics Suite,Sakura Ltd,Online,367,122.38,449.13,44464.33,22676.81,21787.52,4001.79,1778.57,5780.36,16007.16,ORD-2024-000725
2024-01-28,SMB,Latin America,Analytics Suite,Orion Inc,In-Store,215,93.68,2014.12,18127.08,9426.08,8701,1812.71,725.08,2537.79,6163.21,ORD-2024-000726
2024-01-24,SMB,APAC,Integration Pack,Andes Group,Direct,445,151.47,6066.37,61337.78,38029.42,23308.36,5520.4,1840.13,7360.53,15947.83,ORD-2024-000727
2024-01-05,Enterprise,Middle East,Data Sync,Andes Group,Online,165,356.4,5880.6,52925.4,30696.73,22228.67,5821.79,2117.02,7938.81,14289.86,ORD-2024-000728
2024-01-15,Mid-Market,Latin America,Forecast Pro,Acme Corp,Direct,482,220.98,1065.12,105447.24,64322.82,41124.42,10544.72,2108.94,12653.66,28470.76,ORD-2024-000729
2024-01-16,Mid-Market,Middle East,Data Sync,Nova Retail,In-Store,572,262.63,12017.95,138206.41,77395.59,60810.82,17966.83,6910.32,24877.15,35933.67,ORD-2024-000730
2024-01-19,Mid-Market,Latin America,Analytics Suite,Andes Group,Partner,224,236.18,3703.3,49201.02,25092.52,24108.5,5904.12,2460.05,8364.17,15744.33,ORD-2024-000731
2024-01-19,Mid-Market,North America,Starter Plan,Andes Group,Online,437,298.82,11752.59,118831.75,74864,43967.75,14259.81,4753.27,19013.08,24954.67,ORD-2024-000732
2024-01-09,SMB,Middle East,Forecast Pro,Orion Inc,Direct,461,108.38,2498.16,47465.02,29902.96,17562.06,5221.15,949.3,6170.45,11391.61,ORD-2024-000733
2024-01-07,SMB,Europe,Analytics Suite,Acme Corp,Partner,264,98.76,1042.91,25029.73,13516.05,11513.68,2002.38,1251.49,3253.87,8259.81,ORD-2024-000734
2024-01-07,SMB,North America,Starter Plan,Sakura Ltd,Direct,161,151.62,488.22,23922.6,14353.56,9569.04,3349.16,1196.13,4545.29,5023.75,ORD-2024-000735
2024-01-01,SMB,North America,Starter Plan,Atlas BV,Online,469,116.04,4898.05,49524.71,31200.57,18324.14,3961.98,990.49,4952.47,13371.67,ORD-2024-000736
2024-01-23,Enterprise,Middle East,Forecast Pro,Nova Retail,Partner,76,293.44,2676.17,19625.27,12363.92,7261.35,1962.53,981.26,2943.79,4317.56,ORD-2024-000737
2024-01-23,Mid-Market,APAC,Data Sync,Atlas BV,Direct,334,207.71,2775.01,66600.13,38628.08,27972.05,9324.02,1332,10656.02,17316.03,ORD-2024-000738
2024-01-21,Mid-Market,APAC,Forecast Pro,Acme Corp,In-Store,299,242.42,5798.69,66684.89,41344.63,25340.26,7335.34,2667.4,10002.74,15337.52,ORD-2024-000739
2024-01-02,SMB,Middle East,Starter Plan,Beta GmbH,In-Store,420,125.94,4231.58,48663.22,31144.46,17518.76,4866.32,1459.9,6326.22,11192.54,ORD-2024-000740
2024-02-27,Enterprise,North America,Starter Plan,Orion Inc,Partner,348,332.84,4633.13,111195.19,67829.07,43366.12,13343.42,7783.66,21127.08,22239.04,ORD-2024-000741
2024-02-01,Mid-Market,Middle East,Data Sync,Sakura Ltd,Online,143,189.99,1630.11,25538.46,14556.92,10981.54,3064.62,1532.31,4596.93,6384.61,ORD-2024-000742
2024-02-27,SMB,APAC,Starter Plan,Maple LLC,Direct,66,145.03,574.32,8997.66,5758.5,3239.16,1439.63,449.88,1889.51,1349.65,ORD-2024-000743
2024-02-18,Mid-Market,Latin America,Forecast Pro,Orion Inc,In-Store,196,197.12,3863.55,34771.97,21906.34,12865.63,5215.8,1043.16,6258.96,6606.67,ORD-2024-000744
2024-02-12,Mid-Market,North America,Integration Pack,Orion Inc,Direct,319,228.07,5820.35,66933.98,42168.41,24765.57,8701.42,4685.38,13386.8,11378.77,ORD-2024-000745
2024-02-18,Mid-Market,Latin America,Starter Plan,Andes Group,Online,548,197.49,9740.21,98484.31,63029.96,35454.35,14772.65,2954.53,17727.18,17727.17,ORD-2024-000746
2024-02-02,SMB,APAC,Starter Plan,Maple LLC,Partner,453,106.77,3385.68,44981.13,28787.92,16193.21,6297.36,3148.68,9446.04,6747.17,ORD-2024-000747
2024-02-02,SMB,Middle East,Starter Plan,Atlas BV,Online,422,155.6,2626.53,63036.67,39082.74,23953.93,6934.03,2521.47,9455.5,14498.43,ORD-2024-000748
2024-02-15,Enterprise,Middle East,Starter Plan,Helios AG,Partner,356,369.28,13146.37,118317.31,70990.39,47326.92,13014.9,4732.69,17747.59,29579.33,ORD-2024-000749
2024-02-12,Enterprise,North America,Forecast Pro,Helios AG,Direct,380,384.85,16086.73,130156.27,81998.45,48157.82,14317.19,3904.69,18221.88,29935.94,ORD-2024-000750
2024-02-15,Mid-Market,Europe,Analytics Suite,Andes Group,Direct,195,255.24,3981.74,45790.06,22895.03,22895.03,6868.51,3205.3,10073.81,12821.22,ORD-2024-000751
2024-02-14,Enterprise,APAC,Analytics Suite,Nova Retail,Direct,353,489.48,6911.46,165874.98,89572.49,76302.49,26540,3317.5,29857.5,46444.99,ORD-2024-000752
2024-02-26,Mid-Market,APAC,Forecast Pro,Acme Corp,Online,190,247.37,4700.03,42300.27,25803.16,16497.11,5922.04,1269.01,7191.05,9306.06,ORD-2024-000753
2024-02-16,Mid-Market,APAC,Starter Plan,Zenith Co,Online,179,298.83,1069.81,52420.76,31976.66,20444.1,8387.32,1048.42,9435.74,11008.36,ORD-2024-000754
2024-02-28,SMB,Europe,Data Sync,Atlas BV,Direct,452,104.08,1411.32,45632.84,25554.39,20078.45,5019.61,912.66,5932.27,14146.18,ORD-2024-000755
2024-02-03,Mid-Market,Latin America,Integration Pack,Helios AG,In-Store,482,211.87,2042.43,100078.91,62048.92,38029.99,10007.89,4003.16,14011.05,24018.94,ORD-2024-000756
2024-02-27,Enterprise,Latin America,Forecast Pro,Nova Retail,In-Store,279,338.99,4728.91,89849.3,53909.58,35939.72,10781.92,5390.96,16172.88,19766.84,ORD-2024-000757
2024-02-06,Enterprise,APAC,Forecast Pro,Maple LLC,In-Store,542,497.28,8085.77,261439.99,156863.99,104576,31372.8,5228.8,36601.6,67974.4,ORD-2024-000758
2024-02-10,Mid-Market,APAC,Data Sync,Andes Group,In-Store,518,307.18,3182.38,155936.86,88884.01,67052.85,24949.9,10915.58,35865.48,31187.37,ORD-2024-000759
2024-02-07,Mid-Market,APAC,Data Sync,Nova Retail,Online,420,272.33,3431.36,110947.24,62130.45,48816.79,9985.25,6656.83,16642.08,32174.71,ORD-2024-000760
2024-03-27,Enterprise,Middle East,Data Sync,Beta GmbH,Online,136,377.81,7193.5,44188.66,24745.65,19443.01,6628.3,1767.55,8395.85,11047.16,ORD-2024-000761
2024-03-15,Enterprise,Latin America,Starter Plan,Sakura Ltd,Direct,185,493.22,10037.03,81208.67,50349.38,30859.29,8120.87,3248.35,11369.22,19490.07,ORD-2024-000762
2024-03-26,Mid-Market,Europe,Data Sync,Zenith Co,Direct,79,295.92,467.55,22910.13,13746.08,9164.05,3436.52,687.3,4123.82,5040.23,ORD-2024-000763
2024-03-25,Enterprise,North America,Starter Plan,Zenith Co,Online,228,295.74,6742.87,60685.85,38232.09,22453.76,8496.02,3034.29,11530.31,10923.45,ORD-2024-000764
2024-03-09,Mid-Market,Europe,Analytics Suite,Sakura Ltd,Online,223,231.33,3095.2,48491.39,26185.35,22306.04,6788.79,3394.4,10183.19,12122.85,ORD-2024-000765
2024-03-01,SMB,Europe,Analytics Suite,Maple LLC,Direct,600,147.31,5303.16,83082.84,41541.42,41541.42,11631.6,4154.14,15785.74,25755.68,ORD-2024-000766
2024-03-15,SMB,Latin America,Data Sync,Andes Group,In-Store,261,140.02,2923.62,33621.6,19164.31,14457.29,3698.38,672.43,4370.81,10086.48,ORD-2024-000767
2024-03-04,Enterprise,Middle East,Forecast Pro,Sakura Ltd,In-Store,513,363.18,5589.34,180722,115662.08,65059.92,19879.42,5421.66,25301.08,39758.84,ORD-2024-000768
2024-03-12,SMB,North America,Analytics Suite,Atlas BV,In-Store,583,107.76,3141.2,59682.88,31631.93,28050.95,5371.46,2984.14,8355.6,19695.35,ORD-2024-000769
2024-03-24,SMB,Latin America,Forecast Pro,Sakura Ltd,Online,237,113.95,2430.55,24575.6,15728.38,8847.22,1966.05,1720.29,3686.34,5160.88,ORD-2024-000770
2024-03-13,Enterprise,Middle East,Starter Plan,Sakura Ltd,Direct,166,262.07,4350.36,39153.26,23491.96,15661.3,4698.39,2349.2,7047.59,8613.71,ORD-2024-000771
2024-03-24,Enterprise,Middle East,Forecast Pro,Maple LLC,Direct,132,414.88,4381.13,50383.03,31741.31,18641.72,6045.96,3526.81,9572.77,9068.95,ORD-2024-000772
2024-03-28,Enterprise,APAC,Analytics Suite,Maple LLC,Partner,592,400.42,21334.38,215714.26,107857.13,107857.13,28042.85,6471.43,34514.28,73342.85,ORD-2024-000773
2024-03-20,Enterprise,Europe,Forecast Pro,Sakura Ltd,In-Store,66,457.36,2414.86,27770.9,17773.38,9997.52,4165.64,833.13,4998.77,4998.75,ORD-2024-000774
2024-03-18,SMB,North America,Forecast Pro,Helios AG,Online,98,146.24,143.32,14188.2,8938.57,5249.63,1135.06,709.41,1844.47,3405.16,ORD-2024-000775
2024-03-02,SMB,Middle East,Analytics Suite,Zenith Co,In-Store,81,144.01,583.24,11081.57,5651.6,5429.97,886.53,664.89,1551.42,3878.55,ORD-2024-000776
2024-03-25,Mid-Market,Europe,Data Sync,Helios AG,Direct,149,222.5,3315.25,29837.25,17305.61,12531.64,4773.96,1790.24,6564.2,5967.44,ORD-2024-000777
2024-03-03,Mid-Market,APAC,Starter Plan,Zenith Co,Online,324,305.75,1981.26,97081.74,61161.5,35920.24,14562.26,1941.63,16503.89,19416.35,ORD-2024-000778
2024-03-21,Mid-Market,Europe,Forecast Pro,Maple LLC,Direct,129,240.4,2480.93,28530.67,17974.32,10556.35,2282.45,1997.15,4279.6,6276.75,ORD-2024-000779
2024-03-27,SMB,Latin America,Data Sync,Andes Group,Partner,176,142.44,752.08,24317.36,14590.42,9726.94,2918.08,1215.87,4133.95,5592.99,ORD-2024-000780
2024-04-24,SMB,Latin America,Forecast Pro,Acme Corp,Direct,50,142.48,712.4,6411.6,4039.31,2372.29,833.51,192.35,1025.86,1346.43,ORD-2024-000781
2024-04-04,SMB,APAC,Starter Plan,Acme Corp,Direct,554,97.63,3245.22,50841.8,32030.33,18811.47,4067.34,2542.09,6609.43,12202.04,ORD-2024-000782
2024-04-13,Enterprise,Middle East,Integration Pack,Beta GmbH,Online,566,333.29,13204.95,175437.19,105262.31,70174.88,26315.58,8771.86,35087.44,35087.44,ORD-2024-000783
2024-04-04,SMB,Europe,Starter Plan,Nova Retail,Partner,494,143.41,6376.01,64468.53,38681.12,25787.41,7091.54,1289.37,8380.91,17406.5,ORD-2024-000784
2024-04-14,SMB,Europe,Starter Plan,Nova Retail,Direct,450,154.55,4868.33,64679.17,40101.09,24578.08,9055.08,1940.38,10995.46,13582.62,ORD-2024-000785
2024-04-14,SMB,Middle East,Starter Plan,Atlas BV,Online,170,117.17,2191.08,17727.82,10991.25,6736.57,2659.17,1240.95,3900.12,2836.45,ORD-2024-000786
2024-04-17,Mid-Market,North America,Starter Plan,Acme Corp,Partner,103,220.63,227.25,22497.64,14398.49,8099.15,1799.81,449.95,2249.76,5849.39,ORD-2024-000787
2024-04-25,SMB,Middle East,Data Sync,Andes Group,Partner,451,94.85,1711.09,41066.26,23818.43,17247.83,3285.3,2874.64,6159.94,11087.89,ORD-2024-000788
2024-04-04,SMB,APAC,Analytics Suite,Andes Group,Partner,533,137.75,7342.08,66078.67,35021.7,31056.97,9251.01,4625.51,13876.52,17180.45,ORD-2024-000789
2024-04-17,Enterprise,Europe,Integration Pack,Helios AG,Partner,332,501.08,21626.61,144731.95,86839.17,57892.78,23157.11,8683.92,31841.03,26051.75,ORD-2024-000790
2024-04-03,Enterprise,North America,Data Sync,Sakura Ltd,Online,359,483.32,6940.48,166571.4,98277.13,68294.27,26651.42,8328.57,34979.99,33314.28,ORD-2024-000791
2024-04-26,Enterprise,Latin America,Forecast Pro,Acme Corp,Online,197,425.48,5029.17,78790.39,48850.04,29940.35,8666.94,5515.33,14182.27,15758.08,ORD-2024-000792
2024-04-19,Enterprise,APAC,Analytics Suite,Beta GmbH,Direct,162,466.56,6046.62,69536.1,34768.05,34768.05,5562.89,3476.81,9039.7,25728.35,ORD-2024-000793
2024-04-06,SMB,Latin America,Data Sync,Zenith Co,Direct,561,105.13,4128.46,54849.47,31812.69,23036.78,7678.93,1645.48,9324.41,13712.37,ORD-2024-000794
2024-04-11,Enterprise,North America,Integration Pack,Sakura Ltd,Online,566,474.33,29531.79,238938.99,143363.39,95575.6,26283.29,16725.73,43009.02,52566.58,ORD-2024-000795
2024-04-15,SMB,North America,Data Sync,Nova Retail,Partner,218,142.17,1859.58,29133.48,16897.42,12236.06,4370.02,2039.34,6409.36,5826.7,ORD-2024-000796
2024-04-19,Mid-Market,APAC,Integration Pack,Andes Group,Online,47,283.78,133.38,13204.28,8186.65,5017.63,1320.43,924.3,2244.73,2772.9,ORD-2024-000797
2024-04-23,Mid-Market,Europe,Integration Pack,Sakura Ltd,Online,415,271.54,7888.24,104800.86,62880.52,41920.34,11528.09,5240.04,16768.13,25152.21,ORD-2024-000798
2024-04-03,Mid-Market,Middle East,Data Sync,Atlas BV,Partner,499,269.24,10748.06,123602.7,72925.59,50677.11,11124.24,7416.16,18540.4,32136.71,ORD-2024-000799
2024-04-03,Enterprise,North America,Data Sync,Nova Retail,Direct,369,489.71,23491.39,157211.6,94326.96,62884.64,14149.04,11004.81,25153.85,37730.79,ORD-2024-000800
2024-05-03,SMB,North America,Forecast Pro,Nova Retail,Partner,544,114.07,1861.62,60192.46,36717.4,23475.06,7825.02,4213.47,12038.49,11436.57,ORD-2024-000801
2024-05-27,Mid-Market,Middle East,Forecast Pro,Acme Corp,Partner,73,256.04,1308.36,17382.56,10429.54,6953.02,2781.21,347.65,3128.86,3824.16,ORD-2024-000802
2024-05-18,Mid-Market,Middle East,Forecast Pro,Maple LLC,In-Store,148,197.14,1458.84,27717.88,17462.26,10255.62,3048.97,1663.07,4712.04,5543.58,ORD-2024-000803
2024-05-28,Enterprise,North America,Starter Plan,Atlas BV,Direct,289,269.73,9354.24,68597.73,43216.57,25381.16,6859.77,1371.95,8231.72,17149.44,ORD-2024-000804
2024-05-27,Mid-Market,Latin America,Data Sync,Zenith Co,Partner,329,286.77,8491.26,85856.07,51513.64,34342.43,6868.49,1717.12,8585.61,25756.82,ORD-2024-000805
2024-05-26,Mid-Market,Latin America,Data Sync,Zenith Co,In-Store,249,223.68,3341.78,52354.54,30889.18,21465.36,6282.54,2617.73,8900.27,12565.09,ORD-2024-000806
2024-05-15,Enterprise,Latin America,Forecast Pro,Nova Retail,Online,146,287.22,5451.44,36482.68,22254.43,14228.25,5107.58,1459.31,6566.89,7661.36,ORD-2024-000807
2024-05-20,SMB,North America,Data Sync,Acme Corp,Online,320,158.73,4063.49,46730.11,28038.07,18692.04,4205.71,2336.51,6542.22,12149.82,ORD-2024-000808
2024-05-05,SMB,Middle East,Integration Pack,Maple LLC,Online,440,96.38,848.14,41559.06,25351.03,16208.03,4571.5,831.18,5402.68,10805.35,ORD-2024-000809
2024-05-11,Mid-Market,Latin America,Forecast Pro,Atlas BV,In-Store,310,190.5,3543.3,55511.7,34417.25,21094.45,8881.87,2220.47,11102.34,9992.11,ORD-2024-000810
2024-05-25,Mid-Market,North America,Forecast Pro,Acme Corp,Direct,376,197.06,2963.78,71130.78,45523.7,25607.08,7113.08,1422.62,8535.7,17071.38,ORD-2024-000811
2024-05-17,Mid-Market,North America,Integration Pack,Zenith Co,Online,111,175.44,973.69,18500.15,11655.09,6845.06,1665.01,740.01,2405.02,4440.04,ORD-2024-000812
2024-05-06,Mid-Market,North America,Forecast Pro,Zenith Co,Direct,315,306.41,6756.34,89762.81,53857.69,35905.12,13464.42,3590.51,17054.93,18850.19,ORD-2024-000813
2024-05-14,Enterprise,APAC,Integration Pack,Acme Corp,Partner,165,398.36,5258.35,60471.05,36887.34,23583.71,8465.95,3628.26,12094.21,11489.5,ORD-2024-000814
2024-05-03,Enterprise,North America,Analytics Suite,Nova Retail,Partner,495,331.03,14747.39,149112.46,74556.23,74556.23,14911.25,10437.87,25349.12,49207.11,ORD-2024-000815
2024-05-07,SMB,APAC,Forecast Pro,Nova Retail,Direct,347,156.99,3813.29,50662.24,30397.34,20264.9,6586.09,3546.36,10132.45,10132.45,ORD-2024-000816
2024-05-17,SMB,Latin America,Forecast Pro,Acme Corp,In-Store,378,100.97,3053.33,35113.33,21419.13,13694.2,2809.07,702.27,3511.34,10182.86,ORD-2024-000817
2024-05-07,SMB,Europe,Forecast Pro,Orion Inc,In-Store,147,139.08,1431.13,19013.63,11408.18,7605.45,1901.36,380.27,2281.63,5323.82,ORD-2024-000818
2024-05-20,SMB,Latin America,Forecast Pro,Maple LLC,Direct,445,152.92,2041.48,66007.92,39604.75,26403.17,7260.87,4620.55,11881.42,14521.75,ORD-2024-000819
2024-05-26,SMB,APAC,Forecast Pro,Orion Inc,Online,273,95.11,1817.55,24147.48,14729.96,9417.52,2656.22,1448.85,4105.07,5312.45,ORD-2024-000820
2024-06-05,SMB,Latin America,Integration Pack,Maple LLC,In-Store,443,136.21,1206.82,59134.21,36071.87,23062.34,7096.11,2365.37,9461.48,13600.86,ORD-2024-000821
2024-06-23,Enterprise,Latin America,Data Sync,Beta GmbH,Online,435,267.01,4645.97,111503.38,63556.93,47946.45,15610.47,5575.17,21185.64,26760.81,ORD-2024-000822
2024-06-10,SMB,North America,Analytics Suite,Atlas BV,Direct,349,133.2,4648.68,41838.12,22174.2,19663.92,3765.43,2928.67,6694.1,12969.82,ORD-2024-000823
2024-06-18,Enterprise,North America,Starter Plan,Sakura Ltd,Online,275,448.45,13565.61,109758.14,66952.47,42805.67,10975.81,5487.91,16463.72,26341.95,ORD-2024-000824
2024-06-14,Mid-Market,North America,Forecast Pro,Maple LLC,In-Store,341,225.86,6931.64,70086.62,44154.57,25932.05,7709.53,2803.46,10512.99,15419.06,ORD-2024-000825
2024-06-22,SMB,Middle East,Data Sync,Orion Inc,Direct,419,122.42,512.94,50781.04,29453,21328.04,6093.72,1523.43,7617.15,13710.89,ORD-2024-000826
2024-06-11,Enterprise,North America,Starter Plan,Zenith Co,Online,117,336.27,3934.36,35409.23,22661.91,12747.32,4249.11,1062.28,5311.39,7435.93,ORD-2024-000827
2024-06-12,Mid-Market,APAC,Forecast Pro,Helios AG,Partner,405,216.03,5249.53,82242.62,52635.28,29607.34,8224.26,5756.98,13981.24,15626.1,ORD-2024-000828
2024-06-06,Mid-Market,North America,Forecast Pro,Acme Corp,Partner,566,209.71,11869.59,106826.27,65164.02,41662.25,12819.15,3204.79,16023.94,25638.31,ORD-2024-000829
2024-06-11,SMB,Europe,Starter Plan,Helios AG,Online,560,154.33,8642.48,77782.32,47447.22,30335.1,7000.41,4666.94,11667.35,18667.75,ORD-2024-000830
2024-06-20,Enterprise,APAC,Data Sync,Zenith Co,Online,359,359.3,15478.64,113510.06,63565.63,49944.43,14756.31,3405.3,18161.61,31782.82,ORD-2024-000831
2024-06-21,Mid-Market,Latin America,Starter Plan,Nova Retail,Direct,193,286.6,2212.55,53101.25,32391.76,20709.49,4248.1,2655.06,6903.16,13806.33,ORD-2024-000832
2024-06-27,Enterprise,Latin America,Forecast Pro,Atlas BV,Direct,225,397.06,8933.85,80404.65,51458.98,28945.67,9648.56,2412.14,12060.7,16884.97,ORD-2024-000833
2024-06-02,SMB,Latin America,Forecast Pro,Maple LLC,Partner,68,152.63,207.58,10171.26,6204.47,3966.79,915.41,610.28,1525.69,2441.1,ORD-2024-000834
2024-06-06,Enterprise,Europe,Forecast Pro,Zenith Co,In-Store,266,495.54,10545.09,121268.55,73973.82,47294.73,13339.54,2425.37,15764.91,31529.82,ORD-2024-000835
2024-06-07,Mid-Market,Latin America,Integration Pack,Orion Inc,In-Store,289,231.7,2008.84,64952.46,38971.48,25980.98,10392.39,4546.67,14939.06,11041.92,ORD-2024-000836
2024-06-09,Enterprise,North America,Data Sync,Andes Group,In-Store,67,344.93,3004.34,20105.97,11460.4,8645.57,2010.6,1407.42,3418.02,5227.55,ORD-2024-000837
2024-06-13,Mid-Market,Middle East,Integration Pack,Sakura Ltd,Partner,271,263.17,2139.57,69179.5,43583.09,25596.41,5534.36,3458.98,8993.34,16603.07,ORD-2024-000838
2024-06-15,SMB,North America,Forecast Pro,Maple LLC,Partner,307,142.53,2187.84,41568.87,24941.32,16627.55,5819.64,2909.82,8729.46,7898.09,ORD-2024-000839
2024-06-10,SMB,North America,Forecast Pro,Beta GmbH,Direct,282,103.55,1752.07,27449.03,16743.91,10705.12,3293.88,1646.94,4940.82,5764.3,ORD-2024-000840
2024-07-27,SMB,North America,Starter Plan,Acme Corp,Direct,218,154.62,3033.64,30673.52,19017.58,11655.94,4601.03,1840.41,6441.44,5214.5,ORD-2024-000841
2024-07-25,Enterprise,Latin America,Integration Pack,Andes Group,In-Store,390,409.98,12791.38,147100.82,94144.52,52956.3,20594.11,4413.02,25007.13,27949.17,ORD-2024-000842
2024-07-18,Enterprise,Middle East,Analytics Suite,Nova Retail,Direct,176,424.2,2239.78,72419.42,37658.1,34761.32,7966.14,4345.17,12311.31,22450.01,ORD-2024-000843
2024-07-14,Enterprise,APAC,Starter Plan,Orion Inc,Direct,491,488.55,28785.37,211092.68,135099.32,75993.36,21109.27,4221.85,25331.12,50662.24,ORD-2024-000844
2024-07-09,Mid-Market,North America,Integration Pack,Orion Inc,Online,104,309.72,2576.87,29634.01,18669.43,10964.58,2667.06,889.02,3556.08,7408.5,ORD-2024-000845
2024-07-23,Enterprise,Middle East,Forecast Pro,Sakura Ltd,Direct,472,283.02,4007.56,129577.88,80338.29,49239.59,19436.68,9070.45,28507.13,20732.46,ORD-2024-000846
2024-07-18,Mid-Market,APAC,Forecast Pro,Andes Group,Direct,234,256.57,4802.99,55234.39,33692.98,21541.41,4971.1,1657.03,6628.13,14913.28,ORD-2024-000847
2024-07-01,Enterprise,Latin America,Data Sync,Zenith Co,Partner,271,397.37,11845.6,95841.67,55588.17,40253.5,13417.83,1916.83,15334.66,24918.84,ORD-2024-000848
2024-07-03,SMB,Europe,Forecast Pro,Andes Group,Partner,143,156.83,672.8,21753.89,13487.41,8266.48,2828.01,1305.23,4133.24,4133.24,ORD-2024-000849
2024-07-07,SMB,APAC,Data Sync,Orion Inc,Direct,510,106.57,2174.03,52176.67,30784.24,21392.43,7826.5,3130.6,10957.1,10435.33,ORD-2024-000850
2024-07-23,SMB,Europe,Analytics Suite,Orion Inc,In-Store,197,134.95,1063.41,25521.74,13016.09,12505.65,2552.17,765.65,3317.82,9187.83,ORD-2024-000851
2024-07-27,Enterprise,Latin America,Data Sync,Orion Inc,In-Store,584,352.23,16456.19,189246.13,113547.68,75698.45,26494.46,11354.77,37849.23,37849.22,ORD-2024-000852
2024-07-24,Enterprise,APAC,Data Sync,Acme Corp,In-Store,365,355.52,15571.78,114193.02,65090.02,49103,9135.44,4567.72,13703.16,35399.84,ORD-2024-000853
2024-07-01,Mid-Market,Europe,Starter Plan,Sakura Ltd,Partner,227,225.17,4089.09,47024.5,30095.68,16928.82,3761.96,3291.72,7053.68,9875.14,ORD-2024-000854
2024-07-17,Mid-Market,APAC,Data Sync,Zenith Co,Online,160,200.34,320.54,31733.86,18088.3,13645.56,4760.08,952.02,5712.1,7933.46,ORD-2024-000855
2024-07-09,Enterprise,APAC,Forecast Pro,Nova Retail,Online,347,389,12148.47,122834.53,74929.06,47905.47,13511.8,4913.38,18425.18,29480.29,ORD-2024-000856
2024-07-14,Enterprise,Latin America,Starter Plan,Acme Corp,Partner,364,301.05,13149.86,96432.34,60752.37,35679.97,9643.23,3857.29,13500.52,22179.45,ORD-2024-000857
2024-07-01,Enterprise,Middle East,Starter Plan,Maple LLC,Online,289,416.01,13224.96,107001.93,67411.22,39590.71,11770.21,2140.04,13910.25,25680.46,ORD-2024-000858
2024-07-05,SMB,Latin America,Integration Pack,Sakura Ltd,Partner,352,143.66,5056.83,45511.49,28217.12,17294.37,4096.03,2730.69,6826.72,10467.65,ORD-2024-000859
2024-07-24,Enterprise,APAC,Integration Pack,Acme Corp,Partner,492,472.64,25579.28,206959.6,124175.76,82783.84,22765.56,6208.79,28974.35,53809.49,ORD-2024-000860
2024-08-07,SMB,Latin America,Integration Pack,Zenith Co,Online,185,127.49,707.57,22878.08,14641.97,8236.11,3660.49,686.34,4346.83,3889.28,ORD-2024-000861
2024-08-12,Enterprise,Latin America,Data Sync,Nova Retail,In-Store,395,503.06,27819.22,170889.48,95698.11,75191.37,15380.05,8544.47,23924.52,51266.85,ORD-2024-000862
2024-08-10,SMB,Europe,Data Sync,Andes Group,Direct,188,95.54,898.08,17063.44,9555.53,7507.91,1706.34,1023.81,2730.15,4777.76,ORD-2024-000863
2024-08-11,Mid-Market,Europe,Starter Plan,Orion Inc,Direct,178,283.86,5052.71,45474.37,27739.37,17735,3637.95,1818.97,5456.92,12278.08,ORD-2024-000864
2024-08-10,Enterprise,Middle East,Forecast Pro,Orion Inc,Direct,475,399.61,26574.07,163240.68,99576.81,63663.87,16324.07,8162.03,24486.1,39177.77,ORD-2024-000865
2024-08-15,SMB,APAC,Analytics Suite,Orion Inc,Online,548,144.8,8728.54,70621.86,36017.15,34604.71,8474.62,1412.44,9887.06,24717.65,ORD-2024-000866
2024-08-08,Mid-Market,North America,Integration Pack,Nova Retail,Partner,436,302.41,11866.57,119984.19,71990.51,47993.68,11998.42,7199.05,19197.47,28796.21,ORD-2024-000867
2024-08-03,Enterprise,North America,Data Sync,Andes Group,Partner,532,413.75,24212.65,195902.35,115582.39,80319.96,19590.24,13713.16,33303.4,47016.56,ORD-2024-000868
2024-08-05,SMB,Latin America,Data Sync,Nova Retail,In-Store,213,108.63,1388.29,21749.9,12397.44,9352.46,2609.99,652.5,3262.49,6089.97,ORD-2024-000869
2024-08-23,Mid-Market,APAC,Forecast Pro,Atlas BV,Direct,383,271.23,2077.62,101803.47,64136.19,37667.28,12216.42,2036.07,14252.49,23414.79,ORD-2024-000870
2024-08-19,Mid-Market,Latin America,Data Sync,Maple LLC,Direct,596,270.57,1612.6,159647.12,95788.27,63858.85,25543.54,7982.36,33525.9,30332.95,ORD-2024-000871
2024-08-24,SMB,Europe,Data Sync,Maple LLC,Online,57,116.73,399.22,6254.39,3565,2689.39,1000.7,125.09,1125.79,1563.6,ORD-2024-000872
2024-08-25,Mid-Market,Europe,Integration Pack,Helios AG,In-Store,131,286.93,2631.15,34956.68,20974.01,13982.67,4544.37,1747.83,6292.2,7690.47,ORD-2024-000873
2024-08-23,Enterprise,Latin America,Analytics Suite,Nova Retail,Direct,369,447.09,23096.67,141879.54,70939.77,70939.77,19863.14,2837.59,22700.73,48239.04,ORD-2024-000874
2024-08-06,Mid-Market,Latin America,Data Sync,Beta GmbH,In-Store,354,248.8,1761.5,86313.7,51788.22,34525.48,12083.92,5178.82,17262.74,17262.74,ORD-2024-000875
2024-08-07,Enterprise,North America,Starter Plan,Andes Group,In-Store,65,477.21,3412.05,27606.6,17116.09,10490.51,2484.59,828.2,3312.79,7177.72,ORD-2024-000876
2024-08-19,SMB,APAC,Analytics Suite,Maple LLC,Online,481,99.55,3830.68,44052.87,22907.49,21145.38,3524.23,2202.64,5726.87,15418.51,ORD-2024-000877
2024-08-27,SMB,APAC,Integration Pack,Maple LLC,In-Store,123,138.36,340.37,16677.91,10006.75,6671.16,1834.57,500.34,2334.91,4336.25,ORD-2024-000878
2024-08-03,SMB,Middle East,Forecast Pro,Beta GmbH,Direct,293,156.47,3667.66,42178.05,25728.61,16449.44,6748.49,2108.9,8857.39,7592.05,ORD-2024-000879
2024-08-16,Enterprise,Middle East,Analytics Suite,Acme Corp,Partner,509,377.6,24985.79,167212.61,85278.43,81934.18,18393.39,3344.25,21737.64,60196.54,ORD-2024-000880
2024-09-13,Enterprise,APAC,Integration Pack,Zenith Co,Online,318,503.1,11199.01,148786.79,95223.55,53563.24,20830.15,10415.08,31245.23,22318.01,ORD-2024-000881
2024-09-03,Enterprise,Europe,Forecast Pro,Maple LLC,Partner,355,343.37,10970.67,110925.68,67664.66,43261.02,12201.82,7764.8,19966.62,23294.4,ORD-2024-000882
2024-09-03,Enterprise,Latin America,Integration Pack,Orion Inc,Partner,174,265.27,3230.99,42925.99,26614.11,16311.88,5580.38,1717.04,7297.42,9014.46,ORD-2024-000883
2024-09-10,SMB,North America,Starter Plan,Orion Inc,In-Store,565,151.8,2573.01,83193.99,50748.33,32445.66,7487.46,1663.88,9151.34,23294.32,ORD-2024-000884
2024-09-19,Mid-Market,Europe,Forecast Pro,Sakura Ltd,Partner,413,256.47,5296.11,100626,63394.38,37231.62,13081.38,4025.04,17106.42,20125.2,ORD-2024-000885
2024-09-19,SMB,Latin America,Starter Plan,Orion Inc,Partner,107,144.08,1695.82,13720.74,8506.86,5213.88,2058.11,686.04,2744.15,2469.73,ORD-2024-000886
2024-09-27,SMB,Middle East,Integration Pack,Zenith Co,Partner,428,152.95,4582.38,60880.22,37136.93,23743.29,6696.82,3652.81,10349.63,13393.66,ORD-2024-000887
2024-09-26,Mid-Market,Europe,Starter Plan,Maple LLC,In-Store,592,276.67,14740.98,149047.66,93900.03,55147.63,17885.72,7452.38,25338.1,29809.53,ORD-2024-000888
2024-09-19,SMB,North America,Analytics Suite,Nova Retail,Online,414,97.67,2021.77,38413.61,19206.81,19206.8,4225.5,768.27,4993.77,14213.03,ORD-2024-000889
2024-09-12,SMB,APAC,Integration Pack,Andes Group,Direct,389,146.61,2281.25,54750.04,35040.03,19710.01,7665.01,3832.5,11497.51,8212.5,ORD-2024-000890
2024-09-21,SMB,Europe,Forecast Pro,Maple LLC,In-Store,555,133.33,4439.89,69558.26,41734.96,27823.3,5564.66,2782.33,8346.99,19476.31,ORD-2024-000891
2024-09-07,Enterprise,Middle East,Forecast Pro,Nova Retail,Direct,221,494.5,12021.3,97263.2,62248.45,35014.75,9726.32,4863.16,14589.48,20425.27,ORD-2024-000892
2024-09-07,Mid-Market,Middle East,Data Sync,Sakura Ltd,Partner,508,200.59,5094.99,96804.73,54210.65,42594.08,7744.38,5808.28,13552.66,29041.42,ORD-2024-000893
2024-09-28,SMB,APAC,Starter Plan,Orion Inc,In-Store,153,106.23,162.53,16090.66,10137.12,5953.54,1769.97,643.63,2413.6,3539.94,ORD-2024-000894
2024-09-01,Mid-Market,APAC,Data Sync,Beta GmbH,Partner,509,288.03,14660.73,131946.54,79167.92,52778.62,19791.98,7916.79,27708.77,25069.85,ORD-2024-000895
2024-09-10,Mid-Market,Europe,Analytics Suite,Helios AG,In-Store,312,180.32,1687.8,54572.04,29468.9,25103.14,8185.81,3820.04,12005.85,13097.29,ORD-2024-000896
2024-09-23,SMB,APAC,Forecast Pro,Atlas BV,In-Store,432,110.5,954.72,46781.28,29472.21,17309.07,4678.13,935.63,5613.76,11695.31,ORD-2024-000897
2024-09-04,Mid-Market,Europe,Integration Pack,Acme Corp,Direct,250,185.06,2313.25,43951.75,28129.12,15822.63,7032.28,3076.62,10108.9,5713.73,ORD-2024-000898
2024-09-19,Mid-Market,North America,Data Sync,Zenith Co,Direct,374,264.09,6913.88,91855.78,52357.79,39497.99,11941.25,3674.23,15615.48,23882.51,ORD-2024-000899
2024-09-18,SMB,Middle East,Analytics Suite,Beta GmbH,Online,197,91.7,722.6,17342.3,9364.84,7977.46,2081.08,1040.54,3121.62,4855.84,ORD-2024-000900
2024-10-05,Mid-Market,APAC,Data Sync,Nova Retail,Online,110,222.79,2205.62,22301.28,13380.77,8920.51,3345.19,892.05,4237.24,4683.27,ORD-2024-000901
2024-10-05,Mid-Market,North America,Analytics Suite,Orion Inc,Online,251,228.59,6311.37,51064.72,25532.36,25532.36,7659.71,2553.24,10212.95,15319.41,ORD-2024-000902
2024-10-24,Mid-Market,Latin America,Forecast Pro,Acme Corp,Direct,229,237.62,4353.2,50061.78,31538.92,18522.86,4505.56,3504.32,8009.88,10512.98,ORD-2024-000903
2024-10-11,SMB,North America,Analytics Suite,Andes Group,Partner,333,112.31,373.99,37025.24,18882.87,18142.37,3702.52,2221.51,5924.03,12218.34,ORD-2024-000904
2024-10-06,SMB,Latin America,Data Sync,Maple LLC,In-Store,334,142.55,952.23,46659.47,27529.09,19130.38,6532.33,2332.97,8865.3,10265.08,ORD-2024-000905
2024-10-17,Mid-Market,Middle East,Analytics Suite,Orion Inc,Partner,153,274.36,4197.71,37779.37,20400.86,17378.51,3777.94,2644.56,6422.5,10956.01,ORD-2024-000906
2024-10-05,SMB,Europe,Analytics Suite,Orion Inc,In-Store,170,141.2,1920.32,22083.68,11925.19,10158.49,1766.69,662.51,2429.2,7729.29,ORD-2024-000907
2024-10-28,Enterprise,North America,Starter Plan,Andes Group,In-Store,227,338.14,10746.09,66011.69,41587.36,24424.33,6601.17,2640.47,9241.64,15182.69,ORD-2024-000908
2024-10-12,Enterprise,APAC,Integration Pack,Zenith Co,Online,293,366.05,4290.11,102962.54,62807.15,40155.39,12355.5,4118.5,16474,23681.39,ORD-2024-000909
2024-10-03,SMB,Europe,Starter Plan,Acme Corp,Direct,100,95.39,190.78,9348.22,5795.9,3552.32,1495.72,467.41,1963.13,1589.19,ORD-2024-000910
2024-10-15,SMB,North America,Forecast Pro,Beta GmbH,Partner,413,116.31,2401.8,45634.23,27836.88,17797.35,3650.74,3194.4,6845.14,10952.21,ORD-2024-000911
2024-10-11,SMB,Middle East,Data Sync,Nova Retail,Direct,359,129.49,4183.82,42303.09,24958.82,17344.27,4653.34,1269.09,5922.43,11421.84,ORD-2024-000912
2024-10-08,Mid-Market,Latin America,Data Sync,Zenith Co,Online,497,249.35,7435.62,116491.33,69894.8,46596.53,12814.05,8154.39,20968.44,25628.09,ORD-2024-000913
2024-10-27,Mid-Market,North America,Forecast Pro,Sakura Ltd,Online,97,239.57,2323.83,20914.46,13385.25,7529.21,2300.59,1464.01,3764.6,3764.61,ORD-2024-000914
2024-10-28,SMB,Europe,Integration Pack,Zenith Co,Direct,355,93.35,2319.75,30819.5,19416.29,11403.21,4931.12,2157.37,7088.49,4314.72,ORD-2024-000915
2024-10-10,Mid-Market,Middle East,Analytics Suite,Andes Group,Online,111,301.84,3350.42,30153.82,15679.99,14473.83,4221.53,1206.15,5427.68,9046.15,ORD-2024-000916
2024-10-15,Enterprise,APAC,Forecast Pro,Helios AG,Partner,353,319.67,10155.92,102687.59,65720.06,36967.53,16430.01,2053.75,18483.76,18483.77,ORD-2024-000917
2024-10-03,Mid-Market,Latin America,Analytics Suite,Helios AG,Direct,517,246.41,14013.34,113380.63,61225.54,52155.09,15873.29,5669.03,21542.32,30612.77,ORD-2024-000918
2024-10-17,SMB,North America,Analytics Suite,Nova Retail,Partner,310,111.73,2770.9,31865.4,16888.66,14976.74,2867.89,955.96,3823.85,11152.89,ORD-2024-000919
2024-10-06,Enterprise,Europe,Forecast Pro,Atlas BV,Direct,504,499.09,12577.07,238964.29,150547.5,88416.79,26286.07,7168.93,33455,54961.79,ORD-2024-000920
2024-11-14,Mid-Market,APAC,Starter Plan,Orion Inc,Direct,252,179.57,2715.1,42536.54,25947.29,16589.25,3828.29,1276.1,5104.39,11484.86,ORD-2024-000921
2024-11-25,Enterprise,Latin America,Analytics Suite,Beta GmbH,Direct,119,519.62,4328.43,57506.35,29903.3,27603.05,6900.76,2875.32,9776.08,17826.97,ORD-2024-000922
2024-11-18,SMB,Middle East,Analytics Suite,Zenith Co,In-Store,210,155.68,326.93,32365.87,16506.59,15859.28,4854.88,647.32,5502.2,10357.08,ORD-2024-000923
2024-11-15,Enterprise,North America,Starter Plan,Andes Group,Online,577,262.56,16664.68,134832.44,86292.76,48539.68,18876.54,5393.3,24269.84,24269.84,ORD-2024-000924
2024-11-09,Mid-Market,Middle East,Forecast Pro,Helios AG,Partner,47,282.45,1062.01,12213.14,7816.41,4396.73,1099.18,244.26,1343.44,3053.29,ORD-2024-000925
2024-11-28,SMB,Europe,Data Sync,Beta GmbH,In-Store,291,117.66,3423.91,30815.15,18489.09,12326.06,2773.36,616.3,3389.66,8936.4,ORD-2024-000926
2024-11-05,Mid-Market,North America,Integration Pack,Acme Corp,Direct,482,192.97,6510.81,86500.73,54495.46,32005.27,13840.12,5190.04,19030.16,12975.11,ORD-2024-000927
2024-11-18,SMB,North America,Integration Pack,Acme Corp,Direct,450,106.37,4786.65,43079.85,26278.71,16801.14,4307.98,2153.99,6461.97,10339.17,ORD-2024-000928
2024-11-01,Mid-Market,Europe,Integration Pack,Atlas BV,Online,574,268.98,15439.45,138955.07,88931.24,50023.83,13895.51,6947.75,20843.26,29180.57,ORD-2024-000929
2024-11-10,Mid-Market,Europe,Data Sync,Maple LLC,In-Store,285,241.77,3445.22,65459.23,39275.54,26183.69,6545.92,2618.37,9164.29,17019.4,ORD-2024-000930
2024-11-23,Mid-Market,APAC,Integration Pack,Nova Retail,In-Store,203,242.44,3937.23,45278.09,27619.63,17658.46,5433.37,2716.69,8150.06,9508.4,ORD-2024-000931
2024-11-24,SMB,Europe,Forecast Pro,Maple LLC,Partner,299,154.4,2769.94,43395.66,27339.27,16056.39,6943.31,2169.78,9113.09,6943.3,ORD-2024-000932
2024-11-11,Mid-Market,APAC,Forecast Pro,Atlas BV,Partner,588,183.66,3239.76,104752.32,62851.39,41900.93,12570.28,4190.09,16760.37,25140.56,ORD-2024-000933
2024-11-22,Enterprise,Europe,Starter Plan,Andes Group,Online,368,471.39,17347.15,156124.37,95235.87,60888.5,14051.19,10928.71,24979.9,35908.6,ORD-2024-000934
2024-11-01,Enterprise,Latin America,Analytics Suite,Atlas BV,Direct,460,483.98,11131.54,211499.26,105749.63,105749.63,25379.91,12689.96,38069.87,67679.76,ORD-2024-000935
2024-11-19,Mid-Market,Latin America,Integration Pack,Acme Corp,Direct,484,308.74,8965.81,140464.35,89897.18,50567.17,14046.44,4213.93,18260.37,32306.8,ORD-2024-000936
2024-11-09,Mid-Market,North America,Starter Plan,Zenith Co,Partner,151,179.59,1627.09,25491,15549.51,9941.49,4078.56,1784.37,5862.93,4078.56,ORD-2024-000937
2024-11-28,SMB,Latin America,Starter Plan,Nova Retail,Online,495,119.82,593.11,58717.79,35817.85,22899.94,6458.96,1174.36,7633.32,15266.62,ORD-2024-000938
2024-11-28,SMB,North America,Starter Plan,Acme Corp,Partner,346,115.81,3205.62,36864.64,22487.43,14377.21,4055.11,1105.94,5161.05,9216.16,ORD-2024-000939
2024-11-20,Enterprise,APAC,Analytics Suite,Helios AG,In-Store,68,304.27,2896.65,17793.71,9074.79,8718.92,1601.43,533.81,2135.24,6583.68,ORD-2024-000940
2024-12-11,Mid-Market,North America,Data Sync,Andes Group,In-Store,251,170.1,1280.85,41414.25,24848.55,16565.7,5383.85,2484.86,7868.71,8696.99,ORD-2024-000941
2024-12-21,SMB,Latin America,Starter Plan,Maple LLC,Online,164,150.02,1722.23,22881.05,13728.63,9152.42,2288.11,1372.86,3660.97,5491.45,ORD-2024-000942
2024-12-05,Enterprise,Middle East,Analytics Suite,Nova Retail,Online,112,274.05,3376.3,27317.3,13658.65,13658.65,4097.59,1639.04,5736.63,7922.02,ORD-2024-000943
2024-12-22,Enterprise,North America,Integration Pack,Zenith Co,Partner,197,514.04,4050.64,97215.24,62217.75,34997.49,10693.68,4860.76,15554.44,19443.05,ORD-2024-000944
2024-12-20,SMB,APAC,Integration Pack,Atlas BV,In-Store,581,113.04,3940.57,61735.67,37658.76,24076.91,9260.35,3086.78,12347.13,11729.78,ORD-2024-000945
2024-12-07,Enterprise,Latin America,Analytics Suite,Maple LLC,Direct,454,294.45,18715.24,114965.06,58632.18,56332.88,16095.11,3448.95,19544.06,36788.82,ORD-2024-000946
2024-12-07,Mid-Market,Latin America,Integration Pack,Nova Retail,Partner,495,171.03,7619.39,77040.46,48535.49,28504.97,8474.45,3852.02,12326.47,16178.5,ORD-2024-000947
2024-12-16,Enterprise,Latin America,Starter Plan,Orion Inc,Direct,299,324.31,9696.87,87271.82,54981.25,32290.57,11345.34,6109.03,17454.37,14836.2,ORD-2024-000948
2024-12-21,Enterprise,Europe,Data Sync,Orion Inc,Direct,535,477.05,17865.52,237356.23,132919.49,104436.74,26109.19,9494.25,35603.44,68833.3,ORD-2024-000949
2024-12-06,SMB,APAC,Integration Pack,Beta GmbH,In-Store,413,97.83,2424.23,37979.56,23167.53,14812.03,5317.14,2658.57,7975.71,6836.32,ORD-2024-000950
2024-12-16,SMB,Europe,Forecast Pro,Acme Corp,In-Store,418,124.1,3112.43,48761.37,31207.28,17554.09,7801.82,2925.68,10727.5,6826.59,ORD-2024-000951
2024-12-09,Mid-Market,Middle East,Starter Plan,Nova Retail,Direct,225,212.61,1913.49,45923.76,28013.49,17910.27,7347.8,3214.66,10562.46,7347.81,ORD-2024-000952
2024-12-01,Enterprise,APAC,Analytics Suite,Nova Retail,Partner,518,386.68,14021.02,186279.22,100590.78,85688.44,14902.34,11176.75,26079.09,59609.35,ORD-2024-000953
2024-12-25,SMB,Latin America,Analytics Suite,Orion Inc,In-Store,489,118.96,2908.57,55262.87,29841.95,25420.92,5526.29,1105.26,6631.55,18789.37,ORD-2024-000954
2024-12-12,SMB,Latin America,Data Sync,Zenith Co,Direct,350,122.8,3438.4,39541.6,22934.13,16607.47,6326.66,1186.25,7512.91,9094.56,ORD-2024-000955
2024-12-09,Mid-Market,Europe,Data Sync,Orion Inc,In-Store,109,210.11,1603.14,21298.85,12779.31,8519.54,3407.82,851.95,4259.77,4259.77,ORD-2024-000956
2024-12-20,SMB,North America,Data Sync,Nova Retail,Partner,356,92.41,1973.88,30924.08,17626.73,13297.35,3401.65,618.48,4020.13,9277.22,ORD-2024-000957
2024-12-19,Mid-Market,Europe,Forecast Pro,Orion Inc,In-Store,427,248.98,2126.29,104188.17,65638.55,38549.62,8335.05,5209.41,13544.46,25005.16,ORD-2024-000958
2024-12-09,Enterprise,North America,Starter Plan,Helios AG,Direct,337,313.98,3174.34,102636.92,61582.15,41054.77,9237.32,3079.11,12316.43,28738.34,ORD-2024-000959
2024-12-03,Enterprise,Europe,Forecast Pro,Atlas BV,In-Store,594,477.55,28366.47,255298.23,163390.87,91907.36,38294.73,15317.89,53612.62,38294.74,ORD-2024-000960
2025-01-04,Mid-Market,North America,Analytics Suite,Zenith Co,Direct,370,239.88,7988,80767.6,43614.5,37153.1,8884.44,3230.7,12115.14,25037.96,ORD-2025-000961
2025-01-26,Enterprise,Europe,Analytics Suite,Sakura Ltd,Online,385,457.59,7046.89,169125.26,91327.64,77797.62,27060.04,5073.76,32133.8,45663.82,ORD-2025-000962
2025-01-20,SMB,North America,Analytics Suite,Acme Corp,Online,231,96.56,892.21,21413.15,11134.84,10278.31,2783.71,1498.92,4282.63,5995.68,ORD-2025-000963
2025-01-18,Mid-Market,APAC,Starter Plan,Sakura Ltd,Partner,538,259.8,1397.72,138374.68,85792.3,52582.38,16604.96,2767.49,19372.45,33209.93,ORD-2025-000964
2025-01-10,Enterprise,Europe,Integration Pack,Orion Inc,Online,60,285.5,2226.9,14903.1,9388.95,5514.15,1788.37,447.09,2235.46,3278.69,ORD-2025-000965
2025-01-21,SMB,APAC,Starter Plan,Beta GmbH,Direct,427,121.87,5724.23,46314.26,28714.84,17599.42,4168.28,2315.71,6483.99,11115.43,ORD-2025-000966
2025-01-07,Enterprise,Latin America,Data Sync,Nova Retail,Direct,203,305.21,2478.31,59479.32,33903.21,25576.11,7732.31,4163.55,11895.86,13680.25,ORD-2025-000967
2025-01-03,Enterprise,Middle East,Forecast Pro,Beta GmbH,Online,207,481.77,7978.11,91748.28,55966.45,35781.83,11927.28,1834.97,13762.25,22019.58,ORD-2025-000968
2025-01-14,SMB,APAC,Starter Plan,Sakura Ltd,Direct,520,104.52,5435.04,48915.36,30327.52,18587.84,7826.46,3424.08,11250.54,7337.3,ORD-2025-000969
2025-01-05,Enterprise,Middle East,Data Sync,Sakura Ltd,Online,237,287.79,8184.75,60021.48,34812.46,25209.02,5401.93,2400.86,7802.79,17406.23,ORD-2025-000970
2025-01-20,Enterprise,APAC,Starter Plan,Zenith Co,In-Store,458,445.95,10212.26,194032.84,124181.02,69851.82,21343.61,3880.66,25224.27,44627.55,ORD-2025-000971
2025-01-17,Mid-Market,Europe,Forecast Pro,Zenith Co,In-Store,285,262.01,8214.01,66458.84,41869.07,24589.77,5981.3,3987.53,9968.83,14620.94,ORD-2025-000972
2025-01-08,Enterprise,Middle East,Integration Pack,Acme Corp,Online,206,270.4,4456.19,51246.21,31772.65,19473.56,4612.16,2049.85,6662.01,12811.55,ORD-2025-000973
2025-01-15,SMB,North America,Forecast Pro,Andes Group,In-Store,137,102.64,1406.17,12655.51,7719.86,4935.65,2024.88,506.22,2531.1,2404.55,ORD-2025-000974
2025-01-02,SMB,APAC,Forecast Pro,Orion Inc,In-Store,492,96.02,1889.67,45352.17,28118.35,17233.82,6349.3,907.04,7256.34,9977.48,ORD-2025-000975
2025-01-27,SMB,Middle East,Data Sync,Beta GmbH,In-Store,386,127.6,3447.75,45805.85,26567.39,19238.46,3664.47,3206.41,6870.88,12367.58,ORD-2025-000976
2025-01-15,Mid-Market,APAC,Integration Pack,Atlas BV,In-Store,86,305.02,1049.27,25182.45,15109.47,10072.98,2014.6,755.47,2770.07,7302.91,ORD-2025-000977
2025-01-06,Enterprise,Middle East,Analytics Suite,Acme Corp,Partner,316,267.93,4233.29,80432.59,41824.95,38607.64,8043.26,3217.3,11260.56,27347.08,ORD-2025-000978
2025-01-15,Enterprise,Latin America,Data Sync,Sakura Ltd,Partner,496,433.38,10747.82,204208.66,114356.85,89851.81,26547.13,10210.43,36757.56,53094.25,ORD-2025-000979
2025-01-05,SMB,Middle East,Starter Plan,Acme Corp,Partner,600,159.86,4795.8,91120.2,58316.93,32803.27,10934.42,2733.61,13668.03,19135.24,ORD-2025-000980
2025-02-13,Enterprise,North America,Forecast Pro,Helios AG,In-Store,526,382.86,8055.37,193328.99,119863.97,73465.02,19332.9,9666.45,28999.35,44465.67,ORD-2025-000981
2025-02-24,SMB,Latin America,Integration Pack,Sakura Ltd,In-Store,173,156.21,810.73,26213.6,16776.7,9436.9,2359.22,1834.95,4194.17,5242.73,ORD-2025-000982
2025-02-13,Mid-Market,Europe,Integration Pack,Orion Inc,Online,524,172.13,3607.84,86588.28,51952.97,34635.31,12122.36,4329.41,16451.77,18183.54,ORD-2025-000983
2025-02-02,Mid-Market,Europe,Analytics Suite,Orion Inc,Partner,266,269.26,7878.55,63744.61,33147.2,30597.41,6374.46,1912.34,8286.8,22310.61,ORD-2025-000984
2025-02-02,Mid-Market,APAC,Forecast Pro,Helios AG,Direct,443,283.41,3766.52,121784.11,75506.15,46277.96,12178.41,6089.21,18267.62,28010.34,ORD-2025-000985
2025-02-18,SMB,Europe,Data Sync,Beta GmbH,Partner,219,145.74,1595.85,30321.21,17889.51,12431.7,3638.55,1212.85,4851.4,7580.3,ORD-2025-000986
2025-02-04,SMB,Europe,Starter Plan,Zenith Co,Direct,170,117.67,1600.31,18403.59,11226.19,7177.4,1472.29,1288.25,2760.54,4416.86,ORD-2025-000987
2025-02-01,Enterprise,Europe,Analytics Suite,Maple LLC,Online,361,421.39,16733.4,135388.39,69048.08,66340.31,13538.84,9477.19,23016.03,43324.28,ORD-2025-000988
2025-02-12,Enterprise,Europe,Data Sync,Helios AG,Partner,418,272.37,3415.52,110435.14,66261.08,44174.06,16565.27,7730.46,24295.73,19878.33,ORD-2025-000989
2025-02-18,Enterprise,Europe,Starter Plan,Acme Corp,In-Store,111,291.81,4210.82,28180.09,17753.46,10426.63,3945.21,1690.81,5636.02,4790.61,ORD-2025-000990
2025-02-27,SMB,Middle East,Data Sync,Helios AG,In-Store,575,112.24,3872.28,60665.72,35792.77,24872.95,7279.89,1213.31,8493.2,16379.75,ORD-2025-000991
2025-02-03,Enterprise,Europe,Forecast Pro,Zenith Co,In-Store,370,357.03,10568.09,121533.01,75350.47,46182.54,10937.97,2430.66,13368.63,32813.91,ORD-2025-000992
2025-02-01,SMB,Europe,Data Sync,Atlas BV,Online,112,149.01,1001.35,15687.77,9255.78,6431.99,2196.29,941.27,3137.56,3294.43,ORD-2025-000993
2025-02-17,Enterprise,APAC,Analytics Suite,Zenith Co,Direct,533,471.29,15071.85,236125.72,125146.63,110979.09,28335.09,14167.54,42502.63,68476.46,ORD-2025-000994
2025-02-06,Enterprise,North America,Integration Pack,Sakura Ltd,In-Store,240,435.19,8355.65,96089.95,58614.87,37475.08,11530.79,2882.7,14413.49,23061.59,ORD-2025-000995
2025-02-15,Enterprise,Latin America,Data Sync,Andes Group,Online,177,422.86,3742.31,71103.91,41240.27,29863.64,5688.31,2133.12,7821.43,22042.21,ORD-2025-000996
2025-02-03,Mid-Market,APAC,Analytics Suite,Nova Retail,Partner,427,174.83,3732.62,70919.79,35459.89,35459.9,7091.98,1418.4,8510.38,26949.52,ORD-2025-000997
2025-02-25,Enterprise,Middle East,Integration Pack,Orion Inc,In-Store,355,295.48,3146.86,101748.54,63084.09,38664.45,8139.88,2034.97,10174.85,28489.6,ORD-2025-000998
2025-02-27,Mid-Market,Middle East,Starter Plan,Helios AG,Online,420,288.49,9693.26,111472.54,69112.97,42359.57,10032.53,7803.08,17835.61,24523.96,ORD-2025-000999
2025-02-19,Mid-Market,North America,Forecast Pro,Andes Group,Partner,80,233.65,1682.28,17009.72,10546.03,6463.69,2551.46,850.49,3401.95,3061.74,ORD-2025-001000
2025-03-26,Enterprise,Latin America,Forecast Pro,Andes Group,Direct,417,491.87,16408.78,188701.01,113220.61,75480.4,24531.13,7548.04,32079.17,43401.23,ORD-2025-001001
2025-03-02,Enterprise,Europe,Integration Pack,Andes Group,Online,287,351.53,8071.13,92817.98,57547.15,35270.83,10209.98,6497.26,16707.24,18563.59,ORD-2025-001002
2025-03-08,SMB,North America,Forecast Pro,Beta GmbH,Online,551,141.97,5475.78,72749.69,43649.81,29099.88,6547.47,2909.99,9457.46,19642.42,ORD-2025-001003
2025-03-13,Mid-Market,Latin America,Starter Plan,Helios AG,Online,382,307.27,3521.31,113855.83,70590.61,43265.22,10247.02,6831.35,17078.37,26186.85,ORD-2025-001004
2025-03-28,Enterprise,Middle East,Starter Plan,Beta GmbH,Direct,545,311.13,20347.9,149217.95,94007.31,55210.64,16413.97,10445.26,26859.23,28351.41,ORD-2025-001005
2025-03-08,Mid-Market,Latin America,Analytics Suite,Acme Corp,Partner,551,192.59,9550.54,96566.55,48283.28,48283.27,11587.99,5793.99,17381.98,30901.29,ORD-2025-001006
2025-03-22,Enterprise,North America,Forecast Pro,Helios AG,Online,496,462.54,13765.19,215654.65,138018.98,77635.67,23722.01,10782.73,34504.74,43130.93,ORD-2025-001007
2025-03-20,Enterprise,APAC,Integration Pack,Helios AG,Partner,170,513.63,9604.88,77712.22,48958.7,28753.52,8548.34,2331.37,10879.71,17873.81,ORD-2025-001008
2025-03-23,Mid-Market,Latin America,Starter Plan,Andes Group,In-Store,555,231.74,12861.57,115754.13,71767.56,43986.57,11575.41,2315.08,13890.49,30096.08,ORD-2025-001009
2025-03-03,SMB,Europe,Forecast Pro,Helios AG,Direct,321,148.74,4774.55,42970.99,26642.01,16328.98,5156.52,3007.97,8164.49,8164.49,ORD-2025-001010
2025-03-27,Mid-Market,Latin America,Forecast Pro,Orion Inc,Direct,370,307.23,1136.75,112538.35,67523.01,45015.34,11253.84,7877.68,19131.52,25883.82,ORD-2025-001011
2025-03-11,SMB,Latin America,Forecast Pro,Zenith Co,In-Store,495,145.51,7923.02,64104.43,41026.84,23077.59,5128.35,1923.13,7051.48,16026.11,ORD-2025-001012
2025-03-18,Enterprise,Europe,Starter Plan,Andes Group,Online,320,442.85,17005.44,124706.56,77318.07,47388.49,18705.98,3741.2,22447.18,24941.31,ORD-2025-001013
2025-03-03,Mid-Market,APAC,Integration Pack,Acme Corp,Partner,596,235.05,8405.39,131684.41,80327.49,51356.92,15802.13,7901.06,23703.19,27653.73,ORD-2025-001014
2025-03-22,SMB,Europe,Data Sync,Atlas BV,Online,278,104.73,2620.34,26494.6,15631.81,10862.79,2649.46,1854.62,4504.08,6358.71,ORD-2025-001015
2025-03-09,SMB,APAC,Starter Plan,Maple LLC,In-Store,209,103.81,2169.63,19526.66,12497.06,7029.6,2343.2,585.8,2929,4100.6,ORD-2025-001016
2025-03-08,Mid-Market,Latin America,Data Sync,Beta GmbH,In-Store,528,302.64,15979.39,143814.53,83412.43,60402.1,23010.32,10067.02,33077.34,27324.76,ORD-2025-001017
2025-03-12,Enterprise,Latin America,Forecast Pro,Helios AG,In-Store,305,342.91,7321.13,97266.42,62250.51,35015.91,15562.63,5835.99,21398.62,13617.29,ORD-2025-001018
2025-03-01,SMB,Europe,Analytics Suite,Maple LLC,Online,415,91,1510.6,36254.4,19214.83,17039.57,3987.98,1812.72,5800.7,11238.87,ORD-2025-001019
2025-03-21,Mid-Market,Europe,Analytics Suite,Helios AG,Direct,414,291.57,2414.2,118295.78,60330.85,57964.93,17744.37,5914.79,23659.16,34305.77,ORD-2025-001020
2025-04-11,Mid-Market,Europe,Integration Pack,Nova Retail,In-Store,46,226.97,313.22,10127.4,6076.44,4050.96,1519.11,506.37,2025.48,2025.48,ORD-2025-001021
2025-04-20,Mid-Market,Europe,Data Sync,Sakura Ltd,In-Store,225,302.57,1361.57,66716.68,37361.34,29355.34,10674.67,4670.17,15344.84,14010.5,ORD-2025-001022
2025-04-17,Mid-Market,Middle East,Starter Plan,Orion Inc,Partner,572,273.08,6248.07,149953.69,94470.82,55482.87,13495.83,8997.22,22493.05,32989.82,ORD-2025-001023
2025-04-14,SMB,North America,Forecast Pro,Nova Retail,Partner,252,157.77,397.58,39360.46,23616.28,15744.18,6297.67,2361.63,8659.3,7084.88,ORD-2025-001024
2025-04-26,Enterprise,APAC,Data Sync,Zenith Co,Partner,370,417.95,17010.56,137630.94,82578.56,55052.38,19268.33,9634.17,28902.5,26149.88,ORD-2025-001025
2025-04-10,Enterprise,Latin America,Starter Plan,Maple LLC,Online,98,415.88,5705.87,35050.37,21731.23,13319.14,4206.04,2103.02,6309.06,7010.08,ORD-2025-001026
2025-04-08,Enterprise,Latin America,Starter Plan,Andes Group,In-Store,444,488.39,23852.97,192992.19,117725.24,75266.95,15439.38,11579.53,27018.91,48248.04,ORD-2025-001027
2025-04-21,SMB,Middle East,Integration Pack,Nova Retail,In-Store,343,152.66,3141.74,49220.64,30024.59,19196.05,5414.27,1476.62,6890.89,12305.16,ORD-2025-001028
2025-04-24,Enterprise,Latin America,Data Sync,Sakura Ltd,Partner,259,517.03,9373.75,124537.02,72231.47,52305.55,13699.07,7472.22,21171.29,31134.26,ORD-2025-001029
2025-04-24,Enterprise,Middle East,Analytics Suite,Zenith Co,Partner,464,281,15646.08,114737.92,57368.96,57368.96,18358.07,5736.9,24094.97,33273.99,ORD-2025-001030
2025-04-02,Mid-Market,Europe,Integration Pack,Maple LLC,Online,173,294.94,2040.98,48983.64,31349.53,17634.11,7347.55,1959.35,9306.9,8327.21,ORD-2025-001031
2025-04-16,Enterprise,Latin America,Analytics Suite,Orion Inc,Partner,187,261.47,2444.74,46450.15,24618.58,21831.57,6038.52,1393.5,7432.02,14399.55,ORD-2025-001032
2025-04-10,Mid-Market,Europe,Integration Pack,Maple LLC,Partner,142,194.31,1103.68,26488.34,16422.77,10065.57,4238.13,1324.42,5562.55,4503.02,ORD-2025-001033
2025-04-09,SMB,North America,Analytics Suite,Orion Inc,In-Store,402,139.79,4495.65,51699.93,25849.97,25849.96,7237.99,1034,8271.99,17577.97,ORD-2025-001034
2025-04-22,SMB,Latin America,Forecast Pro,Andes Group,Partner,367,131.61,2415.04,45885.83,28908.07,16977.76,6882.87,3212.01,10094.88,6882.88,ORD-2025-001035
2025-04-07,Enterprise,Middle East,Analytics Suite,Sakura Ltd,Online,194,448.44,2609.92,84387.44,43037.59,41349.85,6751,3375.5,10126.5,31223.35,ORD-2025-001036
2025-04-20,Mid-Market,Europe,Analytics Suite,Zenith Co,Online,539,221.21,8346.25,110885.94,55442.97,55442.97,9979.73,3326.58,13306.31,42136.66,ORD-2025-001037
2025-04-28,Mid-Market,North America,Analytics Suite,Andes Group,Direct,357,241.54,7760.68,78469.1,41588.62,36880.48,7062.22,1569.38,8631.6,28248.88,ORD-2025-001038
2025-04-07,Enterprise,Europe,Starter Plan,Orion Inc,In-Store,261,270.55,6355.22,64258.33,39197.58,25060.75,9638.75,3212.92,12851.67,12209.08,ORD-2025-001039
2025-04-22,Enterprise,North America,Data Sync,Helios AG,Direct,401,510.46,20469.45,184225.01,103166.01,81059,27633.75,11053.5,38687.25,42371.75,ORD-2025-001040
2025-05-27,SMB,APAC,Starter Plan,Andes Group,Online,254,124.27,2209.52,29355.06,18200.14,11154.92,3816.16,1174.2,4990.36,6164.56,ORD-2025-001041
2025-05-25,Mid-Market,North America,Starter Plan,Maple LLC,Partner,450,170.51,2301.88,74427.62,46145.12,28282.5,11164.14,4465.66,15629.8,12652.7,ORD-2025-001042
2025-05-01,Mid-Market,Middle East,Forecast Pro,Beta GmbH,In-Store,338,270.47,1828.38,89590.48,53754.29,35836.19,9854.95,3583.62,13438.57,22397.62,ORD-2025-001043
2025-05-22,Enterprise,North America,Data Sync,Atlas BV,Direct,431,456.73,11811.04,185039.59,103622.17,81417.42,27755.94,5551.19,33307.13,48110.29,ORD-2025-001044
2025-05-18,Enterprise,APAC,Analytics Suite,Acme Corp,Partner,186,518.86,3860.32,92647.64,47250.3,45397.34,11117.72,3705.91,14823.63,30573.71,ORD-2025-001045
2025-05-22,Enterprise,APAC,Integration Pack,Beta GmbH,Online,48,487.39,2573.42,20821.3,13117.42,7703.88,3123.2,416.43,3539.63,4164.25,ORD-2025-001046
2025-05-24,Mid-Market,APAC,Data Sync,Beta GmbH,In-Store,314,190.41,597.89,59190.85,33738.78,25452.07,8286.72,4143.36,12430.08,13021.99,ORD-2025-001047
2025-05-17,Enterprise,Latin America,Forecast Pro,Andes Group,Partner,355,333.46,5918.92,112459.38,68600.22,43859.16,16868.91,6747.56,23616.47,20242.69,ORD-2025-001048
2025-05-05,Enterprise,APAC,Forecast Pro,Orion Inc,In-Store,205,311.85,3196.46,60732.79,37654.33,23078.46,9109.92,4251.3,13361.22,9717.24,ORD-2025-001049
2025-05-01,Mid-Market,North America,Forecast Pro,Orion Inc,In-Store,208,304.42,1899.58,61419.78,39308.66,22111.12,9212.97,4299.38,13512.35,8598.77,ORD-2025-001050
2025-05-26,Enterprise,Middle East,Starter Plan,Orion Inc,Partner,150,442.54,3319.05,63061.95,39098.41,23963.54,5044.96,3783.72,8828.68,15134.86,ORD-2025-001051
2025-05-27,Mid-Market,North America,Integration Pack,Sakura Ltd,Online,394,260.13,3074.74,99416.48,63626.55,35789.93,12924.14,3976.66,16900.8,18889.13,ORD-2025-001052
2025-05-21,Enterprise,Latin America,Starter Plan,Andes Group,In-Store,535,314,11759.3,156230.7,98425.34,57805.36,18747.68,4686.92,23434.6,34370.76,ORD-2025-001053
2025-05-06,Enterprise,Latin America,Integration Pack,Beta GmbH,Partner,145,374.64,7605.19,46717.61,29899.27,16818.34,4671.76,3270.23,7941.99,8876.35,ORD-2025-001054
2025-05-26,Enterprise,Middle East,Analytics Suite,Maple LLC,Partner,467,503.6,9407.25,225773.95,119660.19,106113.76,36123.83,15804.18,51928.01,54185.75,ORD-2025-001055
2025-05-11,Enterprise,Middle East,Data Sync,Atlas BV,Partner,394,418.03,23058.53,141645.29,80737.82,60907.47,15580.98,5665.81,21246.79,39660.68,ORD-2025-001056
2025-05-28,Mid-Market,APAC,Forecast Pro,Andes Group,Online,133,279.19,1856.61,35275.66,22576.42,12699.24,4938.59,705.51,5644.1,7055.14,ORD-2025-001057
2025-05-12,SMB,Europe,Forecast Pro,Beta GmbH,Online,294,158.61,2797.88,43833.46,27615.08,16218.38,5698.35,3068.34,8766.69,7451.69,ORD-2025-001058
2025-05-14,Mid-Market,Middle East,Starter Plan,Maple LLC,Online,114,214.44,1711.23,22734.93,14550.36,8184.57,3637.59,1364.1,5001.69,3182.88,ORD-2025-001059
2025-05-22,Mid-Market,Latin America,Integration Pack,Helios AG,In-Store,404,198.64,2407.52,77843.04,49041.12,28801.92,6227.44,5449.01,11676.45,17125.47,ORD-2025-001060
2025-06-14,Mid-Market,APAC,Analytics Suite,Andes Group,Online,463,290.1,13431.63,120884.67,60442.34,60442.33,13297.31,6044.23,19341.54,41100.79,ORD-2025-001061
2025-06-17,SMB,APAC,Integration Pack,Sakura Ltd,Direct,89,98.17,611.6,8125.53,5119.08,3006.45,1056.32,325.02,1381.34,1625.11,ORD-2025-001062
2025-06-17,Enterprise,APAC,Starter Plan,Orion Inc,Direct,434,313.06,16304.16,119563.88,74129.61,45434.27,14347.67,7173.83,21521.5,23912.77,ORD-2025-001063
2025-06-16,Mid-Market,Europe,Starter Plan,Nova Retail,In-Store,100,307.73,3077.3,27695.7,17448.29,10247.41,2492.61,1384.79,3877.4,6370.01,ORD-2025-001064
2025-06-14,Mid-Market,Middle East,Integration Pack,Zenith Co,Direct,575,231.54,5325.42,127810.08,76686.05,51124.03,20449.61,8946.71,29396.32,21727.71,ORD-2025-001065
2025-06-18,Mid-Market,APAC,Starter Plan,Atlas BV,Direct,520,262.78,4099.37,132546.23,84829.59,47716.64,15905.55,7952.77,23858.32,23858.32,ORD-2025-001066
2025-06-06,SMB,APAC,Analytics Suite,Maple LLC,Partner,583,99.31,4052.84,53844.89,27999.34,25845.55,6461.39,2692.24,9153.63,16691.92,ORD-2025-001067
2025-06-22,SMB,APAC,Data Sync,Beta GmbH,Direct,242,151.02,3289.22,33257.62,19289.42,13968.2,2993.19,1995.46,4988.65,8979.55,ORD-2025-001068
2025-06-15,Mid-Market,Middle East,Analytics Suite,Nova Retail,Direct,362,257.1,6514.91,86555.29,45874.3,40680.99,10386.63,4327.76,14714.39,25966.6,ORD-2025-001069
2025-06-20,Enterprise,Middle East,Analytics Suite,Beta GmbH,Direct,113,299.43,1015.07,32820.52,16738.47,16082.05,3938.46,1312.82,5251.28,10830.77,ORD-2025-001070
2025-06-18,SMB,Middle East,Integration Pack,Atlas BV,Partner,189,134.58,508.71,24926.91,15703.95,9222.96,2243.42,1246.35,3489.77,5733.19,ORD-2025-001071
2025-06-03,Enterprise,Middle East,Forecast Pro,Atlas BV,Partner,67,392.88,3158.76,23164.2,14361.8,8802.4,2084.78,1158.21,3242.99,5559.41,ORD-2025-001072
2025-06-17,SMB,Latin America,Forecast Pro,Maple LLC,Online,517,137.62,3557.48,67592.06,40555.24,27036.82,10138.81,3379.6,13518.41,13518.41,ORD-2025-001073
2025-06-14,SMB,Latin America,Analytics Suite,Zenith Co,Online,162,153.3,1986.77,22847.83,12109.35,10738.48,2284.78,456.96,2741.74,7996.74,ORD-2025-001074
2025-06-25,Mid-Market,Middle East,Data Sync,Orion Inc,Partner,512,305.66,10954.85,145543.07,85870.41,59672.66,16009.74,7277.15,23286.89,36385.77,ORD-2025-001075
2025-06-13,Mid-Market,Middle East,Starter Plan,Zenith Co,Direct,174,295.08,2567.2,48776.72,30241.57,18535.15,7804.28,1463.3,9267.58,9267.57,ORD-2025-001076
2025-06-14,SMB,North America,Starter Plan,Atlas BV,In-Store,346,115.77,1602.26,38454.16,23457.04,14997.12,5383.58,1153.62,6537.2,8459.92,ORD-2025-001077
2025-06-26,SMB,Europe,Data Sync,Sakura Ltd,Direct,556,116.55,4536.13,60265.67,34351.43,25914.24,8437.19,3013.28,11450.47,14463.77,ORD-2025-001078
2025-06-23,Mid-Market,Latin America,Analytics Suite,Nova Retail,Partner,104,170.64,1419.72,16326.84,8489.96,7836.88,1795.95,653.07,2449.02,5387.86,ORD-2025-001079
2025-06-28,Enterprise,North America,Data Sync,Helios AG,Partner,480,459.53,8822.98,211751.42,120698.31,91053.11,23292.66,4235.03,27527.69,63525.42,ORD-2025-001080
2025-07-21,Enterprise,APAC,Data Sync,Sakura Ltd,Partner,83,280.16,2325.33,20927.95,12556.77,8371.18,2092.8,1046.4,3139.2,5231.98,ORD-2025-001081
2025-07-05,SMB,Middle East,Analytics Suite,Orion Inc,In-Store,405,100.31,812.51,39813.04,21499.04,18314,3981.3,1194.39,5175.69,13138.31,ORD-2025-001082
2025-07-01,Mid-Market,Europe,Data Sync,Andes Group,Direct,81,216.39,1928.03,15599.56,9047.74,6551.82,1247.96,935.97,2183.93,4367.89,ORD-2025-001083
2025-07-23,SMB,Latin America,Forecast Pro,Nova Retail,Online,272,125,1360,32640,19910.4,12729.6,4569.6,1305.6,5875.2,6854.4,ORD-2025-001084
2025-07-13,SMB,North America,Data Sync,Sakura Ltd,In-Store,328,143.36,2351.1,44670.98,25462.46,19208.52,6253.94,3126.97,9380.91,9827.61,ORD-2025-001085
2025-07-06,Mid-Market,Europe,Integration Pack,Helios AG,Online,318,223.99,2136.86,69091.96,43527.93,25564.03,7600.12,2763.68,10363.8,15200.23,ORD-2025-001086
2025-07-06,Enterprise,APAC,Analytics Suite,Helios AG,Direct,95,409.71,3503.02,35419.43,19126.49,16292.94,5667.11,2479.36,8146.47,8146.47,ORD-2025-001087
2025-07-23,SMB,Europe,Data Sync,Maple LLC,In-Store,442,144.19,3186.6,60545.38,33905.41,26639.97,6659.99,2421.82,9081.81,17558.16,ORD-2025-001088
2025-07-21,Mid-Market,North America,Starter Plan,Atlas BV,Online,492,213.16,8389.98,96484.74,57890.84,38593.9,8683.63,5789.08,14472.71,24121.19,ORD-2025-001089
2025-07-08,Enterprise,APAC,Analytics Suite,Atlas BV,In-Store,358,440.21,9455.71,148139.47,79995.31,68144.16,19258.13,2962.79,22220.92,45923.24,ORD-2025-001090
2025-07-24,Mid-Market,Middle East,Forecast Pro,Maple LLC,Online,279,205.05,1716.27,55492.68,33850.53,21642.15,7214.05,3329.56,10543.61,11098.54,ORD-2025-001091
2025-07-19,Mid-Market,Middle East,Data Sync,Sakura Ltd,In-Store,595,265.49,12637.32,145329.23,82837.66,62491.57,20346.09,10173.05,30519.14,31972.43,ORD-2025-001092
2025-07-19,SMB,Middle East,Forecast Pro,Beta GmbH,Online,90,149.56,403.81,13056.59,7833.95,5222.64,1044.53,913.96,1958.49,3264.15,ORD-2025-001093
2025-07-10,SMB,Middle East,Starter Plan,Andes Group,In-Store,185,115.27,1492.75,19832.2,12494.29,7337.91,1586.58,793.29,2379.87,4958.04,ORD-2025-001094
2025-07-18,SMB,Middle East,Forecast Pro,Nova Retail,In-Store,120,99.77,1197.24,10775.16,6896.1,3879.06,862.01,538.76,1400.77,2478.29,ORD-2025-001095
2025-07-25,SMB,Middle East,Data Sync,Orion Inc,In-Store,433,107.24,2321.75,44113.17,24703.38,19409.79,6616.98,2646.79,9263.77,10146.02,ORD-2025-001096
2025-07-10,Enterprise,North America,Data Sync,Acme Corp,Direct,190,373.46,4967.02,65990.38,39594.23,26396.15,10558.46,4619.33,15177.79,11218.36,ORD-2025-001097
2025-07-14,Enterprise,Latin America,Forecast Pro,Beta GmbH,In-Store,350,439.45,12304.6,141502.9,89146.83,52356.07,14150.29,8490.17,22640.46,29715.61,ORD-2025-001098
2025-07-24,Mid-Market,APAC,Integration Pack,Maple LLC,Partner,86,178.27,459.94,14871.28,9220.19,5651.09,1784.55,446.14,2230.69,3420.4,ORD-2025-001099
2025-07-17,Mid-Market,Middle East,Starter Plan,Orion Inc,Partner,367,210.58,5409.8,71873.06,43123.84,28749.22,5749.84,2874.92,8624.76,20124.46,ORD-2025-001100
2025-08-02,SMB,North America,Integration Pack,Beta GmbH,Online,82,129.89,745.57,9905.41,6141.35,3764.06,792.43,495.27,1287.7,2476.36,ORD-2025-001101
2025-08-13,SMB,APAC,Data Sync,Atlas BV,Direct,251,131.58,1321.06,31705.52,18072.15,13633.37,3170.55,2219.39,5389.94,8243.43,ORD-2025-001102
2025-08-20,Mid-Market,Latin America,Integration Pack,Orion Inc,In-Store,553,197.24,6544.42,102529.3,65618.75,36910.55,16404.69,7177.05,23581.74,13328.81,ORD-2025-001103
2025-08-23,SMB,North America,Integration Pack,Andes Group,Partner,147,154.14,679.76,21978.82,13626.87,8351.95,2417.67,659.36,3077.03,5274.92,ORD-2025-001104
2025-08-08,SMB,Latin America,Data Sync,Helios AG,Direct,489,132.16,5170.1,59456.14,33295.44,26160.7,7134.74,2972.81,10107.55,16053.15,ORD-2025-001105
2025-08-12,Mid-Market,North America,Analytics Suite,Andes Group,Partner,105,243.96,2049.26,23566.54,12490.27,11076.27,3063.65,1413.99,4477.64,6598.63,ORD-2025-001106
2025-08-19,Mid-Market,APAC,Starter Plan,Zenith Co,Direct,436,228.63,8971.44,90711.24,54426.74,36284.5,10885.35,1814.22,12699.57,23584.93,ORD-2025-001107
2025-08-16,Enterprise,Europe,Integration Pack,Beta GmbH,Partner,319,298.06,4754.06,90327.08,56002.79,34324.29,8129.44,6322.9,14452.34,19871.95,ORD-2025-001108
2025-08-07,SMB,APAC,Starter Plan,Nova Retail,Direct,77,151.97,936.14,10765.55,6889.95,3875.6,968.9,753.59,1722.49,2153.11,ORD-2025-001109
2025-08-17,Mid-Market,Europe,Data Sync,Sakura Ltd,Direct,384,202.61,8558.25,69243.99,40853.95,28390.04,10386.6,2077.32,12463.92,15926.12,ORD-2025-001110
2025-08-20,Mid-Market,North America,Starter Plan,Helios AG,Direct,521,193.49,2016.17,98792.12,62239.04,36553.08,9879.21,1975.84,11855.05,24698.03,ORD-2025-001111
2025-08-25,Enterprise,Middle East,Starter Plan,Beta GmbH,Direct,285,479.24,4097.5,132485.9,82141.26,50344.64,17223.17,5299.44,22522.61,27822.03,ORD-2025-001112
2025-08-09,Enterprise,APAC,Analytics Suite,Maple LLC,Online,78,275.6,1719.74,19777.06,9888.53,9888.53,2373.25,395.54,2768.79,7119.74,ORD-2025-001113
2025-08-26,SMB,Latin America,Starter Plan,Helios AG,In-Store,346,102.09,3179.08,32144.06,19607.88,12536.18,4500.17,964.32,5464.49,7071.69,ORD-2025-001114
2025-08-22,SMB,Europe,Integration Pack,Beta GmbH,Partner,193,149.16,3166.67,25621.21,15628.94,9992.27,3586.97,1537.27,5124.24,4868.03,ORD-2025-001115
2025-08-05,SMB,APAC,Data Sync,Helios AG,Direct,154,96.98,1344.14,13590.78,7882.65,5708.13,1766.8,679.54,2446.34,3261.79,ORD-2025-001116
2025-08-08,Enterprise,North America,Integration Pack,Atlas BV,In-Store,390,496.9,21317.01,172473.99,105209.13,67264.86,18972.14,6898.96,25871.1,41393.76,ORD-2025-001117
2025-08-28,Mid-Market,Europe,Data Sync,Acme Corp,Partner,165,293.94,4850.01,43650.09,26190.05,17460.04,3492.01,1746,5238.01,12222.03,ORD-2025-001118
2025-08-21,Mid-Market,North America,Analytics Suite,Beta GmbH,Partner,299,301.79,9925.87,80309.34,40154.67,40154.67,12046.4,5621.65,17668.05,22486.62,ORD-2025-001119
2025-08-18,Mid-Market,Europe,Integration Pack,Atlas BV,In-Store,85,231.96,2168.83,17547.77,10528.66,7019.11,2105.73,350.96,2456.69,4562.42,ORD-2025-001120
2025-09-21,Enterprise,Latin America,Analytics Suite,Acme Corp,Partner,286,496.6,14202.76,127824.84,67747.17,60077.67,15338.98,7669.49,23008.47,37069.2,ORD-2025-001121
2025-09-17,Mid-Market,Europe,Forecast Pro,Beta GmbH,Direct,248,184.95,5045.44,40822.16,24493.3,16328.86,6123.32,2041.11,8164.43,8164.43,ORD-2025-001122
2025-09-06,SMB,Middle East,Data Sync,Nova Retail,Direct,75,108.96,326.88,7845.12,4707.07,3138.05,941.41,313.8,1255.21,1882.84,ORD-2025-001123
2025-09-21,Mid-Market,Latin America,Data Sync,Andes Group,Partner,576,281.16,3238.96,158709.2,93638.43,65070.77,22219.29,9522.55,31741.84,33328.93,ORD-2025-001124
2025-09-03,Enterprise,Middle East,Forecast Pro,Beta GmbH,Online,175,414.31,8700.51,63803.74,40834.39,22969.35,10208.6,4466.26,14674.86,8294.49,ORD-2025-001125
2025-09-26,Enterprise,North America,Analytics Suite,Orion Inc,Partner,537,335.17,25198.08,154788.21,82037.75,72750.46,23218.23,9287.29,32505.52,40244.94,ORD-2025-001126
2025-09-20,Enterprise,Middle East,Data Sync,Acme Corp,In-Store,581,497.39,31788.19,257195.4,144029.42,113165.98,28291.49,12859.77,41151.26,72014.72,ORD-2025-001127
2025-09-13,SMB,North America,Data Sync,Orion Inc,Partner,226,93.39,2110.61,18995.53,11207.36,7788.17,2469.42,1329.69,3799.11,3989.06,ORD-2025-001128
2025-09-13,Mid-Market,Latin America,Data Sync,Nova Retail,In-Store,513,235.94,6051.86,114985.36,65541.66,49443.7,17247.8,8048.98,25296.78,24146.92,ORD-2025-001129
2025-09-17,Enterprise,APAC,Starter Plan,Beta GmbH,Partner,81,518.95,5044.19,36990.76,22194.46,14796.3,5548.61,2219.45,7768.06,7028.24,ORD-2025-001130
2025-09-15,SMB,Europe,Integration Pack,Andes Group,Online,534,96.33,4115.22,47325,29341.5,17983.5,5205.75,946.5,6152.25,11831.25,ORD-2025-001131
2025-09-21,SMB,Latin America,Integration Pack,Acme Corp,Online,357,153.85,2196.98,52727.47,33218.31,19509.16,4745.47,1054.55,5800.02,13709.14,ORD-2025-001132
2025-09-14,SMB,Latin America,Integration Pack,Maple LLC,Online,278,119.37,663.7,32521.16,19837.91,12683.25,4878.17,2276.48,7154.65,5528.6,ORD-2025-001133
2025-09-06,Enterprise,Latin America,Data Sync,Beta GmbH,Partner,408,314.34,12825.07,115425.65,66946.88,48478.77,11542.57,5771.28,17313.85,31164.92,ORD-2025-001134
2025-09-19,Mid-Market,Middle East,Data Sync,Sakura Ltd,Partner,229,208.43,3818.44,43912.03,25908.1,18003.93,7025.92,1317.36,8343.28,9660.65,ORD-2025-001135
2025-09-08,Mid-Market,Europe,Data Sync,Beta GmbH,Direct,227,247.06,1121.65,54960.97,32426.97,22534,4396.88,1648.83,6045.71,16488.29,ORD-2025-001136
2025-09-27,Mid-Market,APAC,Forecast Pro,Andes Group,In-Store,578,187,9727.74,98358.26,60982.12,37376.14,14753.74,1967.17,16720.91,20655.23,ORD-2025-001137
2025-09-12,SMB,APAC,Forecast Pro,Beta GmbH,Partner,270,97.81,2376.78,24031.92,15140.11,8891.81,2883.83,480.64,3364.47,5527.34,ORD-2025-001138
2025-09-20,Mid-Market,Middle East,Forecast Pro,Atlas BV,Partner,499,296.02,8862.84,138851.14,88864.73,49986.41,13885.11,6942.56,20827.67,29158.74,ORD-2025-001139
2025-09-10,Enterprise,APAC,Analytics Suite,Maple LLC,Direct,173,390.32,6077.28,61448.08,30724.04,30724.04,9217.21,1228.96,10446.17,20277.87,ORD-2025-001140
2025-10-04,Enterprise,Europe,Integration Pack,Acme Corp,Direct,48,357.18,857.23,16287.41,10261.07,6026.34,2443.11,814.37,3257.48,2768.86,ORD-2025-001141
2025-10-20,SMB,APAC,Analytics Suite,Maple LLC,In-Store,565,118.16,1335.21,65425.19,34675.35,30749.84,8505.27,2617.01,11122.28,19627.56,ORD-2025-001142
2025-10-21,SMB,North America,Integration Pack,Nova Retail,Partner,321,129.03,4141.86,37276.77,22366.06,14910.71,3727.68,2236.61,5964.29,8946.42,ORD-2025-001143
2025-10-06,Mid-Market,Latin America,Integration Pack,Maple LLC,Direct,219,197.1,3021.54,40143.36,24888.88,15254.48,4817.2,1204.3,6021.5,9232.98,ORD-2025-001144
2025-10-21,SMB,North America,Starter Plan,Orion Inc,In-Store,138,126.3,522.88,16906.52,10143.91,6762.61,2535.98,507.2,3043.18,3719.43,ORD-2025-001145
2025-10-12,Mid-Market,Europe,Starter Plan,Orion Inc,Online,310,222.92,2764.21,66340.99,41794.82,24546.17,7297.51,3317.05,10614.56,13931.61,ORD-2025-001146
2025-10-01,Enterprise,Latin America,Forecast Pro,Andes Group,Direct,499,367.59,7337.1,176090.31,112697.8,63392.51,22891.74,3521.81,26413.55,36978.96,ORD-2025-001147
2025-10-19,Mid-Market,Europe,Integration Pack,Beta GmbH,Direct,404,187.98,6075.51,69868.41,41921.05,27947.36,5589.47,4890.79,10480.26,17467.1,ORD-2025-001148
2025-10-14,Mid-Market,APAC,Starter Plan,Acme Corp,In-Store,126,213.1,1879.54,24971.06,15731.77,9239.29,2996.53,1747.97,4744.5,4494.79,ORD-2025-001149
2025-10-02,Enterprise,Middle East,Starter Plan,Acme Corp,In-Store,76,297.48,1356.51,21251.97,13601.26,7650.71,3187.8,1487.64,4675.44,2975.27,ORD-2025-001150
2025-10-13,Mid-Market,Europe,Starter Plan,Maple LLC,Partner,488,262.04,6393.78,121481.74,77748.31,43733.43,13362.99,8503.72,21866.71,21866.72,ORD-2025-001151
2025-10-01,Mid-Market,Middle East,Integration Pack,Acme Corp,Direct,442,231.79,10245.12,92206.06,58089.82,34116.24,12908.85,1844.12,14752.97,19363.27,ORD-2025-001152
2025-10-04,Enterprise,Latin America,Analytics Suite,Nova Retail,In-Store,173,448.5,10086.77,67503.73,33751.87,33751.86,6075.34,3375.19,9450.53,24301.33,ORD-2025-001153
2025-10-02,Enterprise,North America,Forecast Pro,Zenith Co,Partner,569,379.75,21607.78,194469.97,118626.68,75843.29,25281.1,13612.9,38894,36949.29,ORD-2025-001154
2025-10-08,Enterprise,Latin America,Data Sync,Orion Inc,Online,318,488.97,4664.77,150827.69,90496.61,60331.08,19607.6,3016.55,22624.15,37706.93,ORD-2025-001155
2025-10-22,SMB,North America,Integration Pack,Atlas BV,Partner,445,154.83,7578.93,61320.42,39245.07,22075.35,6745.25,3679.23,10424.48,11650.87,ORD-2025-001156
2025-10-01,Mid-Market,APAC,Analytics Suite,Atlas BV,Partner,401,291,7001.46,109689.54,59232.35,50457.19,15356.54,2193.79,17550.33,32906.86,ORD-2025-001157
2025-10-17,SMB,North America,Integration Pack,Atlas BV,Direct,298,128.69,1917.48,36432.14,22952.25,13479.89,2914.57,2185.93,5100.5,8379.39,ORD-2025-001158
2025-10-08,SMB,Middle East,Starter Plan,Beta GmbH,Direct,175,150.44,2895.97,23431.03,14995.86,8435.17,2577.41,1171.55,3748.96,4686.21,ORD-2025-001159
2025-10-20,Enterprise,Latin America,Forecast Pro,Zenith Co,Online,592,264.29,6258.39,150201.29,94626.81,55574.48,18024.15,9012.08,27036.23,28538.25,ORD-2025-001160
2025-11-03,Enterprise,North America,Analytics Suite,Atlas BV,Online,307,476.51,11703.09,134585.48,67292.74,67292.74,12112.69,6729.27,18841.96,48450.78,ORD-2025-001161
2025-11-27,SMB,Latin America,Forecast Pro,Helios AG,Partner,490,130.47,5114.42,58815.88,35877.69,22938.19,8234.22,3528.95,11763.17,11175.02,ORD-2025-001162
2025-11-28,SMB,Latin America,Data Sync,Andes Group,Partner,46,93.86,129.53,4188.03,2345.3,1842.73,586.32,293.16,879.48,963.25,ORD-2025-001163
2025-11-02,Mid-Market,Middle East,Analytics Suite,Nova Retail,Online,376,282,2120.64,103911.36,56112.13,47799.23,13508.48,2078.23,15586.71,32212.52,ORD-2025-001164
2025-11-20,Mid-Market,Middle East,Analytics Suite,Sakura Ltd,Direct,596,220.43,13137.63,118238.65,62666.48,55572.17,14188.64,3547.16,17735.8,37836.37,ORD-2025-001165
2025-11-18,SMB,Middle East,Forecast Pro,Beta GmbH,Partner,424,110.52,2811.63,44048.85,27310.29,16738.56,3964.4,2642.93,6607.33,10131.23,ORD-2025-001166
2025-11-09,Enterprise,Latin America,Data Sync,Atlas BV,In-Store,374,326.01,13412.05,108515.69,62939.1,45576.59,15192.2,2170.31,17362.51,28214.08,ORD-2025-001167
2025-11-12,SMB,Middle East,Data Sync,Orion Inc,Online,536,118.4,4442.37,59020.03,33051.22,25968.81,5311.8,2360.8,7672.6,18296.21,ORD-2025-001168
2025-11-21,SMB,Middle East,Forecast Pro,Helios AG,Direct,216,141.12,3048.19,27433.73,17283.25,10150.48,2743.37,548.67,3292.04,6858.44,ORD-2025-001169
2025-11-16,Mid-Market,Middle East,Starter Plan,Orion Inc,Partner,596,260.56,10870.56,144423.2,86653.92,57769.28,20219.25,4332.7,24551.95,33217.33,ORD-2025-001170
2025-11-26,Enterprise,North America,Analytics Suite,Atlas BV,Partner,456,412.85,20708.56,167551.04,88802.05,78748.99,16755.1,5026.53,21781.63,56967.36,ORD-2025-001171
2025-11-06,Enterprise,Middle East,Data Sync,Andes Group,Online,479,340.18,14665.16,148281.06,88968.64,59312.42,13345.3,8896.86,22242.16,37070.26,ORD-2025-001172
2025-11-13,Mid-Market,Middle East,Forecast Pro,Maple LLC,Online,536,181.51,1945.79,95343.57,57206.14,38137.43,15254.97,1906.87,17161.84,20975.59,ORD-2025-001173
2025-11-16,Enterprise,North America,Analytics Suite,Acme Corp,Online,209,473.22,5934.18,92968.8,50203.15,42765.65,8367.19,3718.75,12085.94,30679.71,ORD-2025-001174
2025-11-16,Enterprise,North America,Forecast Pro,Helios AG,Partner,380,294.4,3356.16,108515.84,69450.14,39065.7,9766.43,2170.32,11936.75,27128.95,ORD-2025-001175
2025-11-25,SMB,North America,Forecast Pro,Nova Retail,Online,424,132.56,3372.33,52833.11,33813.19,19019.92,4754.98,2113.32,6868.3,12151.62,ORD-2025-001176
2025-11-07,Enterprise,Europe,Integration Pack,Atlas BV,Direct,268,261.81,7718.16,62446.92,38092.62,24354.3,8742.57,2497.88,11240.45,13113.85,ORD-2025-001177
2025-11-04,Enterprise,North America,Integration Pack,Nova Retail,Online,318,377.16,11993.69,107943.19,64765.91,43177.28,8635.46,2158.86,10794.32,32382.96,ORD-2025-001178
2025-11-23,SMB,Europe,Integration Pack,Nova Retail,Online,271,108.49,1764.05,27636.74,16858.41,10778.33,3869.14,1934.57,5803.71,4974.62,ORD-2025-001179
2025-11-05,SMB,Europe,Data Sync,Atlas BV,Partner,597,97.26,6387.06,51677.16,29455.98,22221.18,4134.17,1033.54,5167.71,17053.47,ORD-2025-001180
2025-12-18,SMB,Latin America,Forecast Pro,Orion Inc,Direct,257,125.55,2258.64,30007.71,19204.93,10802.78,3901,1200.31,5101.31,5701.47,ORD-2025-001181
2025-12-06,SMB,Latin America,Forecast Pro,Orion Inc,In-Store,240,149.34,2508.91,33332.69,20999.59,12333.1,5333.23,1999.96,7333.19,4999.91,ORD-2025-001182
2025-12-10,Mid-Market,Middle East,Starter Plan,Atlas BV,Direct,324,242.5,785.7,77784.3,49004.11,28780.19,9334.12,5444.9,14779.02,14001.17,ORD-2025-001183
2025-12-07,SMB,Latin America,Data Sync,Zenith Co,Partner,116,149.21,1557.75,15750.61,9292.86,6457.75,2205.09,945.04,3150.13,3307.62,ORD-2025-001184
2025-12-01,SMB,Latin America,Data Sync,Nova Retail,Partner,116,125.56,582.6,13982.36,8389.42,5592.94,1398.24,978.77,2377.01,3215.93,ORD-2025-001185
2025-12-23,Mid-Market,Middle East,Forecast Pro,Zenith Co,Partner,410,173.05,5676.04,65274.46,39164.68,26109.78,6527.45,1305.49,7832.94,18276.84,ORD-2025-001186
2025-12-13,SMB,Europe,Data Sync,Zenith Co,Online,297,126.65,1128.45,36486.6,21527.09,14959.51,5837.86,2554.06,8391.92,6567.59,ORD-2025-001187
2025-12-11,SMB,Latin America,Data Sync,Zenith Co,Online,470,92.27,3903.02,39463.88,23283.69,16180.19,5524.94,1973.19,7498.13,8682.06,ORD-2025-001188
2025-12-12,Mid-Market,North America,Forecast Pro,Maple LLC,Partner,240,256.75,3081,58539,36879.57,21659.43,8195.46,2341.56,10537.02,11122.41,ORD-2025-001189
2025-12-25,Mid-Market,Europe,Integration Pack,Orion Inc,Direct,466,285.54,11975.55,121086.09,73862.51,47223.58,19373.77,3632.58,23006.35,24217.23,ORD-2025-001190
2025-12-07,Mid-Market,North America,Integration Pack,Zenith Co,In-Store,216,177.46,1533.25,36798.11,22814.83,13983.28,5519.72,2207.89,7727.61,6255.67,ORD-2025-001191
2025-12-21,Mid-Market,APAC,Starter Plan,Nova Retail,Partner,238,210.88,5520.84,44668.6,27247.85,17420.75,3573.49,1786.74,5360.23,12060.52,ORD-2025-001192
2025-12-07,SMB,North America,Starter Plan,Atlas BV,Partner,389,95.27,370.6,36689.43,23481.24,13208.19,5870.31,1100.68,6970.99,6237.2,ORD-2025-001193
2025-12-14,Mid-Market,Latin America,Analytics Suite,Andes Group,Partner,65,185.72,1086.46,10985.34,5932.08,5053.26,878.83,329.56,1208.39,3844.87,ORD-2025-001194
2025-12-08,Enterprise,Middle East,Integration Pack,Orion Inc,Partner,572,502.44,22991.65,264404.03,163930.5,100473.53,42304.64,15864.24,58168.88,42304.65,ORD-2025-001195
2025-12-28,Mid-Market,APAC,Starter Plan,Nova Retail,Online,229,195.89,897.18,43961.63,27256.21,16705.42,7033.86,879.23,7913.09,8792.33,ORD-2025-001196
2025-12-18,SMB,APAC,Starter Plan,Maple LLC,In-Store,143,116.82,1002.32,15702.94,9892.85,5810.09,1256.24,942.18,2198.42,3611.67,ORD-2025-001197
2025-12-15,Mid-Market,Latin America,Analytics Suite,Orion Inc,In-Store,61,175.45,963.22,9739.23,5259.18,4480.05,1363.49,389.57,1753.06,2726.99,ORD-2025-001198
2025-12-07,Enterprise,Latin America,Starter Plan,Acme Corp,Direct,207,277.92,4027.06,53502.38,32101.43,21400.95,6955.31,3745.17,10700.48,10700.47,ORD-2025-001199
2025-12-26,Enterprise,Latin America,Starter Plan,Nova Retail,Online,110,489.95,2155.78,51738.72,31043.23,20695.49,8278.2,3104.32,11382.52,9312.97,ORD-2025-001200
