Date,SKU,Product Name,Category,Units Sold,Unit Cost,Unit Price,Inventory On Hand,Revenue,COGS,Gross Margin %,Discount,Net Profit
2025-01-01,SKU-BEV-005,Sparkling Water (12pk),Beverages,8,3.50,6.49,28,51.92,23.92,46.07,4.15,19.77
2025-06-06,SKU-DRY-105,Granola Bars 12ct,Dairy,6,6.56,10.86,1,65.16,39.36,39.60,9.20,16.60
2025-05-09,SKU-FRZ-024,Paper Towels 6ct,Frozen,8,4.12,6.82,19,54.57,32.93,39.66,4.95,16.69
2025-12-20,SKU-BAK-075,Potato Chips 8oz,Bakery,8,6.05,8.53,53,68.22,48.40,29.06,6.45,13.37
2025-10-03,SKU-PRD-006,Olive Oil 1L,Produce,21,9.95,15.87,100,333.31,208.96,37.31,12.57,111.77
2025-03-14,SKU-PRD-118,Ground Beef 1lb,Produce,23,15.55,22.92,116,527.09,357.66,32.14,51.39,118.04
2025-01-12,SKU-BAK-028,Ground Beef 1lb,Bakery,11,10.15,20.00,114,219.98,111.60,49.27,1.34,107.04
2025-01-03,SKU-HOU-085,Dish Soap 24oz,Household,6,17.17,32.41,12,194.48,102.99,47.04,25.44,66.05
2025-04-21,SKU-SNK-118,Potato Chips 8oz,Snacks,27,8.77,17.74,87,478.95,236.66,50.59,26.93,215.36
2025-08-16,SKU-MET-079,Laundry Detergent 64oz,Meat,14,15.18,28.02,109,392.21,212.52,45.81,6.74,172.95
2025-01-23,SKU-DRY-120,Rice 5lb,Dairy,20,6.85,8.23,149,164.66,137.06,16.76,0.76,26.84
2025-10-09,SKU-SEA-062,Salmon Fillet (lb),Seafood,6,11.41,15.44,53,92.67,68.47,26.11,9.04,15.15
2025-05-07,SKU-SNK-103,Chicken Breast (lb),Snacks,30,5.79,7.15,49,214.49,173.63,19.05,37.47,3.40
2025-05-12,SKU-DRY-100,Soda 12oz 6pk,Dairy,28,9.92,16.78,193,469.72,277.88,40.84,73.46,118.39
2025-06-15,SKU-BAK-115,Chicken Breast (lb),Bakery,8,10.89,20.49,172,163.90,87.15,46.82,13.22,63.52
2025-03-07,SKU-PAN-092,Chicken Breast (lb),Pantry,22,3.53,7.32,42,161.05,77.58,51.83,14.44,69.03
2025-06-02,SKU-PRD-032,Whole Milk 1gal,Produce,30,16.29,31.95,17,958.45,488.78,49.00,100.51,369.17
2025-11-28,SKU-HOU-065,Sourdough Bread,Household,10,6.60,9.58,63,95.81,66.00,31.11,13.73,16.08
2025-12-23,SKU-PAN-047,Eggs 12ct,Pantry,9,3.17,4.80,28,43.17,28.53,33.92,2.21,12.43
2025-07-08,SKU-PRD-066,Eggs 12ct,Produce,10,5.08,7.08,188,70.80,50.79,28.27,4.78,15.24
2025-01-31,SKU-BEV-008,Frozen Pizza,Beverages,4,13.40,25.18,45,100.73,53.60,46.79,14.18,32.94
2025-04-03,SKU-DRY-093,Soda 12oz 6pk,Dairy,23,7.92,14.06,137,323.42,182.19,43.67,9.40,131.83
2025-03-12,SKU-BEV-075,Whole Milk 1gal,Beverages,24,10.97,15.02,217,360.42,263.20,26.97,51.38,45.84
2025-08-31,SKU-HOU-067,Greek Yogurt 4pk,Household,16,8.34,12.16,17,194.55,133.46,31.40,19.59,41.49
2025-03-11,SKU-PAN-019,Apples (3lb bag),Pantry,13,4.40,5.75,108,74.80,57.15,23.60,12.46,5.20
2025-11-02,SKU-SNK-111,Olive Oil 1L,Snacks,27,4.30,7.79,2,210.35,115.98,44.86,29.32,65.05
2025-02-21,SKU-PAN-048,Greek Yogurt 4pk,Pantry,18,12.38,21.85,218,393.37,222.86,43.35,46.30,124.21
2025-05-14,SKU-FRZ-008,Olive Oil 1L,Frozen,12,16.41,30.16,14,361.96,196.90,45.60,21.29,143.77
2025-01-08,SKU-MET-043,Pasta 16oz,Meat,17,6.24,12.46,98,211.82,106.10,49.91,34.35,71.37
2025-04-15,SKU-FRZ-064,Pasta 16oz,Frozen,1,16.86,20.31,85,20.31,16.86,17.00,1.81,1.64
2025-06-11,SKU-BAK-011,Olive Oil 1L,Bakery,16,1.53,1.88,85,30.02,24.54,18.24,1.72,3.76
2025-11-02,SKU-PAN-043,Greek Yogurt 4pk,Pantry,1,15.64,29.89,2,29.89,15.64,47.68,1.14,13.12
2025-11-20,SKU-SEA-046,Olive Oil 1L,Seafood,16,16.22,27.44,172,439.00,259.52,40.88,21.31,158.18
2025-04-13,SKU-BEV-073,Paper Towels 6ct,Beverages,7,4.86,9.05,82,63.32,34.04,46.23,9.59,19.69
2025-10-10,SKU-DRY-037,Whole Milk 1gal,Dairy,23,6.27,10.39,122,238.98,144.21,39.66,37.49,57.29
2025-05-11,SKU-PAN-016,Pasta 16oz,Pantry,23,2.37,3.00,126,68.97,54.52,20.95,6.79,7.66
2025-10-03,SKU-PAN-073,Orange Juice 1L,Pantry,24,8.69,12.74,172,305.82,208.55,31.81,40.38,56.90
2025-08-14,SKU-BAK-105,Potato Chips 8oz,Bakery,21,4.50,7.97,177,167.47,94.46,43.59,21.75,51.25
2025-04-29,SKU-MET-108,Frozen Pizza,Meat,16,17.19,32.27,70,516.33,275.09,46.72,40.30,200.94
2025-05-12,SKU-BAK-077,Ground Beef 1lb,Bakery,30,5.55,7.01,49,210.25,166.42,20.85,15.05,28.78
2025-09-02,SKU-PRD-003,Dish Soap 24oz,Produce,24,16.78,28.61,150,686.57,402.77,41.34,0.47,283.33
2025-07-29,SKU-FRZ-087,Potato Chips 8oz,Frozen,4,7.87,11.85,41,47.39,31.49,33.54,0.51,15.38
2025-08-22,SKU-FRZ-108,Eggs 12ct,Frozen,7,14.68,21.77,143,152.36,102.76,32.56,1.56,48.05
2025-06-09,SKU-BAK-003,Eggs 12ct,Bakery,9,8.48,15.16,165,136.45,76.31,44.07,13.42,46.71
2025-04-25,SKU-PAN-043,Olive Oil 1L,Pantry,12,11.03,19.39,26,232.72,132.41,43.10,16.55,83.76
2025-05-27,SKU-FRZ-059,Rice 5lb,Frozen,18,5.69,10.93,215,196.75,102.46,47.92,9.01,85.27
2025-10-30,SKU-MET-032,Apples (3lb bag),Meat,24,16.94,34.31,96,823.47,406.60,50.62,102.75,314.12
2025-07-08,SKU-BEV-064,Rice 5lb,Beverages,16,5.50,9.25,161,148.06,87.94,40.60,16.43,43.69
2025-12-21,SKU-FRZ-079,Frozen Pizza,Frozen,11,13.87,22.36,115,246.01,152.57,37.98,19.89,73.55
2025-03-28,SKU-HOU-059,Paper Towels 6ct,Household,15,4.23,5.89,163,88.34,63.38,28.26,12.17,12.80
2025-03-01,SKU-MET-061,Ground Beef 1lb,Meat,11,10.10,18.92,144,208.09,111.13,46.59,5.31,91.65
2025-12-12,SKU-MET-037,Pasta 16oz,Meat,13,13.96,18.54,36,240.99,181.45,24.71,31.25,28.29
2025-01-25,SKU-BEV-047,Paper Towels 6ct,Beverages,3,14.55,25.69,179,77.07,43.64,43.38,0.19,33.24
2025-10-08,SKU-PRD-064,Salmon Fillet (lb),Produce,18,2.13,2.98,67,53.65,38.31,28.59,2.54,12.80
2025-10-31,SKU-FRZ-058,Frozen Pizza,Frozen,11,9.07,17.01,128,187.13,99.72,46.71,18.91,68.50
2025-11-25,SKU-DRY-028,Paper Towels 6ct,Dairy,4,17.95,22.06,205,88.26,71.78,18.67,11.52,4.95
2025-08-09,SKU-HOU-086,Salmon Fillet (lb),Household,20,7.31,11.08,12,221.59,146.20,34.02,37.51,37.89
2025-06-15,SKU-SNK-037,Eggs 12ct,Snacks,2,7.85,10.78,14,21.56,15.70,27.15,0.06,5.79
2025-02-17,SKU-BAK-078,Apples (3lb bag),Bakery,23,6.19,10.50,204,241.44,142.29,41.06,23.40,75.75
2025-01-30,SKU-DRY-051,Whole Milk 1gal,Dairy,16,12.44,20.90,154,334.36,199.11,40.45,37.77,97.48
2025-07-02,SKU-MET-102,Chicken Breast (lb),Meat,8,7.33,14.18,31,113.48,58.65,48.32,0.67,54.16
2025-05-17,SKU-HOU-068,Granola Bars 12ct,Household,30,2.11,2.59,57,77.69,63.32,18.51,6.99,7.39
2025-03-27,SKU-PAN-041,Rice 5lb,Pantry,4,8.26,11.55,208,46.20,33.03,28.51,4.16,9.01
2025-04-25,SKU-PAN-021,Granola Bars 12ct,Pantry,17,9.88,15.60,167,265.22,168.02,36.65,0.62,96.57
2025-07-09,SKU-BEV-023,Orange Juice 1L,Beverages,26,8.74,13.31,43,346.08,227.29,34.33,38.01,80.78
2025-05-30,SKU-SEA-068,Sourdough Bread,Seafood,20,11.47,21.19,183,423.83,229.37,45.88,65.33,129.13
2025-07-22,SKU-SEA-108,Olive Oil 1L,Seafood,27,7.86,10.63,92,287.11,212.18,26.10,10.81,64.12
2025-01-02,SKU-BAK-075,Pasta 16oz,Bakery,23,7.32,12.91,176,296.98,168.44,43.28,13.44,115.10
2025-09-14,SKU-FRZ-014,Potato Chips 8oz,Frozen,19,11.39,17.46,144,331.79,216.41,34.78,3.49,111.89
2025-08-13,SKU-FRZ-089,Orange Juice 1L,Frozen,29,6.77,13.81,165,400.49,196.32,50.98,55.69,148.48
2025-03-26,SKU-HOU-097,Potato Chips 8oz,Household,3,2.63,4.74,118,14.22,7.88,44.57,0.34,6.00
2025-10-07,SKU-PAN-044,Frozen Pizza,Pantry,12,14.01,25.27,1,303.22,168.12,44.55,16.68,118.41
2025-10-14,SKU-MET-090,Dish Soap 24oz,Meat,6,16.63,30.74,63,184.45,99.78,45.90,1.11,83.56
2025-11-03,SKU-BAK-012,Whole Milk 1gal,Bakery,22,2.49,4.19,213,92.15,54.84,40.49,12.13,25.18
2025-02-16,SKU-BAK-089,Bananas (lb),Bakery,26,14.60,24.88,55,646.88,379.67,41.31,10.36,256.84
2025-04-08,SKU-SNK-007,Bananas (lb),Snacks,6,7.25,10.06,196,60.38,43.50,27.95,6.27,10.60
2025-07-07,SKU-SNK-079,Greek Yogurt 4pk,Snacks,25,5.77,9.70,71,242.55,144.16,40.56,7.07,91.31
2025-07-24,SKU-DRY-033,Bananas (lb),Dairy,8,12.14,19.15,126,153.19,97.08,36.63,18.12,37.99
2025-01-28,SKU-BAK-022,Orange Juice 1L,Bakery,28,12.98,17.01,192,476.27,363.53,23.67,61.80,50.95
2025-01-21,SKU-SEA-015,Laundry Detergent 64oz,Seafood,2,13.49,20.80,152,41.61,26.98,35.14,4.59,10.04
2025-04-09,SKU-SNK-008,Bananas (lb),Snacks,23,14.73,28.22,137,649.11,338.75,47.81,21.95,288.41
2025-11-29,SKU-PAN-108,Sourdough Bread,Pantry,21,9.50,13.57,118,284.87,199.52,29.96,28.63,56.72
2025-10-24,SKU-PAN-034,Salmon Fillet (lb),Pantry,15,6.53,9.63,179,144.52,97.99,32.20,22.32,24.21
2025-09-29,SKU-PAN-091,Greek Yogurt 4pk,Pantry,10,8.60,14.98,5,149.77,86.03,42.56,20.47,43.27
2025-11-26,SKU-FRZ-048,Paper Towels 6ct,Frozen,15,5.29,8.72,37,130.80,79.35,39.33,17.61,33.84
2025-10-06,SKU-BEV-072,Laundry Detergent 64oz,Beverages,3,15.93,29.31,151,87.93,47.80,45.64,0.37,39.76
2025-10-14,SKU-HOU-039,Whole Milk 1gal,Household,25,9.14,11.18,132,279.44,228.47,18.24,16.89,34.08
2025-07-25,SKU-MET-073,Eggs 12ct,Meat,22,11.27,21.49,104,472.78,247.95,47.56,39.96,184.87
2025-08-06,SKU-HOU-100,Salmon Fillet (lb),Household,30,9.42,13.58,87,407.39,282.62,30.63,25.62,99.15
2025-05-28,SKU-PAN-091,Soda 12oz 6pk,Pantry,15,6.88,8.76,193,131.44,103.24,21.46,9.88,18.33
2025-07-27,SKU-FRZ-073,Greek Yogurt 4pk,Frozen,17,11.20,20.97,50,356.50,190.37,46.60,30.37,135.76
2025-05-22,SKU-DRY-102,Sourdough Bread,Dairy,14,3.95,7.61,114,106.58,55.32,48.09,15.61,35.65
2025-05-21,SKU-FRZ-112,Salmon Fillet (lb),Frozen,8,9.51,12.40,147,99.20,76.06,23.33,0.19,22.95
2025-01-01,SKU-MET-026,Potato Chips 8oz,Meat,15,17.99,22.11,212,331.69,269.87,18.64,57.25,4.57
2025-09-10,SKU-SEA-003,Frozen Pizza,Seafood,6,1.15,1.79,49,10.74,6.88,35.98,1.53,2.34
2025-06-07,SKU-FRZ-034,Potato Chips 8oz,Frozen,11,7.89,15.01,133,165.09,86.81,47.42,19.98,58.31
2025-09-15,SKU-DRY-073,Ground Beef 1lb,Dairy,16,13.91,25.82,23,413.11,222.61,46.11,8.57,181.93
2025-01-02,SKU-BEV-087,Chicken Breast (lb),Beverages,6,1.17,2.06,153,12.35,7.02,43.13,1.05,4.28
2025-03-12,SKU-SNK-066,Dish Soap 24oz,Snacks,5,11.06,19.15,149,95.73,55.28,42.26,17.08,23.37
2025-08-16,SKU-BAK-048,Olive Oil 1L,Bakery,5,10.46,17.36,135,86.79,52.32,39.72,2.41,32.06
2025-01-06,SKU-SEA-091,Granola Bars 12ct,Seafood,2,4.32,7.58,69,15.16,8.64,43.02,2.24,4.29
2025-11-22,SKU-PAN-094,Chicken Breast (lb),Pantry,4,3.11,4.88,103,19.51,12.43,36.28,1.53,5.54
2025-10-27,SKU-BAK-057,Frozen Pizza,Bakery,1,14.49,18.91,124,18.91,14.49,23.37,0.69,3.73
2025-10-23,SKU-SEA-102,Laundry Detergent 64oz,Seafood,14,4.07,7.56,4,105.89,57.05,46.13,2.59,46.26
2025-09-04,SKU-DRY-079,Orange Juice 1L,Dairy,1,11.74,15.69,198,15.69,11.74,25.17,2.57,1.38
2025-03-05,SKU-PRD-112,Ground Beef 1lb,Produce,27,10.21,13.58,146,366.56,275.57,24.82,17.73,73.26
2025-12-14,SKU-PRD-031,Orange Juice 1L,Produce,10,3.00,4.82,168,48.17,29.97,37.77,1.66,16.53
2025-02-20,SKU-BEV-048,Eggs 12ct,Beverages,29,17.76,36.32,168,1053.30,515.02,51.10,15.84,522.44
2025-09-04,SKU-DRY-112,Dish Soap 24oz,Dairy,27,11.47,17.84,142,481.69,309.59,35.73,45.17,126.93
2025-04-29,SKU-SNK-065,Rice 5lb,Snacks,6,1.19,1.48,128,8.91,7.15,19.75,1.57,0.19
2025-01-04,SKU-HOU-073,Sourdough Bread,Household,5,4.75,9.70,167,48.52,23.77,51.02,7.79,16.96
2025-07-04,SKU-PAN-099,Pasta 16oz,Pantry,21,2.97,5.58,212,117.18,62.39,46.76,14.57,40.22
2025-06-24,SKU-MET-040,Ground Beef 1lb,Meat,1,3.06,5.87,148,5.87,3.06,47.82,0.13,2.68
2025-05-30,SKU-FRZ-002,Dish Soap 24oz,Frozen,2,5.94,9.66,198,19.31,11.87,38.52,3.30,4.14
2025-12-02,SKU-MET-113,Eggs 12ct,Meat,5,11.92,18.96,123,94.79,59.58,37.15,3.06,32.16
2025-07-01,SKU-SEA-052,Potato Chips 8oz,Seafood,15,14.54,28.02,174,420.26,218.05,48.12,40.03,162.18
2025-12-25,SKU-PRD-078,Olive Oil 1L,Produce,4,8.23,14.39,168,57.56,32.92,42.80,2.65,21.99
2025-03-20,SKU-MET-033,Pasta 16oz,Meat,8,7.19,10.87,38,86.97,57.50,33.88,2.99,26.48
2025-11-17,SKU-BEV-037,Chicken Breast (lb),Beverages,3,8.59,13.75,10,41.24,25.78,37.50,1.90,13.57
2025-07-11,SKU-PAN-052,Laundry Detergent 64oz,Pantry,2,15.85,30.55,124,61.10,31.70,48.11,2.65,26.75
2025-05-07,SKU-MET-105,Ground Beef 1lb,Meat,12,6.84,10.29,80,123.48,82.07,33.53,9.77,31.63
2025-03-05,SKU-SNK-052,Potato Chips 8oz,Snacks,27,14.85,22.48,211,606.83,401.03,33.91,17.08,188.72
2025-05-13,SKU-BAK-007,Eggs 12ct,Bakery,22,9.54,12.79,87,281.47,209.94,25.42,48.44,23.10
2025-03-05,SKU-BEV-025,Olive Oil 1L,Beverages,24,2.97,4.88,212,117.17,71.27,39.18,15.41,30.49
2025-12-11,SKU-BEV-004,Pasta 16oz,Beverages,28,12.92,16.12,162,451.30,361.71,19.85,51.07,38.52
2025-11-27,SKU-SNK-111,Eggs 12ct,Snacks,7,8.55,13.39,0,93.74,59.85,36.15,0.17,33.71
2025-02-18,SKU-DRY-109,Laundry Detergent 64oz,Dairy,8,17.47,33.53,30,268.26,139.77,47.90,19.22,109.27
2025-12-02,SKU-FRZ-037,Rice 5lb,Frozen,3,5.24,10.39,209,31.17,15.73,49.55,0.15,15.30
2025-02-14,SKU-BAK-075,Olive Oil 1L,Bakery,17,6.61,9.00,63,152.92,112.30,26.56,6.04,34.59
2025-02-06,SKU-DRY-109,Eggs 12ct,Dairy,27,7.85,11.53,51,311.35,211.94,31.93,1.89,97.52
2025-05-12,SKU-BEV-028,Greek Yogurt 4pk,Beverages,7,1.89,3.43,18,24.02,13.26,44.80,2.49,8.27
2025-06-17,SKU-BEV-094,Whole Milk 1gal,Beverages,6,16.47,20.69,34,124.14,98.81,20.40,10.30,15.03
2025-01-10,SKU-SEA-019,Potato Chips 8oz,Seafood,21,2.79,5.65,132,118.75,58.49,50.74,19.00,41.26
2025-09-29,SKU-BAK-106,Rice 5lb,Bakery,7,1.44,2.24,118,15.68,10.07,35.75,0.31,5.29
2025-09-09,SKU-MET-010,Granola Bars 12ct,Meat,9,4.59,5.59,20,50.31,41.28,17.94,1.27,7.75
2025-10-04,SKU-MET-034,Orange Juice 1L,Meat,3,8.06,16.76,34,50.29,24.19,51.89,0.20,25.90
2025-09-21,SKU-BAK-039,Sourdough Bread,Bakery,20,17.42,28.89,16,577.71,348.34,39.70,11.02,218.36
2025-08-26,SKU-FRZ-081,Frozen Pizza,Frozen,14,9.16,17.92,153,250.93,128.21,48.90,3.91,118.81
2025-06-09,SKU-SEA-062,Soda 12oz 6pk,Seafood,19,4.29,8.04,187,152.83,81.50,46.67,25.74,45.59
2025-07-29,SKU-PAN-104,Olive Oil 1L,Pantry,29,2.18,3.76,31,108.94,63.11,42.07,2.75,43.08
2025-05-11,SKU-PRD-001,Apples (3lb bag),Produce,11,12.28,21.54,129,236.98,135.10,42.99,22.11,79.76
2025-03-24,SKU-DRY-008,Sourdough Bread,Dairy,11,6.79,13.93,203,153.20,74.67,51.26,15.62,62.91
2025-04-03,SKU-SNK-115,Eggs 12ct,Snacks,7,0.96,1.37,36,9.60,6.72,29.97,0.07,2.81
2025-08-18,SKU-PRD-081,Paper Towels 6ct,Produce,16,10.68,21.68,90,346.85,170.89,50.73,27.34,148.62
2025-08-09,SKU-DRY-011,Greek Yogurt 4pk,Dairy,8,16.88,34.15,85,273.17,135.02,50.57,26.90,111.25
2025-03-28,SKU-SEA-031,Bananas (lb),Seafood,29,12.30,21.24,37,615.93,356.70,42.09,72.75,186.48
2025-01-10,SKU-DRY-045,Orange Juice 1L,Dairy,10,13.30,17.64,26,176.38,132.98,24.61,18.79,24.61
2025-06-04,SKU-BAK-048,Rice 5lb,Bakery,27,6.31,10.89,197,294.09,170.34,42.08,32.41,91.34
2025-05-03,SKU-PRD-026,Granola Bars 12ct,Produce,18,9.98,20.49,144,368.91,179.66,51.30,36.99,152.26
2025-06-23,SKU-FRZ-038,Rice 5lb,Frozen,16,4.13,6.12,90,97.98,66.11,32.53,5.38,26.49
2025-12-25,SKU-DRY-091,Bananas (lb),Dairy,23,5.66,8.00,186,183.91,130.09,29.26,18.59,35.23
2025-01-24,SKU-PAN-102,Eggs 12ct,Pantry,22,3.33,6.95,55,153.01,73.33,52.08,7.80,71.88
2025-10-24,SKU-SEA-093,Orange Juice 1L,Seafood,9,11.92,20.16,155,181.40,107.24,40.88,27.45,46.71
2025-09-04,SKU-SNK-075,Rice 5lb,Snacks,26,7.31,13.31,96,346.18,189.95,45.13,5.77,150.45
2025-10-02,SKU-BAK-012,Chicken Breast (lb),Bakery,5,9.05,16.70,126,83.49,45.27,45.79,9.90,28.33
2025-06-02,SKU-BEV-095,Soda 12oz 6pk,Beverages,27,2.28,3.79,11,102.42,61.66,39.80,11.27,29.50
2025-12-01,SKU-MET-047,Dish Soap 24oz,Meat,16,15.71,31.98,188,511.66,251.31,50.88,36.47,223.88
2025-09-19,SKU-PAN-052,Frozen Pizza,Pantry,14,10.85,20.69,21,289.67,151.87,47.57,19.19,118.61
2025-09-25,SKU-BEV-104,Frozen Pizza,Beverages,22,6.83,12.98,59,285.60,150.15,47.43,7.00,128.45
2025-07-03,SKU-HOU-105,Pasta 16oz,Household,2,14.23,20.69,104,41.37,28.46,31.21,1.28,11.63
2025-12-04,SKU-BEV-119,Olive Oil 1L,Beverages,28,13.74,26.91,73,753.45,384.68,48.94,76.13,292.65
2025-12-09,SKU-BAK-048,Whole Milk 1gal,Bakery,6,4.74,6.53,180,39.17,28.41,27.46,4.13,6.63
2025-02-12,SKU-DRY-011,Greek Yogurt 4pk,Dairy,22,17.03,21.42,70,471.18,374.72,20.47,75.33,21.14
2025-02-05,SKU-PRD-011,Salmon Fillet (lb),Produce,23,5.66,6.95,91,159.74,130.09,18.56,21.71,7.93
2025-07-19,SKU-PAN-010,Rice 5lb,Pantry,3,1.12,1.66,58,4.99,3.36,32.68,0.12,1.51
2025-05-16,SKU-SNK-115,Orange Juice 1L,Snacks,13,16.65,31.56,178,410.23,216.41,47.25,35.44,158.38
2025-09-01,SKU-PAN-061,Rice 5lb,Pantry,28,13.58,24.67,13,690.63,380.29,44.94,3.65,306.69
2025-04-15,SKU-MET-090,Granola Bars 12ct,Meat,16,5.24,10.65,103,170.32,83.77,50.82,25.11,61.44
2025-04-11,SKU-PRD-102,Salmon Fillet (lb),Produce,28,6.47,9.00,200,252.03,181.26,28.08,1.56,69.21
2025-02-12,SKU-DRY-109,Greek Yogurt 4pk,Dairy,6,17.06,35.71,78,214.27,102.36,52.23,24.11,87.80
2025-08-10,SKU-BEV-046,Whole Milk 1gal,Beverages,16,11.91,19.49,173,311.81,190.61,38.87,16.14,105.06
2025-11-13,SKU-MET-086,Olive Oil 1L,Meat,23,2.42,5.03,50,115.64,55.65,51.87,11.53,48.45
2025-10-28,SKU-DRY-026,Ground Beef 1lb,Dairy,12,7.27,12.62,209,151.39,87.25,42.37,22.97,41.17
2025-04-20,SKU-PRD-067,Greek Yogurt 4pk,Produce,1,11.59,23.34,26,23.34,11.59,50.34,0.84,10.91
2025-06-24,SKU-BAK-036,Olive Oil 1L,Bakery,25,7.78,9.58,196,239.45,194.41,18.81,13.58,31.46
2025-04-05,SKU-PAN-067,Frozen Pizza,Pantry,29,6.83,11.39,89,330.44,198.00,40.08,6.00,126.43
2025-04-11,SKU-SEA-053,Laundry Detergent 64oz,Seafood,4,2.25,3.15,184,12.59,9.01,28.43,1.01,2.57
2025-05-04,SKU-SNK-029,Chicken Breast (lb),Snacks,26,4.10,5.77,12,150.14,106.70,28.93,23.21,20.23
2025-08-06,SKU-SEA-106,Olive Oil 1L,Seafood,8,13.13,20.24,168,161.94,105.08,35.11,1.97,54.89
2025-03-20,SKU-DRY-049,Dish Soap 24oz,Dairy,24,7.44,14.10,86,338.28,178.50,47.23,45.96,113.83
2025-03-24,SKU-SEA-017,Dish Soap 24oz,Seafood,14,9.02,11.26,38,157.66,126.30,19.89,9.90,21.46
2025-02-03,SKU-MET-087,Granola Bars 12ct,Meat,10,9.18,13.04,1,130.41,91.84,29.57,21.54,17.02
2025-10-29,SKU-SNK-022,Orange Juice 1L,Snacks,13,14.98,23.94,4,311.21,194.76,37.42,20.21,96.24
2025-03-04,SKU-BEV-035,Olive Oil 1L,Beverages,30,15.94,28.01,116,840.42,478.24,43.09,47.05,315.13
2025-12-08,SKU-BEV-065,Soda 12oz 6pk,Beverages,26,8.25,12.47,13,324.10,214.44,33.84,39.99,69.67
2025-01-27,SKU-SNK-031,Laundry Detergent 64oz,Snacks,10,7.38,13.75,144,137.52,73.78,46.35,24.01,39.74
2025-12-10,SKU-FRZ-070,Pasta 16oz,Frozen,15,17.57,28.32,189,424.84,263.52,37.97,35.16,126.17
2025-08-13,SKU-FRZ-079,Salmon Fillet (lb),Frozen,11,11.33,18.80,205,206.76,124.66,39.71,34.71,47.39
2025-09-04,SKU-BAK-072,Laundry Detergent 64oz,Bakery,23,13.82,17.59,86,404.58,317.81,21.45,45.15,41.63
2025-07-18,SKU-SNK-061,Apples (3lb bag),Snacks,29,11.88,20.27,160,587.73,344.62,41.36,101.97,141.14
2025-12-24,SKU-BEV-077,Frozen Pizza,Beverages,3,5.88,9.05,74,27.15,17.63,35.06,4.49,5.03
2025-05-03,SKU-BEV-044,Potato Chips 8oz,Beverages,23,4.27,8.85,36,203.54,98.29,51.71,0.12,105.14
2025-03-21,SKU-FRZ-112,Apples (3lb bag),Frozen,28,14.49,24.64,184,689.80,405.65,41.19,105.50,178.64
2025-05-13,SKU-HOU-054,Whole Milk 1gal,Household,4,2.29,3.87,193,15.49,9.18,40.78,0.24,6.08
2025-08-11,SKU-BEV-007,Dish Soap 24oz,Beverages,5,9.66,18.35,128,91.73,48.28,47.37,14.04,29.42
2025-12-17,SKU-SEA-037,Frozen Pizza,Seafood,6,7.18,13.72,172,82.34,43.07,47.70,11.78,27.49
2025-03-08,SKU-SEA-104,Pasta 16oz,Seafood,4,6.11,10.73,195,42.91,24.46,43.01,0.54,17.91
2025-12-20,SKU-FRZ-026,Paper Towels 6ct,Frozen,7,9.71,13.44,62,94.09,67.98,27.76,15.83,10.29
2025-12-19,SKU-MET-116,Soda 12oz 6pk,Meat,15,4.29,7.02,74,105.33,64.38,38.88,13.87,27.08
2025-01-25,SKU-MET-119,Pasta 16oz,Meat,9,0.89,1.56,102,14.03,8.05,42.63,1.76,4.22
2025-10-27,SKU-MET-072,Granola Bars 12ct,Meat,25,6.46,12.25,131,306.21,161.44,47.28,19.61,125.16
2025-09-30,SKU-BEV-035,Salmon Fillet (lb),Beverages,12,11.96,20.49,13,245.91,143.56,41.62,39.53,62.82
2025-04-20,SKU-BAK-070,Dish Soap 24oz,Bakery,25,9.97,12.52,20,313.10,249.28,20.38,4.39,59.42
2025-11-18,SKU-BAK-043,Rice 5lb,Bakery,24,9.21,12.71,152,305.13,221.08,27.54,42.37,41.68
2025-07-12,SKU-FRZ-051,Greek Yogurt 4pk,Frozen,21,9.87,20.03,108,420.63,207.20,50.74,53.33,160.10
2025-11-06,SKU-SEA-003,Greek Yogurt 4pk,Seafood,12,1.62,3.19,99,38.23,19.44,49.16,5.91,12.88
2025-10-04,SKU-PAN-075,Greek Yogurt 4pk,Pantry,20,1.85,3.11,32,62.16,36.96,40.54,3.91,21.29
2025-05-03,SKU-PAN-056,Apples (3lb bag),Pantry,2,14.14,28.24,47,56.48,28.28,49.93,4.21,23.99
2025-03-27,SKU-PAN-044,Sourdough Bread,Pantry,4,15.93,19.76,134,79.04,63.73,19.37,6.25,9.06
2025-06-26,SKU-DRY-009,Greek Yogurt 4pk,Dairy,28,1.65,2.57,90,71.85,46.18,35.72,4.46,21.20
2025-03-03,SKU-PRD-059,Orange Juice 1L,Produce,19,1.16,1.56,3,29.64,21.95,25.94,3.42,4.27
2025-01-15,SKU-SEA-052,Ground Beef 1lb,Seafood,21,5.34,10.86,128,228.13,112.12,50.85,32.40,83.61
2025-06-19,SKU-SEA-003,Whole Milk 1gal,Seafood,5,5.37,10.19,141,50.93,26.83,47.31,7.51,16.58
2025-07-07,SKU-HOU-041,Sourdough Bread,Household,27,10.62,18.34,181,495.06,286.84,42.06,76.60,131.61
2025-09-12,SKU-PRD-081,Apples (3lb bag),Produce,7,10.24,18.80,196,131.63,71.67,45.55,16.71,43.25
2025-04-20,SKU-DRY-094,Potato Chips 8oz,Dairy,18,4.86,8.34,137,150.07,87.56,41.65,15.76,46.75
2025-01-04,SKU-FRZ-038,Salmon Fillet (lb),Frozen,11,16.91,32.62,211,358.87,186.03,48.16,51.45,121.40
2025-06-13,SKU-DRY-096,Eggs 12ct,Dairy,20,3.01,4.22,83,84.35,60.25,28.58,3.95,20.16
2025-02-23,SKU-SNK-078,Frozen Pizza,Snacks,16,5.62,11.11,33,177.81,89.96,49.41,12.96,74.89
2025-08-17,SKU-PAN-015,Whole Milk 1gal,Pantry,21,10.37,16.18,70,339.73,217.82,35.88,12.94,108.96
2025-07-30,SKU-BAK-106,Rice 5lb,Bakery,26,7.86,15.72,81,408.60,204.27,50.01,22.11,182.22
2025-06-04,SKU-SNK-092,Rice 5lb,Snacks,13,3.00,6.29,115,81.76,39.04,52.25,13.85,28.87
2025-01-03,SKU-PAN-047,Soda 12oz 6pk,Pantry,20,1.76,3.04,6,60.89,35.16,42.25,2.86,22.86
2025-12-12,SKU-MET-018,Pasta 16oz,Meat,24,17.15,29.85,74,716.43,411.69,42.54,82.07,222.67
2025-01-11,SKU-PAN-109,Granola Bars 12ct,Pantry,1,16.47,31.70,152,31.70,16.47,48.05,5.35,9.89
2025-02-01,SKU-DRY-073,Ground Beef 1lb,Dairy,26,11.91,23.65,185,614.77,309.75,49.62,73.49,231.53
2025-07-22,SKU-SEA-099,Greek Yogurt 4pk,Seafood,5,9.30,17.69,202,88.45,46.48,47.46,1.93,40.05
2025-10-30,SKU-FRZ-056,Orange Juice 1L,Frozen,15,13.78,18.00,173,269.97,206.65,23.45,47.46,15.86
2025-11-11,SKU-FRZ-074,Eggs 12ct,Frozen,11,16.35,26.41,40,290.53,179.82,38.11,46.41,64.30
2025-07-12,SKU-HOU-114,Olive Oil 1L,Household,29,2.51,3.03,86,88.00,72.76,17.32,2.70,12.55
2025-10-17,SKU-SEA-006,Eggs 12ct,Seafood,23,2.85,4.10,18,94.20,65.52,30.44,9.26,19.41
2025-08-09,SKU-SEA-052,Pasta 16oz,Seafood,13,15.37,20.95,38,272.38,199.84,26.63,4.69,67.85
2025-07-26,SKU-PAN-080,Bananas (lb),Pantry,28,1.68,2.97,107,83.19,47.02,43.48,0.49,35.68
2025-07-18,SKU-BAK-024,Orange Juice 1L,Bakery,4,2.07,3.57,168,14.27,8.29,41.91,1.24,4.74
2025-11-14,SKU-FRZ-001,Dish Soap 24oz,Frozen,28,16.36,20.05,180,561.33,458.14,18.38,72.13,31.06
2025-12-15,SKU-BEV-055,Soda 12oz 6pk,Beverages,1,6.40,13.04,99,13.04,6.40,50.92,1.95,4.69
2025-03-02,SKU-BEV-046,Orange Juice 1L,Beverages,2,13.86,25.32,128,50.64,27.72,45.26,3.92,18.99
2025-08-03,SKU-SNK-081,Soda 12oz 6pk,Snacks,9,13.21,22.78,192,205.02,118.87,42.02,30.02,56.13
2025-01-19,SKU-MET-014,Salmon Fillet (lb),Meat,16,12.19,20.15,59,322.47,195.01,39.53,25.85,101.62
2025-04-05,SKU-MET-016,Granola Bars 12ct,Meat,26,10.45,14.57,109,378.70,271.75,28.24,4.28,102.67
2025-04-21,SKU-SEA-087,Pasta 16oz,Seafood,29,8.61,15.22,12,441.47,249.71,43.44,74.46,117.30
2025-02-25,SKU-HOU-062,Potato Chips 8oz,Household,19,15.91,26.18,83,497.47,302.34,39.22,59.33,135.80
2025-02-02,SKU-SEA-010,Potato Chips 8oz,Seafood,21,16.86,21.36,119,448.64,354.07,21.08,53.63,40.94
2025-05-30,SKU-PAN-083,Sourdough Bread,Pantry,25,13.36,16.99,13,424.66,334.10,21.32,41.66,48.90
2025-12-07,SKU-SNK-034,Bananas (lb),Snacks,30,12.80,24.93,215,747.90,384.09,48.64,120.69,243.12
2025-10-21,SKU-SNK-058,Eggs 12ct,Snacks,2,5.53,9.97,62,19.94,11.07,44.50,2.32,6.55
2025-04-04,SKU-HOU-115,Pasta 16oz,Household,22,5.77,10.32,22,227.01,127.02,44.05,7.83,92.17
2025-12-26,SKU-SNK-037,Orange Juice 1L,Snacks,5,17.64,31.43,136,157.17,88.21,43.88,5.85,63.11
2025-03-10,SKU-BEV-021,Rice 5lb,Beverages,24,4.55,5.78,195,138.61,109.25,21.18,5.33,24.03
2025-10-01,SKU-PRD-100,Whole Milk 1gal,Produce,14,7.21,8.97,96,125.58,100.88,19.67,7.12,17.58
2025-06-07,SKU-SEA-048,Chicken Breast (lb),Seafood,23,12.89,16.99,65,390.77,296.37,24.16,66.56,27.84
2025-08-11,SKU-BAK-027,Salmon Fillet (lb),Bakery,13,7.02,12.65,68,164.39,91.27,44.48,0.27,72.86
2025-06-22,SKU-BAK-097,Rice 5lb,Bakery,11,9.20,15.22,147,167.40,101.20,39.54,9.03,57.16
2025-06-07,SKU-HOU-070,Orange Juice 1L,Household,11,3.93,7.89,120,86.76,43.28,50.12,3.73,39.75
2025-02-07,SKU-MET-101,Laundry Detergent 64oz,Meat,22,4.98,9.06,42,199.41,109.46,45.11,0.26,89.69
2025-08-09,SKU-FRZ-011,Dish Soap 24oz,Frozen,17,12.07,16.43,109,279.25,205.18,26.52,16.89,57.17
2025-12-17,SKU-PAN-104,Granola Bars 12ct,Pantry,11,5.00,9.02,132,99.18,55.01,44.54,1.66,42.52
2025-06-11,SKU-SNK-119,Soda 12oz 6pk,Snacks,30,11.23,18.43,120,552.84,336.84,39.07,18.50,197.49
2025-06-30,SKU-BEV-054,Chicken Breast (lb),Beverages,30,1.56,2.33,217,69.90,46.79,33.06,0.25,22.87
2025-05-03,SKU-DRY-082,Bananas (lb),Dairy,19,10.73,16.47,8,312.90,203.90,34.84,24.88,84.13
2025-02-08,SKU-HOU-024,Soda 12oz 6pk,Household,23,13.01,21.45,206,493.38,299.12,39.37,83.24,111.02
2025-01-09,SKU-SNK-096,Potato Chips 8oz,Snacks,3,8.86,11.07,190,33.20,26.58,19.93,3.99,2.63
2025-07-23,SKU-FRZ-050,Paper Towels 6ct,Frozen,24,7.20,14.90,217,357.60,172.81,51.67,31.24,153.55
2025-10-12,SKU-DRY-065,Rice 5lb,Dairy,12,6.00,12.13,87,145.56,71.98,50.55,24.54,49.03
2025-11-28,SKU-BEV-067,Chicken Breast (lb),Beverages,2,8.02,13.04,33,26.07,16.04,38.47,2.46,7.57
2025-10-10,SKU-FRZ-114,Soda 12oz 6pk,Frozen,27,17.12,25.58,216,690.60,462.33,33.05,1.72,226.55
2025-05-31,SKU-BAK-116,Dish Soap 24oz,Bakery,13,7.86,9.56,78,124.31,102.19,17.80,20.53,1.59
2025-10-20,SKU-BEV-037,Apples (3lb bag),Beverages,9,2.08,3.16,95,28.43,18.73,34.13,2.22,7.48
2025-05-23,SKU-SNK-088,Eggs 12ct,Snacks,14,7.51,14.98,119,209.77,105.14,49.88,8.95,95.68
2025-07-02,SKU-BAK-077,Dish Soap 24oz,Bakery,8,16.25,25.41,115,203.28,129.97,36.06,24.55,48.76
2025-05-27,SKU-PRD-030,Soda 12oz 6pk,Produce,21,2.49,3.35,133,70.33,52.28,25.66,8.22,9.82
2025-05-29,SKU-DRY-051,Eggs 12ct,Dairy,23,9.69,15.11,112,347.46,222.98,35.83,18.51,105.97
2025-06-28,SKU-PAN-057,Granola Bars 12ct,Pantry,19,8.65,11.91,33,226.36,164.41,27.37,31.53,30.42
2025-03-23,SKU-PAN-085,Ground Beef 1lb,Pantry,24,16.07,30.61,120,734.68,385.58,47.52,112.17,236.93
2025-09-12,SKU-DRY-053,Orange Juice 1L,Dairy,23,13.35,26.39,106,607.03,307.13,49.40,74.36,225.54
2025-05-14,SKU-HOU-020,Pasta 16oz,Household,14,9.36,13.78,98,192.93,131.09,32.05,19.93,41.91
2025-06-16,SKU-SNK-023,Granola Bars 12ct,Snacks,12,14.63,20.06,204,240.76,175.60,27.07,33.64,31.52
2025-11-22,SKU-SNK-048,Orange Juice 1L,Snacks,22,15.69,27.32,189,601.01,345.14,42.57,17.57,238.31
2025-12-07,SKU-SNK-119,Greek Yogurt 4pk,Snacks,10,16.06,33.46,144,334.58,160.64,51.99,60.02,113.93
2025-02-25,SKU-SEA-094,Eggs 12ct,Seafood,2,14.32,19.55,67,39.10,28.65,26.74,1.69,8.76
2025-08-22,SKU-HOU-092,Chicken Breast (lb),Household,14,11.76,16.72,79,234.04,164.68,29.64,16.16,53.20
2025-09-16,SKU-BAK-005,Pasta 16oz,Bakery,8,8.83,12.50,129,100.01,70.65,29.36,1.05,28.31
2025-01-22,SKU-SNK-085,Laundry Detergent 64oz,Snacks,9,17.66,26.05,128,234.42,158.96,32.19,41.38,34.08
2025-06-20,SKU-SNK-113,Greek Yogurt 4pk,Snacks,15,14.90,27.37,176,410.58,223.51,45.56,38.11,148.96
2025-02-16,SKU-HOU-023,Sourdough Bread,Household,5,13.88,19.91,17,99.55,69.38,30.31,2.64,27.53
2025-01-17,SKU-HOU-004,Paper Towels 6ct,Household,12,14.41,27.07,93,324.82,172.92,46.77,13.91,137.99
2025-08-18,SKU-BAK-087,Salmon Fillet (lb),Bakery,21,9.15,12.88,171,270.52,192.12,28.98,18.42,59.98
2025-12-03,SKU-HOU-108,Laundry Detergent 64oz,Household,27,2.13,2.96,1,79.88,57.55,27.96,6.03,16.30
2025-04-19,SKU-SNK-060,Ground Beef 1lb,Snacks,12,15.19,28.72,39,344.65,182.25,47.12,24.04,138.36
2025-09-04,SKU-FRZ-092,Potato Chips 8oz,Frozen,26,9.61,18.89,160,491.12,249.97,49.10,51.37,189.78
2025-09-06,SKU-SEA-046,Apples (3lb bag),Seafood,19,12.19,18.31,160,347.90,231.63,33.42,28.86,87.41
2025-09-03,SKU-PRD-030,Bananas (lb),Produce,1,7.87,14.73,165,14.73,7.87,46.58,0.57,6.29
2025-01-09,SKU-PAN-027,Potato Chips 8oz,Pantry,22,2.56,4.00,130,87.98,56.35,35.96,4.13,27.51
2025-05-14,SKU-HOU-103,Dish Soap 24oz,Household,8,13.52,22.92,20,183.38,108.15,41.02,23.19,52.05
2025-05-12,SKU-PAN-117,Apples (3lb bag),Pantry,9,14.57,24.43,190,219.86,131.10,40.37,1.42,87.34
2025-10-02,SKU-MET-008,Granola Bars 12ct,Meat,7,14.42,19.35,100,135.42,100.96,25.44,0.27,34.19
2025-03-17,SKU-PRD-114,Eggs 12ct,Produce,15,7.60,10.82,133,162.30,114.01,29.75,27.33,20.96
2025-01-17,SKU-SNK-009,Bananas (lb),Snacks,18,3.96,6.13,128,110.41,71.37,35.36,1.16,37.88
2025-04-30,SKU-HOU-092,Greek Yogurt 4pk,Household,14,14.02,21.60,54,302.37,196.33,35.07,3.67,102.37
2025-01-21,SKU-FRZ-090,Greek Yogurt 4pk,Frozen,29,11.71,15.39,68,446.27,339.47,23.93,4.68,102.12
2025-02-16,SKU-FRZ-085,Eggs 12ct,Frozen,10,15.49,19.94,35,199.37,154.88,22.32,35.10,9.39
2025-05-07,SKU-DRY-006,Frozen Pizza,Dairy,17,2.15,3.75,68,63.67,36.49,42.69,9.75,17.43
2025-01-28,SKU-SEA-005,Granola Bars 12ct,Seafood,27,12.95,20.98,64,566.50,349.55,38.30,28.09,188.86
2025-04-10,SKU-SNK-049,Salmon Fillet (lb),Snacks,11,11.31,15.07,47,165.82,124.43,24.96,3.80,37.60
2025-06-18,SKU-MET-103,Potato Chips 8oz,Meat,26,8.19,11.67,105,303.44,213.02,29.80,7.83,82.58
2025-05-11,SKU-PRD-098,Olive Oil 1L,Produce,4,1.22,2.14,8,8.54,4.90,42.70,1.33,2.32
2025-06-14,SKU-PRD-062,Greek Yogurt 4pk,Produce,27,7.78,10.11,176,272.90,210.18,22.98,43.05,19.67
2025-01-18,SKU-DRY-099,Eggs 12ct,Dairy,8,7.15,10.93,86,87.43,57.23,34.55,3.23,26.97
2025-01-13,SKU-FRZ-075,Soda 12oz 6pk,Frozen,26,3.90,5.99,159,155.69,101.28,34.95,3.25,51.16
2025-09-19,SKU-SEA-050,Orange Juice 1L,Seafood,5,4.11,7.75,202,38.73,20.57,46.89,2.64,15.52
2025-06-27,SKU-HOU-115,Dish Soap 24oz,Household,1,12.04,17.28,204,17.28,12.04,30.32,0.30,4.94
2025-02-04,SKU-PRD-082,Greek Yogurt 4pk,Produce,19,10.91,22.72,168,431.70,207.38,51.96,22.63,201.69
2025-06-15,SKU-MET-093,Olive Oil 1L,Meat,13,14.28,26.31,117,342.08,185.64,45.73,34.02,122.42
2025-03-16,SKU-HOU-068,Bananas (lb),Household,20,5.65,10.96,64,219.13,113.02,48.42,15.85,90.27
2025-12-30,SKU-DRY-025,Potato Chips 8oz,Dairy,10,12.80,23.01,14,230.13,127.95,44.40,14.84,87.33
2025-04-12,SKU-MET-003,Laundry Detergent 64oz,Meat,20,7.29,12.36,30,247.10,145.70,41.04,20.72,80.68
2025-08-17,SKU-MET-082,Ground Beef 1lb,Meat,15,17.20,33.34,78,500.03,257.98,48.41,83.76,158.30
2025-03-02,SKU-SNK-032,Paper Towels 6ct,Snacks,21,7.78,10.12,76,212.59,163.46,23.11,3.14,45.99
2025-02-28,SKU-BAK-018,Laundry Detergent 64oz,Bakery,6,13.50,20.76,145,124.57,81.02,34.96,1.09,42.47
2025-11-12,SKU-BEV-027,Frozen Pizza,Beverages,10,1.65,2.01,74,20.07,16.52,17.70,3.29,0.26
2025-03-25,SKU-PRD-073,Frozen Pizza,Produce,22,6.70,11.17,146,245.75,147.40,40.02,42.46,55.89
2025-10-20,SKU-PAN-052,Rice 5lb,Pantry,21,9.73,14.27,5,299.58,204.25,31.82,4.18,91.15
2025-04-11,SKU-BAK-019,Potato Chips 8oz,Bakery,25,11.43,16.23,177,405.85,285.70,29.60,27.39,92.75
2025-02-27,SKU-MET-036,Bananas (lb),Meat,10,1.46,2.96,86,29.62,14.56,50.84,3.08,11.97
2025-05-29,SKU-HOU-072,Laundry Detergent 64oz,Household,7,15.92,22.28,106,155.99,111.45,28.55,22.30,22.23
2025-06-23,SKU-PAN-065,Sourdough Bread,Pantry,12,13.68,16.49,28,197.92,164.13,17.07,12.08,21.71
2025-07-10,SKU-SNK-029,Frozen Pizza,Snacks,2,8.33,15.14,0,30.27,16.66,44.97,0.47,13.14
2025-10-06,SKU-HOU-107,Soda 12oz 6pk,Household,29,9.09,11.91,202,345.49,263.74,23.66,5.25,76.50
2025-04-15,SKU-PRD-003,Apples (3lb bag),Produce,20,17.94,23.49,8,469.73,358.88,23.60,15.39,95.46
2025-11-24,SKU-HOU-087,Bananas (lb),Household,24,2.93,4.22,101,101.35,70.41,30.53,8.59,22.35
2025-04-29,SKU-BAK-005,Orange Juice 1L,Bakery,13,7.65,12.99,68,168.93,99.50,41.10,11.78,57.65
2025-08-30,SKU-MET-117,Laundry Detergent 64oz,Meat,10,6.35,11.90,127,119.00,63.51,46.63,17.47,38.01
2025-05-19,SKU-BEV-056,Granola Bars 12ct,Beverages,5,1.67,3.38,164,16.88,8.37,50.38,2.00,6.50
2025-06-21,SKU-MET-118,Rice 5lb,Meat,6,15.27,30.00,129,180.00,91.61,49.11,11.82,76.58
2025-04-22,SKU-SEA-089,Ground Beef 1lb,Seafood,13,6.34,12.12,58,157.57,82.45,47.67,2.36,72.75
2025-03-19,SKU-FRZ-041,Olive Oil 1L,Frozen,18,9.81,20.39,126,367.01,176.59,51.88,29.37,161.05
2025-12-06,SKU-PAN-022,Frozen Pizza,Pantry,14,8.85,14.62,69,204.67,123.86,39.48,21.34,59.47
2025-07-01,SKU-BAK-003,Dish Soap 24oz,Bakery,9,16.00,31.31,135,281.80,144.01,48.90,9.29,128.49
2025-07-17,SKU-BAK-026,Dish Soap 24oz,Bakery,2,10.91,13.53,81,27.07,21.83,19.36,1.37,3.87
2025-06-18,SKU-BAK-081,Eggs 12ct,Bakery,12,6.56,12.53,1,150.33,78.75,47.61,5.09,66.49
2025-08-14,SKU-PAN-117,Salmon Fillet (lb),Pantry,3,7.55,10.43,5,31.30,22.64,27.67,4.83,3.83
2025-01-15,SKU-HOU-093,Eggs 12ct,Household,8,16.65,22.46,132,179.66,133.22,25.85,13.44,33.00
2025-03-11,SKU-FRZ-092,Soda 12oz 6pk,Frozen,30,2.44,3.04,68,91.25,73.19,19.79,5.62,12.44
2025-01-15,SKU-SEA-051,Dish Soap 24oz,Seafood,25,0.94,1.82,104,45.43,23.60,48.06,3.78,18.06
2025-04-14,SKU-MET-053,Dish Soap 24oz,Meat,21,0.84,1.62,154,34.01,17.69,47.98,5.56,10.76
2025-11-18,SKU-SNK-105,Dish Soap 24oz,Snacks,13,12.97,16.35,156,212.58,168.59,20.69,9.83,34.16
2025-06-24,SKU-FRZ-114,Potato Chips 8oz,Frozen,18,13.66,16.43,170,295.76,245.94,16.85,39.07,10.75
2025-01-30,SKU-BEV-064,Laundry Detergent 64oz,Beverages,19,13.01,26.30,201,499.72,247.10,50.55,43.22,209.40
2025-11-01,SKU-PAN-046,Dish Soap 24oz,Pantry,27,6.50,8.31,187,224.26,175.56,21.72,28.95,19.75
2025-04-12,SKU-PAN-004,Apples (3lb bag),Pantry,10,16.62,28.53,53,285.26,166.18,41.74,5.50,113.58
2025-11-25,SKU-DRY-085,Dish Soap 24oz,Dairy,9,1.81,2.37,152,21.37,16.27,23.85,1.19,3.91
2025-10-14,SKU-MET-114,Rice 5lb,Meat,3,2.00,3.13,203,9.38,6.00,36.06,0.00,3.38
2025-09-06,SKU-BAK-004,Ground Beef 1lb,Bakery,7,8.43,13.03,95,91.23,59.02,35.30,11.67,20.54
2025-09-11,SKU-FRZ-078,Greek Yogurt 4pk,Frozen,28,10.83,15.19,202,425.24,303.30,28.68,12.14,109.80
2025-01-06,SKU-HOU-002,Sourdough Bread,Household,14,5.42,8.68,146,121.50,75.94,37.50,18.84,26.72
2025-02-02,SKU-HOU-081,Potato Chips 8oz,Household,25,12.05,20.40,205,510.03,301.33,40.92,76.72,131.98
2025-01-16,SKU-SEA-112,Olive Oil 1L,Seafood,30,7.21,11.55,213,346.63,216.20,37.63,11.61,118.82
2025-06-15,SKU-PAN-050,Ground Beef 1lb,Pantry,18,8.56,15.39,127,276.95,154.05,44.38,24.62,98.28
2025-04-25,SKU-SEA-063,Bananas (lb),Seafood,10,3.05,4.73,71,47.32,30.53,35.48,4.64,12.15
2025-01-04,SKU-SNK-080,Eggs 12ct,Snacks,16,3.77,4.93,204,78.93,60.34,23.54,11.97,6.61
2025-10-06,SKU-HOU-023,Chicken Breast (lb),Household,20,2.90,5.89,188,117.73,57.98,50.75,10.98,48.77
2025-06-27,SKU-FRZ-053,Granola Bars 12ct,Frozen,29,11.82,19.15,86,555.42,342.88,38.27,72.83,139.71
2025-08-30,SKU-FRZ-002,Orange Juice 1L,Frozen,19,7.90,10.31,112,195.83,150.18,23.31,32.68,12.97
2025-03-12,SKU-SNK-031,Eggs 12ct,Snacks,9,15.09,22.93,47,206.40,135.81,34.20,32.15,38.44
2025-08-29,SKU-SEA-083,Pasta 16oz,Seafood,2,17.62,36.06,59,72.12,35.23,51.15,10.20,26.70
2025-09-07,SKU-PAN-086,Apples (3lb bag),Pantry,19,5.42,9.05,87,172.02,102.98,40.13,11.16,57.87
2025-09-10,SKU-BAK-070,Sourdough Bread,Bakery,20,17.46,34.44,18,688.78,349.14,49.31,56.07,283.57
2025-10-31,SKU-MET-020,Salmon Fillet (lb),Meat,5,3.68,5.74,168,28.68,18.39,35.89,2.32,7.98
2025-07-23,SKU-DRY-026,Orange Juice 1L,Dairy,26,11.73,24.13,169,627.27,305.09,51.36,83.52,238.66
2025-05-15,SKU-BEV-014,Potato Chips 8oz,Beverages,9,5.97,11.90,51,107.07,53.70,49.85,15.87,37.51
2025-09-12,SKU-HOU-012,Rice 5lb,Household,6,8.97,15.36,172,92.18,53.80,41.64,13.80,24.58
2025-02-20,SKU-DRY-013,Rice 5lb,Dairy,20,16.08,29.24,22,584.74,321.59,45.00,72.78,190.37
2025-11-06,SKU-MET-060,Bananas (lb),Meat,19,16.39,27.65,103,525.31,311.41,40.72,73.65,140.26
2025-06-09,SKU-MET-109,Chicken Breast (lb),Meat,4,17.62,32.44,198,129.75,70.48,45.68,5.17,54.10
2025-01-22,SKU-SEA-014,Olive Oil 1L,Seafood,13,12.95,15.60,200,202.78,168.41,16.95,27.34,7.03
2025-09-10,SKU-DRY-049,Pasta 16oz,Dairy,12,10.18,12.83,113,153.90,122.17,20.61,22.12,9.61
2025-02-05,SKU-FRZ-007,Apples (3lb bag),Frozen,25,10.93,15.14,23,378.49,273.21,27.82,37.77,67.50
2025-12-02,SKU-DRY-101,Dish Soap 24oz,Dairy,13,9.61,13.82,44,179.68,124.87,30.50,22.36,32.45
2025-02-20,SKU-BEV-118,Sourdough Bread,Beverages,27,16.56,22.45,92,606.20,447.12,26.24,13.75,145.34
2025-11-01,SKU-HOU-024,Eggs 12ct,Household,9,13.79,23.18,127,208.63,124.08,40.52,22.32,62.23
2025-12-14,SKU-BEV-091,Greek Yogurt 4pk,Beverages,11,14.29,29.92,109,329.17,157.21,52.24,47.33,124.63
2025-04-05,SKU-FRZ-075,Dish Soap 24oz,Frozen,13,6.66,11.77,11,153.02,86.58,43.42,25.40,41.03
2025-07-26,SKU-MET-039,Olive Oil 1L,Meat,21,5.29,10.87,1,228.24,111.13,51.31,6.59,110.52
2025-11-15,SKU-SEA-031,Sourdough Bread,Seafood,7,15.09,31.00,213,216.98,105.64,51.32,18.56,92.79
2025-02-28,SKU-PAN-044,Sourdough Bread,Pantry,5,15.30,19.11,23,95.53,76.50,19.91,4.00,15.02
2025-12-21,SKU-PRD-109,Pasta 16oz,Produce,11,5.41,8.49,18,93.43,59.56,36.25,8.95,24.93
2025-11-18,SKU-HOU-038,Sourdough Bread,Household,3,13.39,17.32,121,51.96,40.18,22.66,8.87,2.90
2025-02-03,SKU-BEV-081,Bananas (lb),Beverages,19,10.54,13.45,102,255.62,200.17,21.69,20.10,35.35
2025-12-04,SKU-SEA-070,Dish Soap 24oz,Seafood,7,10.08,18.83,113,131.78,70.57,46.45,17.42,43.79
2025-09-21,SKU-BEV-108,Ground Beef 1lb,Beverages,14,17.07,35.37,209,495.23,239.01,51.74,35.86,220.37
2025-07-20,SKU-PAN-007,Granola Bars 12ct,Pantry,4,7.71,11.67,217,46.67,30.85,33.91,6.62,9.20
2025-09-17,SKU-HOU-001,Orange Juice 1L,Household,15,17.76,29.17,92,437.48,266.35,39.12,30.62,140.50
2025-05-19,SKU-MET-059,Pasta 16oz,Meat,28,16.02,21.70,44,607.50,448.63,26.15,53.07,105.81
2025-05-07,SKU-FRZ-092,Paper Towels 6ct,Frozen,4,15.24,31.51,6,126.05,60.95,51.65,19.54,45.56
2025-09-11,SKU-SEA-006,Paper Towels 6ct,Seafood,4,12.55,20.70,88,82.79,50.21,39.35,3.95,28.63
2025-02-14,SKU-MET-073,Frozen Pizza,Meat,7,12.27,15.63,4,109.41,85.88,21.50,12.90,10.63
2025-03-04,SKU-BAK-044,Paper Towels 6ct,Bakery,21,13.51,16.57,128,347.89,283.64,18.47,55.81,8.44
2025-04-28,SKU-BEV-108,Frozen Pizza,Beverages,22,10.97,21.45,172,471.89,241.37,48.85,33.65,196.87
2025-01-28,SKU-SNK-111,Sourdough Bread,Snacks,23,13.10,24.42,0,561.65,301.40,46.34,71.87,188.38
2025-07-31,SKU-PRD-068,Salmon Fillet (lb),Produce,2,1.89,2.85,164,5.69,3.79,33.46,0.41,1.49
2025-09-03,SKU-DRY-036,Rice 5lb,Dairy,30,2.16,2.76,208,82.91,64.76,21.90,0.69,17.46
2025-06-25,SKU-HOU-013,Apples (3lb bag),Household,2,15.26,21.58,127,43.16,30.52,29.27,5.40,7.23
2025-08-19,SKU-BEV-034,Laundry Detergent 64oz,Beverages,23,14.28,26.26,67,603.98,328.34,45.64,72.61,203.02
2025-02-21,SKU-MET-099,Orange Juice 1L,Meat,13,15.69,23.38,62,303.95,203.99,32.89,31.86,68.10
2025-03-17,SKU-PAN-013,Frozen Pizza,Pantry,6,14.84,27.96,103,167.76,89.05,46.92,25.50,53.21
2025-11-11,SKU-FRZ-077,Ground Beef 1lb,Frozen,23,8.99,11.82,158,271.77,206.66,23.96,41.92,23.20
2025-09-14,SKU-BEV-113,Paper Towels 6ct,Beverages,26,9.48,18.80,133,488.67,246.61,49.53,43.56,198.50
2025-10-04,SKU-MET-108,Bananas (lb),Meat,9,17.89,37.24,154,335.17,161.00,51.96,35.36,138.80
2025-10-15,SKU-FRZ-098,Potato Chips 8oz,Frozen,19,5.01,8.45,98,160.49,95.23,40.66,24.61,40.65
2025-12-17,SKU-PRD-087,Ground Beef 1lb,Produce,8,10.39,20.00,111,160.03,83.14,48.04,5.60,71.28
2025-03-01,SKU-PAN-047,Sourdough Bread,Pantry,19,8.12,10.81,201,205.40,154.22,24.92,32.06,19.12
2025-01-04,SKU-PAN-089,Sourdough Bread,Pantry,28,2.65,4.50,145,125.98,74.13,41.16,6.68,45.18
2025-12-26,SKU-BAK-055,Rice 5lb,Bakery,24,10.76,13.52,201,324.59,258.13,20.47,14.71,51.74
2025-10-28,SKU-SNK-081,Chicken Breast (lb),Snacks,7,15.61,20.78,78,145.49,109.25,24.91,18.27,17.97
2025-12-16,SKU-DRY-119,Sourdough Bread,Dairy,1,5.93,11.52,173,11.52,5.93,48.52,0.20,5.39
2025-10-18,SKU-PRD-075,Greek Yogurt 4pk,Produce,30,4.83,6.64,147,199.22,144.78,27.32,23.32,31.11
2025-04-06,SKU-MET-070,Apples (3lb bag),Meat,1,13.32,19.01,62,19.01,13.32,29.97,1.14,4.56
2025-07-17,SKU-SEA-115,Potato Chips 8oz,Seafood,8,11.30,20.74,217,165.95,90.40,45.52,18.15,57.39
2025-06-07,SKU-MET-014,Orange Juice 1L,Meat,5,14.32,18.63,134,93.13,71.58,23.14,15.58,5.98
2025-09-23,SKU-HOU-023,Eggs 12ct,Household,23,1.58,2.80,66,64.29,36.24,43.62,5.69,22.35
2025-07-27,SKU-BAK-081,Frozen Pizza,Bakery,24,8.75,13.13,89,315.22,210.03,33.37,33.04,72.15
2025-06-19,SKU-BAK-113,Whole Milk 1gal,Bakery,11,15.21,25.29,171,278.17,167.27,39.87,11.21,99.69
2025-04-14,SKU-BEV-026,Eggs 12ct,Beverages,30,12.01,21.22,49,636.48,360.23,43.40,52.39,223.86
2025-02-01,SKU-SNK-046,Orange Juice 1L,Snacks,23,3.99,7.22,41,166.00,91.78,44.71,27.76,46.46
2025-04-23,SKU-PAN-017,Pasta 16oz,Pantry,26,16.87,26.63,197,692.30,438.67,36.64,95.79,157.84
2025-08-22,SKU-HOU-101,Soda 12oz 6pk,Household,26,17.06,27.52,81,715.63,443.62,38.01,23.28,248.73
2025-06-28,SKU-HOU-098,Eggs 12ct,Household,13,7.85,15.83,106,205.77,102.02,50.42,2.21,101.55
2025-09-16,SKU-MET-091,Ground Beef 1lb,Meat,12,15.29,18.66,205,223.86,183.48,18.04,1.65,38.73
2025-12-20,SKU-FRZ-076,Granola Bars 12ct,Frozen,7,5.37,8.84,189,61.85,37.60,39.20,4.52,19.73
2025-02-18,SKU-PRD-024,Olive Oil 1L,Produce,2,12.17,19.15,59,38.31,24.35,36.44,3.62,10.34
2025-12-27,SKU-SNK-095,Dish Soap 24oz,Snacks,30,16.93,32.77,25,983.21,507.93,48.34,66.75,408.53
2025-02-06,SKU-BEV-019,Paper Towels 6ct,Beverages,27,6.41,9.55,131,257.77,173.01,32.88,24.08,60.68
2025-12-22,SKU-FRZ-117,Eggs 12ct,Frozen,14,17.48,21.47,50,300.61,244.69,18.60,49.00,6.92
2025-04-16,SKU-SEA-092,Whole Milk 1gal,Seafood,11,2.47,5.11,74,56.16,27.15,51.65,5.34,23.67
2025-07-12,SKU-BEV-067,Rice 5lb,Beverages,28,4.87,9.50,204,266.04,136.24,48.79,19.93,109.87
2025-01-03,SKU-FRZ-102,Sourdough Bread,Frozen,16,2.12,2.72,87,43.59,33.90,22.24,4.01,5.69
2025-02-01,SKU-DRY-082,Frozen Pizza,Dairy,8,2.73,5.67,167,45.36,21.86,51.81,2.38,21.12
2025-11-17,SKU-DRY-102,Paper Towels 6ct,Dairy,9,3.35,5.07,145,45.67,30.13,34.04,8.18,7.37
2025-02-10,SKU-BAK-118,Chicken Breast (lb),Bakery,16,15.34,24.02,166,384.37,245.45,36.14,10.05,128.87
2025-05-13,SKU-BAK-115,Laundry Detergent 64oz,Bakery,20,6.29,13.09,51,261.71,125.79,51.93,34.45,101.47
2025-08-11,SKU-DRY-017,Sourdough Bread,Dairy,3,15.04,18.57,171,55.71,45.11,19.03,0.02,10.59
2025-09-20,SKU-BEV-083,Olive Oil 1L,Beverages,6,15.92,28.56,13,171.34,95.54,44.24,8.20,67.60
2025-05-27,SKU-PAN-099,Potato Chips 8oz,Pantry,3,16.43,27.22,201,81.65,49.29,39.64,12.22,20.15
2025-02-22,SKU-SNK-081,Ground Beef 1lb,Snacks,28,4.85,8.86,81,248.21,135.88,45.25,22.01,90.32
2025-08-07,SKU-BEV-019,Potato Chips 8oz,Beverages,27,1.75,3.33,67,90.03,47.35,47.41,1.76,40.93
2025-08-15,SKU-DRY-040,Dish Soap 24oz,Dairy,27,14.22,20.99,160,566.79,383.84,32.28,75.72,107.22
2025-07-29,SKU-PAN-002,Eggs 12ct,Pantry,13,4.39,9.05,174,117.71,57.07,51.51,19.50,41.13
2025-05-19,SKU-BEV-117,Soda 12oz 6pk,Beverages,14,5.48,10.77,40,150.73,76.75,49.08,2.32,71.65
2025-12-29,SKU-FRZ-039,Frozen Pizza,Frozen,3,17.73,29.54,60,88.62,53.18,39.99,11.07,24.37
2025-07-08,SKU-PRD-108,Paper Towels 6ct,Produce,18,7.43,14.11,154,253.91,133.78,47.31,15.82,104.31
2025-08-08,SKU-SEA-086,Apples (3lb bag),Seafood,6,6.12,9.07,118,54.42,36.70,32.56,2.14,15.58
2025-03-23,SKU-FRZ-009,Laundry Detergent 64oz,Frozen,16,14.26,21.37,139,341.89,228.12,33.28,34.19,79.58
2025-04-05,SKU-BAK-091,Potato Chips 8oz,Bakery,19,12.34,15.49,36,294.35,234.49,20.34,33.70,26.16
2025-03-17,SKU-SNK-003,Olive Oil 1L,Snacks,13,3.83,6.02,214,78.25,49.74,36.44,10.16,18.36
2025-03-01,SKU-SEA-056,Potato Chips 8oz,Seafood,21,17.29,22.54,203,473.34,363.18,23.27,80.74,29.42
2025-05-18,SKU-PRD-034,Apples (3lb bag),Produce,10,11.86,22.45,165,224.49,118.58,47.18,34.48,71.43
2025-01-27,SKU-BEV-037,Salmon Fillet (lb),Beverages,18,15.22,31.34,63,564.03,273.89,51.44,70.91,219.23
2025-10-11,SKU-DRY-120,Frozen Pizza,Dairy,3,9.39,13.27,48,39.81,28.18,29.21,1.29,10.34
2025-07-13,SKU-FRZ-093,Rice 5lb,Frozen,4,7.75,11.26,88,45.03,31.01,31.13,5.78,8.24
2025-03-16,SKU-MET-029,Salmon Fillet (lb),Meat,17,12.99,24.69,110,419.74,220.78,47.40,12.00,186.96
2025-01-01,SKU-DRY-001,Potato Chips 8oz,Dairy,12,4.53,6.71,116,80.50,54.33,32.51,9.86,16.31
2025-06-18,SKU-HOU-096,Sourdough Bread,Household,1,13.45,27.96,168,27.96,13.45,51.89,0.64,13.87
2025-11-06,SKU-DRY-073,Pasta 16oz,Dairy,3,7.19,9.68,153,29.05,21.56,25.76,5.01,2.47
2025-11-27,SKU-PAN-073,Whole Milk 1gal,Pantry,10,17.16,28.63,69,286.28,171.64,40.05,29.05,85.59
2025-07-04,SKU-SEA-039,Laundry Detergent 64oz,Seafood,23,9.13,17.26,73,397.08,210.10,47.09,69.83,117.15
2025-06-25,SKU-PRD-113,Chicken Breast (lb),Produce,25,11.67,21.39,184,534.82,291.77,45.45,28.93,214.12
2025-12-10,SKU-FRZ-057,Whole Milk 1gal,Frozen,2,6.46,9.60,110,19.19,12.92,32.67,2.18,4.09
2025-09-17,SKU-BAK-105,Pasta 16oz,Bakery,4,8.55,11.85,103,47.40,34.22,27.81,0.62,12.56
2025-06-01,SKU-BAK-031,Orange Juice 1L,Bakery,18,16.54,25.25,118,454.58,297.73,34.51,65.89,90.97
2025-07-04,SKU-DRY-069,Dish Soap 24oz,Dairy,26,4.02,6.08,64,157.97,104.63,33.77,2.82,50.52
2025-04-26,SKU-FRZ-073,Frozen Pizza,Frozen,9,7.66,15.45,190,139.09,68.93,50.44,23.86,46.30
2025-03-23,SKU-DRY-059,Laundry Detergent 64oz,Dairy,27,7.15,10.59,51,286.01,193.05,32.50,22.46,70.51
2025-03-03,SKU-SNK-084,Frozen Pizza,Snacks,4,3.44,5.56,97,22.25,13.74,38.25,1.53,6.98
2025-12-04,SKU-PAN-018,Bananas (lb),Pantry,29,5.70,11.12,110,322.39,165.19,48.76,19.58,137.62
2025-04-17,SKU-HOU-092,Orange Juice 1L,Household,26,13.62,26.62,67,692.08,354.10,48.84,3.27,334.71
2025-06-22,SKU-SNK-085,Pasta 16oz,Snacks,23,2.65,4.88,50,112.18,60.86,45.75,8.60,42.72
2025-03-07,SKU-PRD-054,Chicken Breast (lb),Produce,23,9.64,13.31,184,306.04,221.69,27.56,20.74,63.61
2025-03-01,SKU-HOU-068,Dish Soap 24oz,Household,1,17.26,32.34,1,32.34,17.26,46.63,1.62,13.47
2025-04-22,SKU-SNK-080,Olive Oil 1L,Snacks,28,7.36,12.95,186,362.66,206.09,43.17,5.27,151.31
2025-06-07,SKU-HOU-022,Salmon Fillet (lb),Household,30,12.12,14.70,76,441.09,363.65,17.56,50.21,27.24
2025-04-03,SKU-SEA-014,Chicken Breast (lb),Seafood,21,17.36,27.78,101,583.47,364.49,37.53,75.20,143.78
2025-11-23,SKU-FRZ-053,Laundry Detergent 64oz,Frozen,29,10.23,20.54,9,595.77,296.63,50.21,44.82,254.32
2025-05-26,SKU-PAN-116,Frozen Pizza,Pantry,24,10.47,16.01,159,384.22,251.26,34.60,20.46,112.50
2025-12-10,SKU-FRZ-018,Dish Soap 24oz,Frozen,24,12.01,14.56,101,349.37,288.33,17.47,3.83,57.20
2025-10-17,SKU-FRZ-032,Laundry Detergent 64oz,Frozen,1,17.66,21.40,11,21.40,17.66,17.51,3.00,0.75
2025-02-21,SKU-DRY-083,Olive Oil 1L,Dairy,17,2.47,3.29,112,55.93,42.07,24.79,9.67,4.19
2025-10-16,SKU-FRZ-013,Apples (3lb bag),Frozen,16,0.90,1.40,144,22.35,14.48,35.23,0.45,7.42
2025-05-25,SKU-BEV-091,Paper Towels 6ct,Beverages,15,10.43,15.72,49,235.74,156.48,33.62,32.69,46.58
2025-07-29,SKU-BEV-015,Bananas (lb),Beverages,21,2.22,3.06,212,64.35,46.61,27.57,7.57,10.18
2025-08-20,SKU-BEV-071,Greek Yogurt 4pk,Beverages,16,10.81,18.58,117,297.32,173.00,41.81,50.50,73.83
2025-09-25,SKU-HOU-015,Ground Beef 1lb,Household,6,10.64,13.29,119,79.75,63.86,19.93,3.62,12.27
2025-06-26,SKU-BEV-053,Rice 5lb,Beverages,14,9.05,11.21,180,156.94,126.72,19.25,14.48,15.73
2025-09-16,SKU-PAN-030,Soda 12oz 6pk,Pantry,30,2.90,5.30,180,159.05,87.14,45.21,24.04,47.87
2025-01-22,SKU-FRZ-058,Laundry Detergent 64oz,Frozen,22,3.14,4.02,157,88.50,68.97,22.07,9.29,10.24
2025-10-30,SKU-HOU-014,Bananas (lb),Household,18,11.40,22.58,217,406.49,205.18,49.53,21.91,179.40
2025-06-15,SKU-SEA-064,Frozen Pizza,Seafood,1,6.35,13.24,125,13.24,6.35,52.07,2.02,4.88
2025-08-06,SKU-FRZ-018,Eggs 12ct,Frozen,1,8.90,13.53,209,13.53,8.90,34.20,1.76,2.87
2025-04-13,SKU-MET-075,Soda 12oz 6pk,Meat,13,14.77,28.12,207,365.60,192.00,47.48,9.10,164.51
2025-03-18,SKU-PAN-115,Bananas (lb),Pantry,25,7.88,12.56,122,314.00,196.92,37.29,48.51,68.57
2025-07-01,SKU-BEV-097,Potato Chips 8oz,Beverages,30,7.08,11.74,120,352.30,212.55,39.67,58.76,80.99
2025-07-20,SKU-PRD-113,Granola Bars 12ct,Produce,4,3.90,6.01,31,24.05,15.61,35.11,2.92,5.52
2025-05-25,SKU-SEA-095,Pasta 16oz,Seafood,30,3.91,7.61,148,228.24,117.29,48.61,10.80,100.15
2025-02-05,SKU-PAN-081,Chicken Breast (lb),Pantry,12,5.71,11.12,182,133.47,68.53,48.65,3.52,61.41
2025-12-09,SKU-MET-106,Ground Beef 1lb,Meat,3,13.70,28.65,78,85.94,41.11,52.17,3.96,40.88
2025-06-08,SKU-BEV-070,Rice 5lb,Beverages,17,13.52,24.27,11,412.60,229.83,44.30,66.65,116.12
2025-04-17,SKU-BEV-097,Sourdough Bread,Beverages,14,4.50,8.36,185,117.08,62.95,46.24,6.27,47.87
2025-06-08,SKU-BAK-047,Soda 12oz 6pk,Bakery,4,1.05,1.85,55,7.41,4.21,43.16,1.00,2.20
2025-10-24,SKU-BAK-031,Eggs 12ct,Bakery,6,14.61,24.68,181,148.08,87.64,40.81,4.07,56.37
2025-05-11,SKU-FRZ-105,Soda 12oz 6pk,Frozen,21,9.61,18.19,181,381.91,201.84,47.15,37.32,142.75
2025-12-19,SKU-SEA-055,Dish Soap 24oz,Seafood,1,16.54,21.17,63,21.17,16.54,21.87,1.93,2.70
2025-05-15,SKU-PAN-106,Sourdough Bread,Pantry,30,1.32,2.41,174,72.34,39.59,45.27,5.62,27.13
2025-02-10,SKU-HOU-009,Potato Chips 8oz,Household,19,1.85,3.10,86,58.92,35.18,40.30,3.17,20.58
2025-07-10,SKU-SNK-032,Whole Milk 1gal,Snacks,18,8.08,12.21,120,219.72,145.47,33.79,25.32,48.93
2025-02-18,SKU-HOU-097,Frozen Pizza,Household,7,8.09,14.32,145,100.27,56.60,43.55,0.09,43.58
2025-12-04,SKU-DRY-069,Laundry Detergent 64oz,Dairy,15,16.66,21.22,208,318.32,249.90,21.49,43.37,25.04
2025-10-10,SKU-SEA-023,Orange Juice 1L,Seafood,17,12.07,17.95,30,305.23,205.26,32.75,29.53,70.44
2025-01-17,SKU-HOU-094,Eggs 12ct,Household,11,14.06,18.54,30,203.92,154.62,24.18,8.61,40.69
2025-11-28,SKU-FRZ-055,Potato Chips 8oz,Frozen,12,9.02,13.06,146,156.67,108.28,30.89,18.30,30.09
2025-04-15,SKU-PAN-029,Pasta 16oz,Pantry,28,3.07,5.45,132,152.49,85.99,43.61,13.45,53.05
2025-12-20,SKU-DRY-020,Rice 5lb,Dairy,13,10.52,17.83,103,231.73,136.70,41.01,14.98,80.05
2025-06-08,SKU-DRY-040,Greek Yogurt 4pk,Dairy,28,3.92,8.22,160,230.17,109.69,52.34,20.96,99.52
2025-08-20,SKU-PAN-086,Chicken Breast (lb),Pantry,26,12.48,24.53,187,637.82,324.47,49.13,52.33,261.02
2025-10-10,SKU-SEA-082,Olive Oil 1L,Seafood,4,17.15,29.36,122,117.45,68.60,41.59,14.40,34.44
2025-01-12,SKU-BAK-007,Greek Yogurt 4pk,Bakery,8,17.12,29.09,29,232.74,136.99,41.14,18.34,77.41
2025-04-13,SKU-DRY-006,Dish Soap 24oz,Dairy,14,6.97,14.22,199,199.09,97.53,51.02,6.73,94.84
2025-03-28,SKU-MET-109,Rice 5lb,Meat,28,14.98,30.16,140,844.42,419.31,50.34,72.75,352.36
2025-05-21,SKU-PAN-035,Paper Towels 6ct,Pantry,30,14.72,28.89,136,866.78,441.51,49.06,139.91,285.36
2025-06-06,SKU-HOU-065,Paper Towels 6ct,Household,1,7.11,10.97,35,10.97,7.11,35.20,0.60,3.27
2025-07-22,SKU-FRZ-003,Eggs 12ct,Frozen,3,12.35,18.64,152,55.91,37.04,33.76,6.94,11.93
2025-12-03,SKU-MET-080,Potato Chips 8oz,Meat,16,16.91,28.85,30,461.60,270.64,41.37,21.73,169.23
2025-12-15,SKU-PRD-025,Potato Chips 8oz,Produce,29,3.29,5.59,85,162.04,95.49,41.07,24.63,41.92
2025-03-28,SKU-PRD-015,Sourdough Bread,Produce,25,5.65,8.17,134,204.34,141.16,30.92,11.79,51.39
2025-07-21,SKU-BEV-046,Eggs 12ct,Beverages,2,10.71,21.54,209,43.09,21.42,50.28,7.72,13.94
2025-03-24,SKU-PAN-083,Frozen Pizza,Pantry,15,7.55,13.76,34,206.37,113.22,45.14,27.50,65.65
2025-05-08,SKU-HOU-025,Olive Oil 1L,Household,4,5.57,8.32,5,33.29,22.29,33.04,0.63,10.37
2025-09-11,SKU-SEA-041,Paper Towels 6ct,Seafood,2,2.79,5.57,136,11.13,5.57,49.97,1.08,4.49
2025-07-26,SKU-SNK-045,Chicken Breast (lb),Snacks,13,15.75,30.47,36,396.09,204.73,48.31,38.66,152.70
2025-10-09,SKU-DRY-044,Ground Beef 1lb,Dairy,16,5.43,9.58,102,153.27,86.81,43.36,0.65,65.81
2025-02-23,SKU-MET-068,Granola Bars 12ct,Meat,27,16.00,26.17,220,706.46,432.06,38.84,80.17,194.23
2025-02-02,SKU-SNK-043,Chicken Breast (lb),Snacks,25,8.09,13.52,160,337.91,202.27,40.14,39.22,96.41
2025-11-24,SKU-PAN-107,Pasta 16oz,Pantry,14,8.35,11.26,16,157.68,116.96,25.82,12.82,27.90
2025-01-25,SKU-PRD-116,Frozen Pizza,Produce,23,3.00,4.34,104,99.91,68.90,31.04,13.80,17.20
2025-08-18,SKU-SEA-006,Potato Chips 8oz,Seafood,26,8.02,9.82,217,255.36,208.46,18.37,43.39,3.51
2025-12-13,SKU-MET-093,Greek Yogurt 4pk,Meat,10,7.01,14.00,211,139.95,70.10,49.91,9.21,60.64
2025-10-18,SKU-SNK-076,Potato Chips 8oz,Snacks,14,2.00,2.73,202,38.16,27.97,26.71,3.31,6.88
2025-04-10,SKU-PAN-065,Bananas (lb),Pantry,4,17.12,33.17,159,132.68,68.50,48.38,21.05,43.13
2025-07-30,SKU-SEA-050,Granola Bars 12ct,Seafood,20,6.71,10.77,18,215.40,134.13,37.73,24.47,56.80
2025-06-27,SKU-FRZ-049,Rice 5lb,Frozen,20,3.14,4.58,84,91.56,62.88,31.32,14.58,14.09
2025-08-20,SKU-SNK-021,Sourdough Bread,Snacks,24,1.61,3.13,159,75.08,38.75,48.38,11.74,24.58
2025-10-12,SKU-BEV-117,Potato Chips 8oz,Beverages,19,4.29,5.88,196,111.67,81.43,27.08,8.22,22.02
2025-11-08,SKU-MET-018,Eggs 12ct,Meat,7,16.56,22.56,103,157.93,115.90,26.62,20.95,21.08
2025-07-19,SKU-DRY-066,Whole Milk 1gal,Dairy,10,4.71,7.65,191,76.48,47.11,38.41,2.87,26.51
2025-09-18,SKU-DRY-012,Frozen Pizza,Dairy,1,4.07,5.98,119,5.98,4.07,32.00,0.31,1.61
2025-05-06,SKU-FRZ-037,Apples (3lb bag),Frozen,25,14.79,28.28,76,707.12,369.87,47.69,33.79,303.46
2025-09-09,SKU-PAN-111,Granola Bars 12ct,Pantry,11,6.03,8.34,88,91.76,66.34,27.70,13.30,12.12
2025-09-06,SKU-PAN-008,Sourdough Bread,Pantry,9,13.05,27.19,69,244.69,117.44,52.00,43.31,83.94
2025-07-11,SKU-PRD-028,Apples (3lb bag),Produce,2,6.83,10.85,73,21.69,13.65,37.06,0.85,7.19
2025-06-15,SKU-PRD-075,Soda 12oz 6pk,Produce,13,1.09,1.70,83,22.04,14.16,35.74,0.89,6.98
2025-02-18,SKU-HOU-021,Greek Yogurt 4pk,Household,1,17.64,23.06,171,23.06,17.64,23.50,4.05,1.37
2025-03-11,SKU-HOU-104,Paper Towels 6ct,Household,21,10.81,19.87,217,417.35,227.11,45.58,27.34,162.90
2025-04-30,SKU-SEA-073,Pasta 16oz,Seafood,28,5.44,8.04,128,225.06,152.46,32.26,19.04,53.56
2025-03-30,SKU-SNK-009,Paper Towels 6ct,Snacks,26,13.82,18.54,216,482.14,359.30,25.48,68.78,54.06
2025-01-26,SKU-BAK-052,Laundry Detergent 64oz,Bakery,3,9.08,15.81,36,47.43,27.25,42.55,5.02,15.16
2025-03-13,SKU-DRY-005,Salmon Fillet (lb),Dairy,8,3.97,6.86,128,54.89,31.72,42.21,2.20,20.97
2025-01-29,SKU-HOU-081,Apples (3lb bag),Household,15,3.47,6.19,146,92.82,52.01,43.97,11.53,29.29
2025-11-14,SKU-FRZ-109,Soda 12oz 6pk,Frozen,21,5.29,7.92,50,166.27,111.04,33.22,23.12,32.11
2025-04-28,SKU-HOU-008,Chicken Breast (lb),Household,2,10.92,19.49,14,38.98,21.84,43.97,5.40,11.74
2025-07-05,SKU-DRY-035,Pasta 16oz,Dairy,1,17.71,28.47,135,28.47,17.71,37.80,3.25,7.51
2025-10-24,SKU-BEV-020,Olive Oil 1L,Beverages,8,13.70,23.00,45,184.03,109.58,40.46,25.38,49.07
2025-09-04,SKU-BEV-033,Greek Yogurt 4pk,Beverages,17,3.81,5.93,127,100.76,64.72,35.77,13.68,22.36
2025-10-16,SKU-SNK-033,Bananas (lb),Snacks,18,5.76,8.56,61,154.14,103.61,32.78,26.47,24.06
2025-12-02,SKU-SNK-120,Greek Yogurt 4pk,Snacks,30,8.42,16.77,66,503.04,252.70,49.77,53.06,197.28
2025-12-28,SKU-DRY-056,Frozen Pizza,Dairy,6,6.42,11.40,207,68.40,38.50,43.71,12.29,17.60
2025-02-22,SKU-PAN-111,Orange Juice 1L,Pantry,25,6.15,12.67,27,316.70,153.67,51.48,0.71,162.33
2025-04-01,SKU-DRY-117,Sourdough Bread,Dairy,20,12.87,16.85,122,336.97,257.41,23.61,16.86,62.71
2025-07-06,SKU-PRD-052,Bananas (lb),Produce,4,15.03,28.61,145,114.44,60.10,47.48,13.15,41.19
2025-05-28,SKU-HOU-104,Bananas (lb),Household,6,7.60,14.67,44,88.00,45.60,48.19,14.54,27.86
2025-08-23,SKU-PAN-057,Potato Chips 8oz,Pantry,3,3.02,5.82,187,17.45,9.06,48.06,0.18,8.21
2025-11-21,SKU-HOU-089,Olive Oil 1L,Household,22,7.49,15.60,63,343.31,164.72,52.02,10.14,168.45
2025-10-30,SKU-HOU-084,Soda 12oz 6pk,Household,23,8.08,15.14,50,348.25,185.84,46.64,38.93,123.48
2025-09-10,SKU-PAN-090,Granola Bars 12ct,Pantry,7,12.14,20.03,110,140.20,85.01,39.36,2.03,53.16
2025-07-19,SKU-PRD-063,Rice 5lb,Produce,21,6.25,13.02,54,273.34,131.21,52.00,4.44,137.69
2025-02-17,SKU-SNK-015,Eggs 12ct,Snacks,4,2.33,3.69,28,14.75,9.33,36.74,0.51,4.91
2025-07-02,SKU-MET-085,Dish Soap 24oz,Meat,18,15.24,19.53,141,351.57,274.40,21.95,46.00,31.18
2025-01-02,SKU-PRD-076,Greek Yogurt 4pk,Produce,3,12.67,19.84,211,59.51,38.00,36.14,9.88,11.63
2025-08-26,SKU-HOU-039,Pasta 16oz,Household,20,2.76,5.41,26,108.14,55.26,48.91,14.22,38.67
2025-03-07,SKU-PAN-003,Rice 5lb,Pantry,26,14.31,29.14,90,757.65,372.06,50.89,75.02,310.57
2025-09-07,SKU-PAN-042,Bananas (lb),Pantry,14,11.00,13.93,166,194.98,153.96,21.04,32.05,8.97
2025-07-09,SKU-PRD-010,Olive Oil 1L,Produce,19,9.79,13.33,119,253.27,186.06,26.54,13.75,53.46
2025-05-14,SKU-PAN-109,Granola Bars 12ct,Pantry,24,9.33,12.96,39,311.11,223.89,28.04,46.96,40.26
2025-11-10,SKU-BEV-026,Orange Juice 1L,Beverages,14,17.89,36.69,27,513.64,250.51,51.23,7.75,255.38
2025-05-18,SKU-HOU-071,Frozen Pizza,Household,29,16.56,34.39,144,997.31,480.31,51.84,83.85,433.16
2025-05-30,SKU-FRZ-047,Laundry Detergent 64oz,Frozen,19,2.31,3.56,79,67.64,43.94,35.05,4.04,19.67
2025-05-05,SKU-SEA-009,Ground Beef 1lb,Seafood,5,15.69,29.79,82,148.93,78.45,47.32,18.42,52.06
2025-07-19,SKU-BEV-063,Chicken Breast (lb),Beverages,15,14.42,18.14,43,272.04,216.36,20.47,32.49,23.20
2025-11-16,SKU-PRD-006,Orange Juice 1L,Produce,11,11.94,23.35,177,256.84,131.30,48.88,30.96,94.59
2025-07-24,SKU-BAK-054,Chicken Breast (lb),Bakery,17,13.75,17.37,30,295.30,233.76,20.84,16.11,45.43
2025-04-03,SKU-DRY-011,Rice 5lb,Dairy,17,17.30,21.96,39,373.28,294.09,21.21,1.23,77.96
2025-10-24,SKU-SNK-034,Ground Beef 1lb,Snacks,6,8.53,17.83,83,106.99,51.19,52.15,0.01,55.79
2025-04-22,SKU-FRZ-040,Frozen Pizza,Frozen,15,17.03,23.40,63,351.01,255.41,27.24,57.27,38.34
2025-02-05,SKU-PAN-095,Pasta 16oz,Pantry,20,5.70,9.31,31,186.23,114.07,38.75,31.65,40.50
2025-10-30,SKU-FRZ-062,Pasta 16oz,Frozen,11,8.51,10.59,88,116.48,93.60,19.64,7.49,15.39
2025-04-11,SKU-PAN-003,Greek Yogurt 4pk,Pantry,22,1.64,2.13,214,46.81,36.17,22.74,0.96,9.68
2025-04-12,SKU-BAK-050,Olive Oil 1L,Bakery,5,6.96,12.65,35,63.27,34.81,44.98,6.14,22.32
2025-04-26,SKU-PRD-090,Granola Bars 12ct,Produce,6,9.79,16.09,180,96.57,58.76,39.16,2.00,35.81
2025-05-10,SKU-PRD-090,Whole Milk 1gal,Produce,19,9.21,16.82,118,319.60,174.90,45.28,22.10,122.60
2025-12-10,SKU-HOU-006,Ground Beef 1lb,Household,12,17.88,35.27,82,423.19,214.52,49.31,45.93,162.74
2025-06-18,SKU-FRZ-002,Eggs 12ct,Frozen,7,6.95,10.82,41,75.72,48.65,35.75,2.10,24.97
2025-07-06,SKU-SEA-042,Sourdough Bread,Seafood,25,9.95,19.19,137,479.75,248.71,48.16,18.49,212.55
2025-10-07,SKU-SEA-025,Apples (3lb bag),Seafood,1,17.44,27.20,151,27.20,17.44,35.90,3.03,6.73
2025-10-02,SKU-FRZ-087,Salmon Fillet (lb),Frozen,14,1.19,2.08,74,29.15,16.61,43.00,2.93,9.61
2025-12-13,SKU-PAN-091,Orange Juice 1L,Pantry,27,0.84,1.71,193,46.29,22.81,50.73,4.05,19.44
2025-11-01,SKU-BAK-065,Frozen Pizza,Bakery,9,3.92,5.86,134,52.72,35.32,33.01,8.47,8.94
2025-05-24,SKU-SNK-080,Whole Milk 1gal,Snacks,9,13.87,27.80,58,250.17,124.85,50.10,7.99,117.34
2025-06-26,SKU-SNK-051,Dish Soap 24oz,Snacks,22,5.76,11.03,128,242.65,126.80,47.74,21.45,94.39
2025-05-10,SKU-HOU-035,Salmon Fillet (lb),Household,7,1.02,1.41,140,9.85,7.15,27.35,0.29,2.40
2025-11-23,SKU-BEV-094,Olive Oil 1L,Beverages,13,10.95,18.55,205,241.09,142.35,40.95,27.91,70.83
2025-09-29,SKU-BEV-037,Paper Towels 6ct,Beverages,10,2.68,3.56,179,35.61,26.80,24.73,5.74,3.07
2025-11-06,SKU-PRD-091,Ground Beef 1lb,Produce,2,16.72,21.23,190,42.46,33.43,21.27,7.54,1.49
2025-07-19,SKU-BEV-041,Pasta 16oz,Beverages,9,7.58,15.67,156,141.07,68.18,51.67,21.88,51.01
2025-06-01,SKU-BAK-028,Olive Oil 1L,Bakery,1,8.30,15.62,188,15.62,8.30,46.85,0.22,7.10
2025-08-18,SKU-BAK-104,Soda 12oz 6pk,Bakery,10,10.53,20.89,201,208.89,105.27,49.60,9.00,94.62
2025-09-12,SKU-HOU-120,Ground Beef 1lb,Household,1,4.17,7.95,146,7.95,4.17,47.51,0.91,2.87
2025-11-06,SKU-BEV-092,Laundry Detergent 64oz,Beverages,4,14.01,17.84,39,71.36,56.06,21.44,1.78,13.52
2025-06-20,SKU-SEA-044,Granola Bars 12ct,Seafood,30,15.55,22.63,32,679.00,466.64,31.27,32.65,179.71
2025-08-10,SKU-PRD-062,Paper Towels 6ct,Produce,30,10.24,17.00,62,509.88,307.16,39.76,54.68,148.03
2025-01-13,SKU-DRY-087,Pasta 16oz,Dairy,5,8.31,11.18,25,55.92,41.53,25.74,9.51,4.89
2025-11-13,SKU-PRD-013,Eggs 12ct,Produce,27,7.54,11.79,16,318.38,203.49,36.09,3.20,111.70
2025-11-08,SKU-HOU-028,Laundry Detergent 64oz,Household,10,8.52,16.57,168,165.71,85.21,48.58,22.42,58.07
2025-05-25,SKU-PAN-062,Potato Chips 8oz,Pantry,26,14.34,24.33,47,632.57,372.76,41.07,26.77,233.04
2025-04-08,SKU-DRY-101,Salmon Fillet (lb),Dairy,3,5.77,7.81,32,23.44,17.30,26.23,2.09,4.06
2025-07-23,SKU-BEV-065,Apples (3lb bag),Beverages,23,9.23,16.76,131,385.54,212.21,44.96,56.08,117.26
2025-09-07,SKU-MET-024,Soda 12oz 6pk,Meat,14,8.42,17.22,183,241.13,117.86,51.12,24.55,98.73
2025-10-02,SKU-BAK-080,Apples (3lb bag),Bakery,13,17.17,21.10,32,274.31,223.22,18.63,18.25,32.84
2025-07-22,SKU-DRY-008,Olive Oil 1L,Dairy,10,5.83,7.96,161,79.62,58.30,26.77,1.67,19.65
2025-12-03,SKU-BAK-061,Frozen Pizza,Bakery,18,11.05,15.44,47,278.01,198.84,28.48,9.83,69.33
2025-04-03,SKU-PRD-077,Frozen Pizza,Produce,19,15.89,24.98,31,474.61,301.84,36.40,72.64,100.13
2025-02-06,SKU-PRD-106,Whole Milk 1gal,Produce,13,12.43,23.46,203,305.01,161.64,47.01,44.98,98.39
2025-12-31,SKU-MET-033,Olive Oil 1L,Meat,28,1.23,1.73,155,48.55,34.51,28.91,2.56,11.48
2025-05-10,SKU-FRZ-034,Sourdough Bread,Frozen,2,14.00,20.77,210,41.53,28.00,32.58,1.16,12.38
2025-12-26,SKU-HOU-109,Ground Beef 1lb,Household,15,13.42,18.95,77,284.29,201.23,29.22,38.27,44.79
2025-06-10,SKU-FRZ-011,Olive Oil 1L,Frozen,24,15.61,32.51,210,780.35,374.53,52.00,10.96,394.86
2025-02-03,SKU-BAK-096,Rice 5lb,Bakery,29,15.66,32.36,207,938.49,454.10,51.61,22.44,461.95
2025-06-06,SKU-BAK-116,Salmon Fillet (lb),Bakery,15,15.52,22.95,202,344.24,232.85,32.36,4.09,107.30
2025-04-26,SKU-MET-046,Pasta 16oz,Meat,7,11.25,13.72,191,96.07,78.77,18.01,1.09,16.22
2025-11-04,SKU-DRY-076,Laundry Detergent 64oz,Dairy,10,10.13,13.22,55,132.21,101.31,23.37,14.60,16.29
2025-08-19,SKU-SNK-093,Ground Beef 1lb,Snacks,28,10.54,21.49,165,601.63,295.00,50.97,65.02,241.61
2025-03-22,SKU-PAN-042,Chicken Breast (lb),Pantry,19,16.59,26.18,112,497.50,315.19,36.65,62.08,120.24
2025-06-20,SKU-DRY-101,Whole Milk 1gal,Dairy,12,5.00,8.78,8,105.36,60.05,43.01,18.90,26.41
2025-09-07,SKU-BEV-078,Orange Juice 1L,Beverages,20,2.62,3.15,28,63.03,52.46,16.77,3.24,7.33
2025-10-02,SKU-MET-100,Soda 12oz 6pk,Meat,11,2.79,5.37,104,59.09,30.69,48.06,8.52,19.87
2025-08-18,SKU-PRD-072,Pasta 16oz,Produce,3,13.74,22.91,193,68.74,41.21,40.05,6.87,20.66
2025-11-01,SKU-FRZ-101,Olive Oil 1L,Frozen,27,3.02,4.78,30,128.95,81.66,36.67,5.33,41.95
2025-01-22,SKU-SNK-061,Apples (3lb bag),Snacks,3,15.22,26.43,10,79.29,45.66,42.41,7.56,26.07
2025-12-19,SKU-PRD-034,Soda 12oz 6pk,Produce,9,0.89,1.10,154,9.92,7.98,19.64,1.07,0.87
2025-06-29,SKU-PRD-026,Soda 12oz 6pk,Produce,16,5.17,9.62,191,153.95,82.75,46.25,0.57,70.63
2025-08-25,SKU-MET-017,Whole Milk 1gal,Meat,19,9.74,16.69,219,317.09,185.03,41.65,18.46,113.60
2025-06-27,SKU-SEA-081,Potato Chips 8oz,Seafood,3,7.23,11.25,213,33.74,21.70,35.68,4.31,7.73
2025-12-10,SKU-SNK-090,Frozen Pizza,Snacks,6,2.55,4.68,218,28.06,15.30,45.49,1.03,11.74
2025-10-09,SKU-PAN-086,Chicken Breast (lb),Pantry,9,8.18,10.62,15,95.56,73.63,22.95,16.62,5.30
2025-12-04,SKU-SNK-028,Paper Towels 6ct,Snacks,9,12.06,16.30,155,146.70,108.52,26.03,20.21,17.97
2025-07-23,SKU-SNK-046,Paper Towels 6ct,Snacks,13,2.66,4.59,178,59.72,34.56,42.13,9.83,15.32
2025-04-25,SKU-SNK-079,Eggs 12ct,Snacks,5,13.80,20.03,44,100.16,69.00,31.11,8.90,22.26
2025-05-03,SKU-HOU-037,Soda 12oz 6pk,Household,9,3.01,3.62,8,32.59,27.08,16.90,4.25,1.26
2025-07-28,SKU-FRZ-012,Salmon Fillet (lb),Frozen,22,17.34,31.85,17,700.71,381.48,45.56,35.60,283.62
2025-12-24,SKU-SEA-053,Salmon Fillet (lb),Seafood,27,9.27,16.01,112,432.27,250.16,42.13,26.19,155.92
2025-04-03,SKU-SEA-090,Sourdough Bread,Seafood,11,14.58,18.16,184,199.78,160.42,19.70,29.52,9.84
2025-04-05,SKU-SNK-065,Apples (3lb bag),Snacks,23,2.40,4.42,23,101.65,55.13,45.76,15.05,31.47
2025-01-08,SKU-BEV-037,Chicken Breast (lb),Beverages,2,14.31,19.32,5,38.65,28.62,25.95,4.40,5.62
2025-08-20,SKU-BEV-079,Rice 5lb,Beverages,17,10.34,17.22,190,292.79,175.79,39.96,12.44,104.56
2025-07-29,SKU-MET-103,Frozen Pizza,Meat,16,7.08,12.36,78,197.79,113.22,42.76,21.37,63.20
2025-09-30,SKU-BAK-032,Dish Soap 24oz,Bakery,10,4.55,7.47,116,74.66,45.47,39.09,4.76,24.42
2025-01-20,SKU-SEA-048,Pasta 16oz,Seafood,6,7.05,11.87,33,71.25,42.27,40.67,3.86,25.11
2025-10-14,SKU-SNK-103,Paper Towels 6ct,Snacks,28,11.63,23.68,32,663.13,325.60,50.90,89.33,248.20
2025-06-23,SKU-HOU-064,Chicken Breast (lb),Household,27,12.95,20.03,51,540.85,349.64,35.35,59.13,132.09
2025-05-17,SKU-FRZ-118,Laundry Detergent 64oz,Frozen,21,7.32,10.15,193,213.23,153.73,27.91,0.03,59.47
2025-05-27,SKU-SEA-077,Orange Juice 1L,Seafood,6,12.58,24.52,33,147.15,75.49,48.70,9.90,61.76
2025-06-16,SKU-PRD-011,Ground Beef 1lb,Produce,5,5.60,10.93,117,54.66,28.02,48.73,6.02,20.61
2025-02-18,SKU-SNK-079,Laundry Detergent 64oz,Snacks,25,13.49,23.15,84,578.71,337.13,41.74,9.43,232.15
2025-05-15,SKU-SEA-102,Frozen Pizza,Seafood,3,13.73,20.88,212,62.63,41.18,34.26,1.12,20.34
2025-06-09,SKU-SEA-057,Pasta 16oz,Seafood,19,13.41,27.63,215,525.00,254.79,51.47,20.08,250.13
2025-12-01,SKU-PRD-066,Bananas (lb),Produce,16,6.45,12.36,143,197.79,103.18,47.83,25.51,69.10
2025-02-24,SKU-BEV-058,Laundry Detergent 64oz,Beverages,22,11.71,19.31,22,424.75,257.59,39.35,56.18,110.98
2025-11-02,SKU-BAK-031,Rice 5lb,Bakery,28,10.48,14.54,122,407.00,293.56,27.87,52.80,60.64
2025-02-13,SKU-MET-053,Granola Bars 12ct,Meat,25,14.21,24.07,170,601.69,355.17,40.97,23.18,223.35
2025-05-22,SKU-DRY-028,Paper Towels 6ct,Dairy,3,3.90,7.31,25,21.94,11.69,46.73,2.60,7.66
2025-01-11,SKU-PRD-013,Pasta 16oz,Produce,9,10.02,17.22,33,155.02,90.18,41.83,7.26,57.58
2025-10-01,SKU-SEA-084,Sourdough Bread,Seafood,26,15.42,20.81,209,541.08,400.94,25.90,39.28,100.87
2025-01-22,SKU-BAK-117,Apples (3lb bag),Bakery,14,13.06,16.34,29,228.73,182.82,20.07,5.23,40.68
2025-04-07,SKU-DRY-063,Rice 5lb,Dairy,12,5.94,10.47,151,125.69,71.29,43.29,13.80,40.61
2025-12-23,SKU-HOU-044,Chicken Breast (lb),Household,29,13.23,19.51,102,565.85,383.66,32.20,20.61,161.58
2025-11-24,SKU-PAN-033,Frozen Pizza,Pantry,29,6.44,9.30,60,269.59,186.85,30.69,42.81,39.94
2025-08-12,SKU-HOU-066,Salmon Fillet (lb),Household,2,11.48,22.28,66,44.55,22.96,48.47,7.79,13.81
2025-10-27,SKU-SNK-105,Soda 12oz 6pk,Snacks,9,13.46,20.01,67,180.13,121.13,32.76,25.49,33.52
2025-06-03,SKU-BEV-059,Eggs 12ct,Beverages,8,4.16,6.44,208,51.51,33.29,35.37,2.89,15.33
2025-10-26,SKU-MET-089,Olive Oil 1L,Meat,30,1.81,2.74,155,82.17,54.19,34.05,6.24,21.73
2025-05-16,SKU-BAK-086,Chicken Breast (lb),Bakery,7,0.86,1.43,40,10.01,6.03,39.75,1.66,2.32
2025-08-19,SKU-PAN-092,Orange Juice 1L,Pantry,5,4.94,8.24,142,41.20,24.72,40.01,2.08,14.41
2025-03-24,SKU-PRD-080,Orange Juice 1L,Produce,5,13.88,24.89,111,124.44,69.42,44.21,13.53,41.48
2025-02-08,SKU-SNK-046,Dish Soap 24oz,Snacks,17,16.14,22.46,125,381.75,274.42,28.12,53.56,53.77
2025-05-05,SKU-BAK-009,Rice 5lb,Bakery,17,11.90,17.51,148,297.64,202.28,32.04,31.29,64.07
2025-03-22,SKU-SNK-077,Potato Chips 8oz,Snacks,3,0.99,2.02,79,6.07,2.97,51.02,0.04,3.06
2025-11-02,SKU-SNK-033,Laundry Detergent 64oz,Snacks,14,4.82,6.13,20,85.80,67.54,21.28,8.70,9.55
2025-10-31,SKU-BEV-040,Olive Oil 1L,Beverages,24,5.01,7.54,2,180.87,120.24,33.52,7.01,53.62
2025-09-10,SKU-PAN-043,Laundry Detergent 64oz,Pantry,9,9.42,14.48,47,130.36,84.78,34.97,4.71,40.87
2025-01-12,SKU-PRD-026,Soda 12oz 6pk,Produce,18,13.35,20.48,112,368.58,240.34,34.79,64.93,63.31
2025-12-21,SKU-SEA-102,Eggs 12ct,Seafood,24,6.03,9.90,80,237.57,144.77,39.06,1.07,91.72
2025-06-29,SKU-BAK-111,Frozen Pizza,Bakery,6,8.73,12.49,145,74.93,52.36,30.13,1.13,21.44
2025-12-14,SKU-SNK-070,Salmon Fillet (lb),Snacks,18,4.21,8.69,5,156.50,75.83,51.54,1.02,79.65
2025-10-09,SKU-BEV-041,Orange Juice 1L,Beverages,25,6.75,14.16,19,353.94,168.83,52.30,26.42,158.69
2025-08-30,SKU-BEV-058,Laundry Detergent 64oz,Beverages,19,11.13,23.35,167,443.59,211.52,52.32,27.78,204.29
2025-03-20,SKU-PRD-080,Olive Oil 1L,Produce,8,6.55,12.43,195,99.46,52.41,47.30,5.66,41.39
2025-01-31,SKU-SEA-108,Paper Towels 6ct,Seafood,19,17.24,27.21,10,517.06,327.61,36.64,75.74,113.71
2025-10-25,SKU-BEV-104,Whole Milk 1gal,Beverages,30,7.98,15.32,132,459.68,239.42,47.92,8.26,212.00
2025-04-15,SKU-SEA-092,Rice 5lb,Seafood,2,2.56,3.08,82,6.16,5.13,16.76,0.20,0.83
2025-01-15,SKU-MET-047,Paper Towels 6ct,Meat,1,16.91,31.97,28,31.97,16.91,47.12,0.14,14.92
2025-04-16,SKU-SNK-056,Dish Soap 24oz,Snacks,26,10.40,13.93,3,362.14,270.38,25.34,20.55,71.21
2025-05-02,SKU-BAK-009,Chicken Breast (lb),Bakery,1,11.03,17.28,5,17.28,11.03,36.15,0.05,6.20
2025-04-01,SKU-BAK-070,Pasta 16oz,Bakery,17,5.75,9.81,13,166.72,97.67,41.42,3.18,65.87
2025-06-03,SKU-HOU-067,Granola Bars 12ct,Household,26,7.77,12.29,186,319.56,201.93,36.81,9.25,108.38
2025-10-20,SKU-BEV-101,Frozen Pizza,Beverages,9,9.94,14.11,198,127.03,89.48,29.56,0.18,37.37
2025-12-23,SKU-SNK-013,Apples (3lb bag),Snacks,19,17.94,22.52,120,427.97,340.87,20.35,50.80,36.30
2025-02-18,SKU-PRD-026,Soda 12oz 6pk,Produce,17,10.22,12.32,69,209.36,173.76,17.00,8.28,27.32
2025-05-20,SKU-HOU-073,Dish Soap 24oz,Household,21,0.95,1.81,63,38.01,20.04,47.28,3.36,14.61
2025-06-22,SKU-FRZ-053,Bananas (lb),Frozen,25,4.59,9.42,56,235.45,114.66,51.30,11.64,109.14
2025-09-05,SKU-MET-105,Greek Yogurt 4pk,Meat,24,3.80,6.47,188,155.35,91.24,41.27,23.64,40.47
2025-09-06,SKU-SNK-080,Eggs 12ct,Snacks,12,10.48,16.83,132,201.95,125.76,37.73,28.11,48.08
2025-11-02,SKU-DRY-092,Potato Chips 8oz,Dairy,25,11.39,14.45,145,361.30,284.70,21.20,32.75,43.86
2025-08-18,SKU-PRD-022,Orange Juice 1L,Produce,16,16.98,23.73,33,379.69,271.69,28.44,68.12,39.89
2025-08-15,SKU-HOU-020,Frozen Pizza,Household,4,12.59,22.11,118,88.45,50.36,43.06,2.32,35.77
2025-05-06,SKU-SEA-083,Apples (3lb bag),Seafood,24,10.06,19.37,196,464.84,241.47,48.05,54.53,168.84
2025-04-07,SKU-BEV-069,Apples (3lb bag),Beverages,8,10.70,16.35,126,130.80,85.60,34.56,4.62,40.58
2025-12-12,SKU-PAN-076,Whole Milk 1gal,Pantry,21,1.32,2.53,71,53.11,27.80,47.65,7.76,17.55
2025-04-14,SKU-SNK-012,Potato Chips 8oz,Snacks,3,14.92,21.57,106,64.70,44.77,30.81,9.79,10.14
2025-09-06,SKU-PRD-119,Eggs 12ct,Produce,3,1.46,2.84,218,8.51,4.38,48.55,0.52,3.61
2025-10-23,SKU-BEV-081,Laundry Detergent 64oz,Beverages,11,4.57,9.40,75,103.41,50.24,51.42,18.51,34.67
2025-04-17,SKU-BEV-081,Granola Bars 12ct,Beverages,27,15.87,24.41,54,658.98,428.52,34.97,52.57,177.89
2025-04-27,SKU-MET-099,Frozen Pizza,Meat,28,12.67,23.81,192,666.59,354.76,46.78,57.03,254.80
2025-03-08,SKU-SNK-038,Bananas (lb),Snacks,18,4.25,7.32,106,131.76,76.42,42.00,17.85,37.49
2025-04-06,SKU-BAK-023,Salmon Fillet (lb),Bakery,18,10.58,14.64,176,263.53,190.49,27.72,4.83,68.21
2025-10-08,SKU-DRY-119,Eggs 12ct,Dairy,11,16.67,33.83,99,372.08,183.35,50.72,55.85,132.88
2025-02-21,SKU-BEV-034,Pasta 16oz,Beverages,21,5.16,10.02,75,210.52,108.30,48.55,26.99,75.23
2025-04-07,SKU-PAN-096,Rice 5lb,Pantry,27,6.27,11.29,29,304.80,169.21,44.49,54.09,81.50
2025-01-14,SKU-FRZ-095,Pasta 16oz,Frozen,28,0.85,1.28,18,35.82,23.68,33.87,4.40,7.74
2025-12-28,SKU-PRD-102,Dish Soap 24oz,Produce,18,4.74,6.21,194,111.72,85.33,23.63,19.25,7.15
2025-09-02,SKU-DRY-116,Soda 12oz 6pk,Dairy,21,15.67,26.66,129,559.88,329.10,41.22,37.83,192.95
2025-05-28,SKU-PAN-052,Chicken Breast (lb),Pantry,30,2.83,5.54,197,166.16,84.90,48.90,8.57,72.68
2025-08-05,SKU-SNK-060,Frozen Pizza,Snacks,26,15.70,31.44,110,817.49,408.24,50.06,93.91,315.33
2025-07-07,SKU-BEV-087,Salmon Fillet (lb),Beverages,6,15.42,24.74,50,148.42,92.52,37.66,24.78,31.11
2025-06-02,SKU-FRZ-043,Eggs 12ct,Frozen,26,8.61,17.40,16,452.37,223.97,50.49,44.28,184.12
2025-06-11,SKU-SNK-120,Granola Bars 12ct,Snacks,19,8.00,15.64,75,297.22,152.03,48.85,11.01,134.18
2025-03-16,SKU-SNK-100,Ground Beef 1lb,Snacks,1,2.81,5.07,132,5.07,2.81,44.57,0.20,2.07
2025-10-05,SKU-HOU-106,Soda 12oz 6pk,Household,8,6.05,9.02,76,72.19,48.38,32.99,7.32,16.50
2025-10-10,SKU-HOU-098,Ground Beef 1lb,Household,6,6.69,9.21,73,55.25,40.13,27.38,0.95,14.18
2025-08-31,SKU-BAK-111,Potato Chips 8oz,Bakery,6,7.18,13.05,152,78.31,43.07,45.00,12.29,22.95
2025-01-24,SKU-SNK-033,Ground Beef 1lb,Snacks,26,2.30,3.13,148,81.29,59.89,26.33,9.25,12.16
2025-06-17,SKU-FRZ-092,Eggs 12ct,Frozen,19,12.65,18.78,7,356.83,240.31,32.66,50.64,65.88
2025-10-03,SKU-MET-034,Laundry Detergent 64oz,Meat,19,5.71,10.27,168,195.21,108.46,44.44,16.20,70.54
2025-11-28,SKU-HOU-086,Salmon Fillet (lb),Household,1,16.93,30.68,178,30.68,16.93,44.83,4.65,9.10
2025-03-05,SKU-FRZ-059,Salmon Fillet (lb),Frozen,24,1.62,2.54,179,61.01,38.99,36.08,10.48,11.54
2025-03-01,SKU-BAK-050,Orange Juice 1L,Bakery,11,16.33,23.92,152,263.08,179.65,31.71,7.77,75.66
2025-08-08,SKU-BAK-010,Ground Beef 1lb,Bakery,12,17.43,34.16,216,409.96,209.18,48.98,15.63,185.15
2025-03-14,SKU-DRY-090,Eggs 12ct,Dairy,13,13.70,24.03,45,312.40,178.14,42.98,24.66,109.60
2025-12-08,SKU-PRD-043,Orange Juice 1L,Produce,22,15.84,30.48,3,670.54,348.44,48.04,110.61,211.49
2025-05-23,SKU-BAK-002,Sourdough Bread,Bakery,5,12.85,16.79,187,83.94,64.23,23.48,12.37,7.34
2025-07-27,SKU-PRD-050,Chicken Breast (lb),Produce,16,3.69,5.25,190,84.07,59.03,29.79,1.90,23.14
2025-07-20,SKU-SNK-110,Paper Towels 6ct,Snacks,25,3.72,6.09,64,152.28,92.97,38.94,5.09,54.22
2025-07-14,SKU-HOU-053,Orange Juice 1L,Household,28,9.11,14.45,68,404.58,254.96,36.98,12.45,137.17
2025-04-17,SKU-BEV-037,Olive Oil 1L,Beverages,12,17.88,36.26,19,435.15,214.51,50.71,52.06,168.58
2025-06-02,SKU-MET-085,Potato Chips 8oz,Meat,28,17.63,25.84,154,723.64,493.52,31.80,107.68,122.44
2025-05-29,SKU-HOU-038,Granola Bars 12ct,Household,13,5.21,8.60,219,111.83,67.75,39.42,10.53,33.55
2025-04-03,SKU-MET-050,Potato Chips 8oz,Meat,6,13.15,26.74,26,160.45,78.92,50.81,16.05,65.49
2025-09-21,SKU-FRZ-009,Laundry Detergent 64oz,Frozen,22,5.12,6.79,89,149.47,112.69,24.61,23.51,13.27
2025-09-28,SKU-BAK-064,Pasta 16oz,Bakery,8,15.06,31.33,101,250.65,120.45,51.94,16.57,113.62
2025-09-05,SKU-DRY-086,Laundry Detergent 64oz,Dairy,4,14.00,23.37,191,93.49,55.99,40.11,2.54,34.96
2025-11-24,SKU-MET-007,Granola Bars 12ct,Meat,24,1.83,2.23,131,53.59,43.81,18.24,4.82,4.96
2025-04-17,SKU-FRZ-058,Whole Milk 1gal,Frozen,20,11.99,22.15,207,442.92,239.87,45.84,51.61,151.45
2025-01-19,SKU-SNK-034,Whole Milk 1gal,Snacks,4,6.69,10.05,172,40.18,26.76,33.42,4.63,8.80
2025-08-06,SKU-FRZ-042,Greek Yogurt 4pk,Frozen,15,13.73,27.87,53,417.98,205.91,50.74,23.12,188.95
2025-03-12,SKU-DRY-035,Dish Soap 24oz,Dairy,15,15.88,25.52,144,382.76,238.25,37.76,54.95,89.57
2025-12-30,SKU-MET-106,Whole Milk 1gal,Meat,13,9.78,19.55,102,254.13,127.18,49.95,38.19,88.76
2025-12-02,SKU-PAN-070,Granola Bars 12ct,Pantry,4,13.81,25.99,160,103.96,55.24,46.87,15.72,33.00
2025-11-07,SKU-PRD-092,Soda 12oz 6pk,Produce,10,5.22,9.99,31,99.88,52.24,47.70,6.60,41.04
2025-07-03,SKU-HOU-001,Eggs 12ct,Household,27,12.56,25.53,173,689.25,339.04,50.81,118.57,231.64
2025-10-17,SKU-BEV-073,Salmon Fillet (lb),Beverages,1,16.11,24.66,218,24.66,16.11,34.69,3.20,5.35
2025-11-28,SKU-HOU-082,Granola Bars 12ct,Household,23,12.29,20.78,186,478.05,282.74,40.86,59.49,135.82
2025-10-17,SKU-PAN-088,Apples (3lb bag),Pantry,6,8.85,16.76,146,100.56,53.11,47.18,7.10,40.35
2025-12-11,SKU-BAK-074,Granola Bars 12ct,Bakery,15,9.32,16.78,192,251.72,139.80,44.46,38.36,73.56
2025-08-14,SKU-SNK-080,Potato Chips 8oz,Snacks,20,6.40,11.53,73,230.56,127.96,44.50,6.79,95.81
2025-12-12,SKU-MET-079,Sourdough Bread,Meat,17,8.90,15.90,118,270.30,151.38,43.99,12.78,106.13
2025-05-16,SKU-SNK-079,Soda 12oz 6pk,Snacks,21,2.75,3.54,157,74.26,57.82,22.14,9.53,6.92
2025-04-29,SKU-BAK-073,Soda 12oz 6pk,Bakery,17,8.65,13.27,58,225.51,146.99,34.82,33.06,45.47
2025-05-08,SKU-BEV-111,Soda 12oz 6pk,Beverages,14,8.69,10.44,150,146.20,121.62,16.82,4.32,20.27
2025-01-09,SKU-PRD-083,Rice 5lb,Produce,7,1.48,2.39,185,16.76,10.34,38.31,0.48,5.94
2025-09-12,SKU-HOU-082,Salmon Fillet (lb),Household,5,15.93,26.53,133,132.63,79.67,39.93,19.61,33.34
2025-02-20,SKU-FRZ-050,Pasta 16oz,Frozen,24,9.86,20.61,147,494.69,236.53,52.19,73.96,184.20
2025-10-10,SKU-SNK-118,Chicken Breast (lb),Snacks,3,8.82,14.46,20,43.39,26.46,39.01,5.58,11.35
2025-04-12,SKU-HOU-069,Paper Towels 6ct,Household,4,1.10,2.06,125,8.26,4.39,46.82,0.92,2.95
2025-03-07,SKU-SEA-019,Paper Towels 6ct,Seafood,14,12.88,25.98,58,363.77,180.32,50.43,26.15,157.31
2025-10-02,SKU-MET-073,Orange Juice 1L,Meat,28,5.74,9.89,169,277.03,160.67,42.00,11.95,104.42
2025-05-10,SKU-HOU-012,Soda 12oz 6pk,Household,27,1.28,2.00,205,53.88,34.65,35.68,2.29,16.94
2025-07-23,SKU-SNK-055,Frozen Pizza,Snacks,13,1.57,3.05,86,39.67,20.45,48.44,1.12,18.10
2025-01-25,SKU-PRD-078,Potato Chips 8oz,Produce,9,6.84,13.77,51,123.92,61.56,50.32,8.54,53.82
2025-09-02,SKU-PAN-085,Greek Yogurt 4pk,Pantry,14,5.00,9.67,166,135.36,70.00,48.29,21.47,43.89
2025-07-15,SKU-SNK-001,Rice 5lb,Snacks,28,1.95,3.98,19,111.41,54.56,51.03,17.40,39.46
2025-01-15,SKU-HOU-006,Greek Yogurt 4pk,Household,5,17.94,24.55,190,122.75,89.71,26.92,4.11,28.93
2025-08-12,SKU-SEA-082,Sourdough Bread,Seafood,1,11.91,15.80,20,15.80,11.91,24.65,2.02,1.87
2025-04-07,SKU-MET-107,Rice 5lb,Meat,27,3.21,5.11,193,138.02,86.65,37.22,12.27,39.10
2025-01-21,SKU-SNK-015,Paper Towels 6ct,Snacks,29,17.16,21.30,212,617.57,497.76,19.40,67.52,52.29
2025-09-13,SKU-SEA-031,Apples (3lb bag),Seafood,7,9.19,14.45,138,101.16,64.30,36.44,4.74,32.12
2025-02-03,SKU-PRD-015,Ground Beef 1lb,Produce,7,6.23,11.07,119,77.49,43.60,43.74,8.44,25.46
2025-04-14,SKU-BAK-018,Salmon Fillet (lb),Bakery,15,14.78,24.11,63,361.72,221.75,38.70,60.53,79.43
2025-04-07,SKU-SEA-028,Pasta 16oz,Seafood,28,11.54,19.74,11,552.64,323.05,41.54,22.29,207.30
2025-06-27,SKU-PAN-099,Laundry Detergent 64oz,Pantry,20,8.92,18.62,151,372.43,178.33,52.12,61.57,132.53
2025-01-06,SKU-DRY-109,Chicken Breast (lb),Dairy,6,1.19,2.46,43,14.77,7.11,51.84,2.57,5.09
2025-02-22,SKU-PRD-016,Frozen Pizza,Produce,28,14.46,26.93,25,753.99,404.89,46.30,99.23,249.88
2025-12-14,SKU-BAK-071,Dish Soap 24oz,Bakery,20,11.61,23.33,65,466.63,232.29,50.22,7.51,226.83
2025-02-27,SKU-FRZ-025,Orange Juice 1L,Frozen,10,2.83,4.42,62,44.19,28.35,35.85,6.17,9.67
2025-07-31,SKU-HOU-089,Granola Bars 12ct,Household,3,6.80,9.08,56,27.25,20.41,25.11,4.38,2.47
2025-08-21,SKU-FRZ-026,Olive Oil 1L,Frozen,17,2.28,2.86,56,48.65,38.74,20.38,1.90,8.02
2025-01-23,SKU-SNK-060,Granola Bars 12ct,Snacks,21,8.27,10.49,78,220.27,173.57,21.20,29.86,16.84
2025-01-22,SKU-DRY-075,Bananas (lb),Dairy,5,3.40,4.63,180,23.16,17.00,26.61,3.61,2.55
2025-11-16,SKU-SNK-015,Granola Bars 12ct,Snacks,29,8.56,17.68,107,512.78,248.23,51.59,63.27,201.28
2025-01-13,SKU-PRD-073,Greek Yogurt 4pk,Produce,17,10.43,16.37,9,278.25,177.35,36.26,12.81,88.09
2025-10-18,SKU-MET-026,Frozen Pizza,Meat,9,13.27,18.24,183,164.19,119.40,27.28,23.02,21.77
2025-09-08,SKU-DRY-115,Paper Towels 6ct,Dairy,23,2.41,4.55,120,104.55,55.40,47.02,1.06,48.10
2025-05-07,SKU-HOU-120,Sourdough Bread,Household,18,15.67,27.07,177,487.23,282.05,42.11,16.27,188.91
2025-10-08,SKU-PRD-113,Apples (3lb bag),Produce,28,6.04,11.99,153,335.85,169.17,49.63,7.61,159.07
2025-12-04,SKU-MET-013,Apples (3lb bag),Meat,19,10.73,22.39,190,425.46,203.84,52.09,61.99,159.62
2025-11-26,SKU-DRY-089,Granola Bars 12ct,Dairy,15,15.14,24.07,107,361.04,227.16,37.08,40.91,92.97
2025-03-06,SKU-PRD-036,Greek Yogurt 4pk,Produce,9,5.59,7.44,177,67.00,50.30,24.92,3.45,13.24
2025-07-07,SKU-BAK-038,Potato Chips 8oz,Bakery,7,15.61,23.07,175,161.52,109.25,32.36,21.13,31.14
2025-02-05,SKU-PAN-046,Olive Oil 1L,Pantry,26,14.33,29.47,12,766.30,372.50,51.39,26.68,367.11
2025-12-15,SKU-SEA-027,Whole Milk 1gal,Seafood,22,5.19,9.33,13,205.36,114.14,44.42,7.93,83.29
2025-01-01,SKU-FRZ-054,Olive Oil 1L,Frozen,9,4.57,5.97,183,53.75,41.09,23.56,6.21,6.45
2025-11-20,SKU-PRD-066,Frozen Pizza,Produce,3,9.74,15.73,93,47.20,29.21,38.10,3.96,14.03
2025-12-13,SKU-PAN-047,Apples (3lb bag),Pantry,3,1.01,1.75,65,5.25,3.02,42.45,0.38,1.85
2025-05-10,SKU-BEV-001,Bananas (lb),Beverages,13,14.63,21.47,179,279.05,190.14,31.86,23.88,65.03
2025-04-07,SKU-SNK-070,Ground Beef 1lb,Snacks,6,13.82,28.79,10,172.75,82.93,52.00,6.82,83.00
2025-03-31,SKU-BEV-079,Rice 5lb,Beverages,27,3.43,6.92,180,186.89,92.53,50.49,9.38,84.98
2025-12-13,SKU-SEA-113,Granola Bars 12ct,Seafood,14,2.59,3.75,209,52.48,36.33,30.78,4.08,12.07
2025-04-26,SKU-HOU-017,Soda 12oz 6pk,Household,7,12.29,20.66,51,144.59,86.00,40.52,15.12,43.47
2025-05-12,SKU-BAK-084,Granola Bars 12ct,Bakery,6,7.81,12.81,118,76.84,46.88,38.99,5.51,24.45
2025-10-08,SKU-BAK-007,Granola Bars 12ct,Bakery,5,13.81,26.71,75,133.54,69.05,48.29,12.82,51.67
2025-01-21,SKU-SEA-114,Whole Milk 1gal,Seafood,25,3.46,5.33,166,133.18,86.53,35.03,11.02,35.63
2025-10-12,SKU-HOU-052,Apples (3lb bag),Household,10,5.17,7.50,19,74.99,51.73,31.01,9.39,13.86
2025-12-30,SKU-BEV-030,Dish Soap 24oz,Beverages,15,1.09,2.07,7,31.09,16.37,47.35,2.23,12.49
2025-03-05,SKU-PAN-006,Ground Beef 1lb,Pantry,29,6.02,9.42,35,273.23,174.65,36.08,16.24,82.34
2025-01-30,SKU-BEV-062,Chicken Breast (lb),Beverages,14,2.21,4.55,60,63.72,30.93,51.46,1.34,31.45
2025-01-01,SKU-MET-053,Rice 5lb,Meat,12,10.60,19.64,200,235.64,127.16,46.04,40.66,67.82
2025-12-05,SKU-HOU-006,Paper Towels 6ct,Household,30,6.35,13.08,203,392.36,190.59,51.42,66.11,135.66
2025-04-12,SKU-SEA-069,Salmon Fillet (lb),Seafood,3,14.43,19.74,100,59.21,43.28,26.89,1.75,14.17
2025-01-14,SKU-BEV-021,Dish Soap 24oz,Beverages,1,13.50,16.57,19,16.57,13.50,18.50,0.28,2.79
2025-11-16,SKU-DRY-064,Dish Soap 24oz,Dairy,5,14.13,27.64,111,138.21,70.64,48.89,19.30,48.27
2025-11-25,SKU-BEV-039,Apples (3lb bag),Beverages,11,9.80,18.31,61,201.42,107.76,46.50,34.54,59.12
2025-04-03,SKU-DRY-001,Orange Juice 1L,Dairy,6,2.75,5.35,119,32.07,16.47,48.64,2.11,13.49
2025-06-07,SKU-MET-041,Soda 12oz 6pk,Meat,16,2.22,3.49,139,55.76,35.50,36.34,7.06,13.21
2025-04-15,SKU-HOU-111,Whole Milk 1gal,Household,10,11.68,18.79,82,187.87,116.79,37.83,22.49,48.59
2025-05-09,SKU-MET-038,Granola Bars 12ct,Meat,19,9.64,18.49,157,351.32,183.23,47.84,31.60,136.49
2025-10-26,SKU-HOU-072,Rice 5lb,Household,16,16.17,30.91,74,494.55,258.71,47.69,33.69,202.15
2025-10-03,SKU-BAK-014,Orange Juice 1L,Bakery,6,15.54,30.25,144,181.47,93.23,48.62,5.96,82.27
2025-04-20,SKU-PAN-003,Rice 5lb,Pantry,24,16.84,23.71,97,569.12,404.14,28.99,51.22,113.75
2025-07-01,SKU-MET-061,Chicken Breast (lb),Meat,18,17.11,23.18,22,417.22,308.07,26.16,4.88,104.27
2025-01-16,SKU-SEA-052,Bananas (lb),Seafood,9,15.44,31.70,168,285.27,138.95,51.29,14.11,132.21
2025-03-15,SKU-PAN-107,Paper Towels 6ct,Pantry,14,6.94,10.21,134,142.99,97.20,32.02,5.92,39.87
2025-08-11,SKU-BAK-018,Rice 5lb,Bakery,6,6.58,11.98,14,71.88,39.49,45.06,5.52,26.87
2025-06-04,SKU-SEA-117,Olive Oil 1L,Seafood,29,4.27,6.67,108,193.54,123.86,36.00,30.51,39.17
2025-02-23,SKU-PAN-040,Bananas (lb),Pantry,20,16.74,26.49,45,529.77,334.89,36.79,15.51,179.37
2025-09-26,SKU-PAN-094,Eggs 12ct,Pantry,1,2.62,4.78,35,4.78,2.62,45.07,0.65,1.50
2025-08-15,SKU-SEA-054,Dish Soap 24oz,Seafood,29,3.60,5.80,127,168.22,104.52,37.87,14.35,49.34
2025-11-24,SKU-BEV-046,Sourdough Bread,Beverages,11,10.93,13.34,176,146.74,120.21,18.08,0.13,26.40
2025-05-20,SKU-SNK-065,Potato Chips 8oz,Snacks,14,2.19,2.87,119,40.17,30.66,23.67,6.66,2.85
2025-04-12,SKU-PAN-001,Olive Oil 1L,Pantry,27,13.91,25.45,75,687.20,375.44,45.37,105.39,206.36
2025-06-13,SKU-BEV-058,Soda 12oz 6pk,Beverages,30,10.11,19.21,141,576.39,303.43,47.36,7.00,265.96
2025-03-01,SKU-BEV-073,Bananas (lb),Beverages,18,16.70,29.21,115,525.72,300.54,42.83,91.79,133.38
2025-08-17,SKU-PRD-012,Whole Milk 1gal,Produce,3,8.27,15.60,168,46.79,24.80,46.99,3.70,18.28
2025-02-22,SKU-BEV-107,Laundry Detergent 64oz,Beverages,11,10.51,21.14,60,232.57,115.58,50.30,37.07,79.92
2025-08-13,SKU-MET-013,Soda 12oz 6pk,Meat,29,3.75,6.43,97,186.40,108.61,41.74,2.73,75.06
2025-01-08,SKU-DRY-073,Soda 12oz 6pk,Dairy,13,7.88,15.32,134,199.10,102.44,48.55,33.08,63.58
2025-01-15,SKU-DRY-078,Chicken Breast (lb),Dairy,24,9.29,15.90,152,381.57,223.07,41.54,35.53,122.98
2025-01-04,SKU-DRY-094,Orange Juice 1L,Dairy,22,2.01,2.80,104,61.67,44.32,28.14,7.64,9.71
2025-08-22,SKU-PAN-098,Chicken Breast (lb),Pantry,18,12.45,23.30,66,419.36,224.13,46.55,57.59,137.63
2025-05-12,SKU-BEV-034,Apples (3lb bag),Beverages,26,17.99,33.43,182,869.22,467.76,46.19,27.89,373.57
2025-12-30,SKU-SNK-055,Potato Chips 8oz,Snacks,19,8.24,11.15,155,211.89,156.62,26.08,22.45,32.82
2025-12-07,SKU-SEA-091,Chicken Breast (lb),Seafood,19,9.85,17.04,138,323.67,187.10,42.19,16.35,120.22
2025-07-03,SKU-PAN-030,Eggs 12ct,Pantry,6,17.24,25.83,111,154.96,103.41,33.26,13.98,37.56
2025-02-16,SKU-DRY-072,Salmon Fillet (lb),Dairy,25,13.51,27.66,66,691.53,337.82,51.15,51.63,302.08
2025-03-22,SKU-BEV-033,Soda 12oz 6pk,Beverages,6,5.48,10.98,192,65.85,32.88,50.06,7.86,25.11
2025-03-17,SKU-BAK-062,Whole Milk 1gal,Bakery,5,9.92,15.14,170,75.69,49.58,34.50,12.02,14.09
2025-07-22,SKU-SEA-113,Potato Chips 8oz,Seafood,22,6.57,13.76,27,302.75,144.61,52.23,47.92,110.22
2025-08-11,SKU-HOU-094,Whole Milk 1gal,Household,4,4.95,5.95,204,23.78,19.79,16.79,3.48,0.51
2025-03-21,SKU-SNK-042,Frozen Pizza,Snacks,10,11.83,14.40,130,144.04,118.26,17.90,9.69,16.10
2025-11-21,SKU-BEV-106,Eggs 12ct,Beverages,11,6.65,10.77,19,118.49,73.18,38.24,8.89,36.42
2025-03-23,SKU-SNK-028,Orange Juice 1L,Snacks,3,12.28,17.64,162,52.91,36.85,30.36,5.59,10.48
2025-01-13,SKU-SNK-077,Salmon Fillet (lb),Snacks,5,3.98,6.62,61,33.12,19.88,39.97,5.53,7.71
2025-07-26,SKU-MET-038,Orange Juice 1L,Meat,10,5.88,9.29,32,92.93,58.81,36.71,1.09,33.03
2025-12-30,SKU-BAK-061,Pasta 16oz,Bakery,5,14.58,22.67,147,113.37,72.92,35.68,11.91,28.53
2025-10-27,SKU-BAK-049,Frozen Pizza,Bakery,15,11.51,21.46,23,321.92,172.65,46.37,23.14,126.13
2025-04-06,SKU-BEV-108,Frozen Pizza,Beverages,4,4.09,7.96,58,31.86,16.36,48.66,5.19,10.30
2025-08-16,SKU-SNK-036,Frozen Pizza,Snacks,24,15.18,20.59,179,494.14,364.29,26.28,1.26,128.60
2025-11-17,SKU-FRZ-004,Sourdough Bread,Frozen,4,6.01,9.40,50,37.62,24.06,36.05,6.02,7.54
2025-09-22,SKU-PRD-101,Soda 12oz 6pk,Produce,27,11.23,19.44,168,524.81,303.32,42.20,39.09,182.39
2025-09-04,SKU-HOU-029,Granola Bars 12ct,Household,1,7.98,16.15,193,16.15,7.98,50.57,0.47,7.70
2025-01-27,SKU-BEV-047,Sourdough Bread,Beverages,1,5.77,9.33,9,9.33,5.77,38.15,0.09,3.47
2025-12-19,SKU-DRY-114,Frozen Pizza,Dairy,13,4.58,7.86,50,102.23,59.49,41.81,17.66,25.08
2025-05-25,SKU-SNK-023,Eggs 12ct,Snacks,6,5.19,9.57,201,57.43,31.13,45.79,1.12,25.18
2025-06-15,SKU-FRZ-106,Eggs 12ct,Frozen,30,1.88,2.64,81,79.22,56.52,28.65,11.04,11.66
2025-12-26,SKU-FRZ-020,Salmon Fillet (lb),Frozen,21,0.81,1.54,196,32.34,17.11,47.10,0.76,14.47
2025-12-27,SKU-HOU-085,Bananas (lb),Household,9,8.74,18.08,146,162.69,78.63,51.67,4.10,79.96
2025-02-15,SKU-PRD-087,Apples (3lb bag),Produce,1,0.92,1.57,64,1.57,0.92,41.55,0.08,0.57
2025-12-31,SKU-DRY-088,Soda 12oz 6pk,Dairy,7,1.76,3.68,79,25.73,12.29,52.23,3.25,10.19
2025-12-29,SKU-HOU-059,Greek Yogurt 4pk,Household,12,2.20,4.19,177,50.24,26.39,47.47,7.50,16.35
2025-08-19,SKU-HOU-013,Bananas (lb),Household,23,6.89,10.42,39,239.66,158.41,33.90,32.80,48.45
2025-02-24,SKU-PRD-064,Olive Oil 1L,Produce,12,3.01,5.18,10,62.14,36.16,41.81,5.28,20.70
2025-08-27,SKU-BEV-091,Apples (3lb bag),Beverages,7,14.71,18.32,50,128.21,102.98,19.68,19.23,6.01
2025-12-18,SKU-MET-112,Frozen Pizza,Meat,23,1.83,2.85,55,65.64,42.09,35.88,3.34,20.21
2025-03-27,SKU-BAK-037,Eggs 12ct,Bakery,6,6.82,9.17,182,55.03,40.89,25.69,3.14,11.00
2025-08-06,SKU-DRY-116,Soda 12oz 6pk,Dairy,14,12.42,24.45,196,342.33,173.83,49.22,24.83,143.67
2025-10-22,SKU-DRY-024,Eggs 12ct,Dairy,20,10.59,13.83,92,276.66,211.80,23.45,48.36,16.51
2025-04-27,SKU-PRD-007,Laundry Detergent 64oz,Produce,19,8.51,12.17,163,231.26,161.61,30.12,31.09,38.56
2025-07-07,SKU-BAK-098,Potato Chips 8oz,Bakery,6,3.52,5.65,126,33.89,21.13,37.63,4.58,8.17
2025-04-12,SKU-MET-111,Bananas (lb),Meat,29,17.79,32.98,35,956.39,516.05,46.04,115.96,324.39
2025-11-27,SKU-DRY-059,Ground Beef 1lb,Dairy,8,7.06,10.63,151,85.02,56.45,33.60,5.15,23.41
2025-11-20,SKU-HOU-047,Apples (3lb bag),Household,26,13.20,18.83,141,489.58,343.25,29.89,13.37,132.95
2025-06-03,SKU-PRD-115,Salmon Fillet (lb),Produce,11,12.57,24.41,89,268.56,138.32,48.50,38.76,91.48
2025-04-17,SKU-PAN-070,Sourdough Bread,Pantry,9,12.67,15.22,24,136.98,114.00,16.78,0.61,22.38
2025-06-21,SKU-BEV-101,Greek Yogurt 4pk,Beverages,23,6.81,8.72,100,200.48,156.66,21.86,12.18,31.63
2025-12-28,SKU-SNK-093,Potato Chips 8oz,Snacks,21,3.19,5.87,19,123.37,67.09,45.62,13.30,42.98
2025-05-07,SKU-BEV-038,Bananas (lb),Beverages,2,2.79,3.92,138,7.84,5.57,28.94,0.38,1.89
2025-10-14,SKU-FRZ-120,Olive Oil 1L,Frozen,21,15.97,25.07,22,526.46,335.33,36.31,14.65,176.49
2025-11-27,SKU-HOU-069,Apples (3lb bag),Household,17,14.86,25.62,97,435.62,252.69,41.99,23.28,159.65
2025-08-30,SKU-SEA-005,Ground Beef 1lb,Seafood,30,11.67,15.29,79,458.83,350.17,23.68,46.18,62.47
2025-11-21,SKU-BEV-060,Chicken Breast (lb),Beverages,12,4.78,6.11,126,73.33,57.38,21.76,9.09,6.87
2025-10-20,SKU-FRZ-025,Salmon Fillet (lb),Frozen,4,9.49,17.79,218,71.18,37.95,46.68,2.09,31.14
2025-12-29,SKU-PRD-096,Ground Beef 1lb,Produce,3,9.17,16.98,76,50.95,27.52,45.99,1.90,21.53
2025-06-12,SKU-PRD-114,Frozen Pizza,Produce,26,13.56,22.61,79,587.90,352.53,40.04,46.44,188.93
2025-09-18,SKU-HOU-010,Ground Beef 1lb,Household,13,4.63,7.28,39,94.66,60.20,36.40,15.06,19.40
2025-06-06,SKU-BEV-092,Laundry Detergent 64oz,Beverages,15,12.43,18.69,7,280.40,186.41,33.52,30.22,63.77
2025-05-01,SKU-PRD-027,Apples (3lb bag),Produce,5,9.10,18.55,59,92.77,45.48,50.97,5.06,42.22
2025-04-13,SKU-MET-116,Whole Milk 1gal,Meat,12,14.02,20.05,49,240.59,168.20,30.09,2.19,70.20
2025-10-02,SKU-PAN-041,Bananas (lb),Pantry,2,9.64,15.33,13,30.67,19.28,37.12,0.42,10.97
2025-04-07,SKU-SEA-067,Greek Yogurt 4pk,Seafood,14,15.17,23.14,159,324.02,212.39,34.45,27.77,83.87
2025-05-03,SKU-HOU-048,Chicken Breast (lb),Household,10,5.88,12.08,213,120.81,58.75,51.37,20.36,41.70
2025-05-07,SKU-PAN-092,Sourdough Bread,Pantry,5,13.91,28.19,218,140.97,69.54,50.67,15.10,56.32
2025-10-12,SKU-FRZ-104,Frozen Pizza,Frozen,2,12.12,15.85,168,31.70,24.24,23.53,2.13,5.33
2025-08-25,SKU-DRY-057,Ground Beef 1lb,Dairy,22,13.92,16.87,78,371.21,306.28,17.49,7.50,57.43
2025-06-18,SKU-PAN-112,Ground Beef 1lb,Pantry,26,3.71,6.47,95,168.17,96.36,42.70,19.00,52.81
2025-04-05,SKU-DRY-037,Chicken Breast (lb),Dairy,4,1.12,2.21,100,8.85,4.48,49.45,0.26,4.11
2025-02-12,SKU-DRY-119,Soda 12oz 6pk,Dairy,22,4.62,6.83,43,150.29,101.67,32.35,24.56,24.07
2025-12-11,SKU-HOU-110,Ground Beef 1lb,Household,16,5.91,7.33,170,117.21,94.59,19.30,9.53,13.09
2025-10-23,SKU-PAN-119,Paper Towels 6ct,Pantry,2,8.83,17.79,74,35.58,17.67,50.34,1.08,16.83
2025-01-18,SKU-SNK-054,Apples (3lb bag),Snacks,10,8.66,13.33,6,133.34,86.61,35.04,11.30,35.43
2025-08-17,SKU-MET-045,Bananas (lb),Meat,8,10.98,17.28,145,138.21,87.80,36.47,17.06,33.34
2025-03-12,SKU-PRD-049,Whole Milk 1gal,Produce,3,7.44,15.19,182,45.58,22.31,51.05,1.74,21.53
2025-08-31,SKU-SNK-075,Soda 12oz 6pk,Snacks,16,9.02,13.15,41,210.40,144.29,31.42,9.12,57.00
2025-07-10,SKU-SEA-075,Granola Bars 12ct,Seafood,25,9.32,19.06,116,476.62,232.91,51.13,77.89,165.81
2025-06-28,SKU-PRD-061,Orange Juice 1L,Produce,12,11.31,18.33,20,220.00,135.76,38.29,35.28,48.97
2025-04-10,SKU-BAK-018,Chicken Breast (lb),Bakery,4,7.39,14.07,18,56.30,29.56,47.49,7.10,19.64
2025-04-21,SKU-FRZ-030,Soda 12oz 6pk,Frozen,14,16.41,20.58,95,288.10,229.72,20.27,11.67,46.72
2025-02-26,SKU-FRZ-109,Potato Chips 8oz,Frozen,28,9.93,16.17,163,452.90,277.99,38.62,56.94,117.97
2025-10-08,SKU-FRZ-014,Rice 5lb,Frozen,15,7.72,12.57,53,188.58,115.78,38.61,10.46,62.34
2025-06-08,SKU-FRZ-079,Paper Towels 6ct,Frozen,23,3.70,6.47,16,148.90,85.18,42.79,4.43,59.29
2025-02-19,SKU-FRZ-025,Potato Chips 8oz,Frozen,5,3.68,5.51,54,27.57,18.39,33.29,4.26,4.92
2025-09-29,SKU-FRZ-107,Frozen Pizza,Frozen,14,15.16,30.95,189,433.35,212.19,51.04,59.63,161.53
2025-02-19,SKU-FRZ-071,Greek Yogurt 4pk,Frozen,22,12.99,16.10,173,354.26,285.88,19.30,54.81,13.57
2025-08-14,SKU-FRZ-048,Apples (3lb bag),Frozen,16,13.91,17.99,202,287.81,222.49,22.69,40.20,25.12
2025-03-08,SKU-FRZ-101,Bananas (lb),Frozen,22,10.77,16.07,74,353.62,236.87,33.02,11.61,105.14
2025-12-31,SKU-BEV-091,Greek Yogurt 4pk,Beverages,18,3.38,5.11,141,91.99,60.77,33.94,10.03,21.19
2025-06-13,SKU-HOU-032,Laundry Detergent 64oz,Household,22,11.02,16.85,108,370.77,242.55,34.58,34.10,94.12
2025-05-14,SKU-SEA-044,Chicken Breast (lb),Seafood,24,10.55,14.09,48,338.06,253.32,25.07,50.32,34.43
2025-03-21,SKU-HOU-097,Whole Milk 1gal,Household,10,6.43,12.63,63,126.31,64.28,49.11,4.15,57.89
2025-12-02,SKU-SEA-003,Salmon Fillet (lb),Seafood,20,6.93,11.95,180,239.00,138.67,41.98,14.89,85.44
2025-07-31,SKU-PRD-069,Potato Chips 8oz,Produce,11,11.61,18.85,197,207.37,127.69,38.42,0.71,78.97
2025-02-17,SKU-MET-102,Pasta 16oz,Meat,18,12.14,20.39,61,367.05,218.58,40.45,51.53,96.93
2025-09-27,SKU-BAK-073,Granola Bars 12ct,Bakery,7,3.91,5.32,174,37.23,27.38,26.46,2.74,7.11
2025-06-17,SKU-SNK-051,Frozen Pizza,Snacks,14,5.07,8.11,81,113.55,71.02,37.46,9.92,32.61
2025-01-09,SKU-HOU-019,Olive Oil 1L,Household,16,2.86,4.86,47,77.75,45.73,41.18,1.47,30.55
2025-03-07,SKU-HOU-045,Granola Bars 12ct,Household,14,14.17,25.17,89,352.32,198.39,43.69,36.22,117.71
2025-06-11,SKU-HOU-037,Potato Chips 8oz,Household,27,8.92,14.63,71,395.07,240.73,39.07,47.55,106.79
2025-05-06,SKU-HOU-076,Eggs 12ct,Household,13,17.69,26.73,164,347.46,229.96,33.82,45.29,72.22
2025-09-07,SKU-MET-065,Chicken Breast (lb),Meat,22,5.24,6.43,98,141.46,115.31,18.48,5.33,20.82
2025-12-18,SKU-PRD-040,Eggs 12ct,Produce,25,13.09,20.64,161,516.06,327.15,36.61,17.07,171.84
2025-06-14,SKU-BEV-054,Dish Soap 24oz,Beverages,12,10.94,17.91,159,214.97,131.26,38.94,30.39,53.32
2025-01-14,SKU-HOU-064,Potato Chips 8oz,Household,15,9.47,12.75,177,191.18,142.06,25.69,22.70,26.41
2025-07-23,SKU-HOU-110,Apples (3lb bag),Household,12,9.24,15.21,173,182.51,110.91,39.23,20.95,50.65
2025-05-30,SKU-DRY-036,Whole Milk 1gal,Dairy,9,9.23,13.94,170,125.46,83.03,33.82,12.03,30.39
2025-03-10,SKU-PAN-040,Orange Juice 1L,Pantry,19,1.17,1.65,220,31.27,22.25,28.84,0.08,8.94
2025-04-21,SKU-HOU-056,Bananas (lb),Household,13,3.86,7.45,99,96.80,50.15,48.20,4.84,41.81
2025-03-29,SKU-BEV-040,Pasta 16oz,Beverages,25,11.48,19.35,164,483.77,286.88,40.70,16.99,179.90
2025-12-14,SKU-FRZ-058,Sourdough Bread,Frozen,15,9.12,16.06,90,240.92,136.86,43.19,13.03,91.03
2025-05-04,SKU-BAK-101,Bananas (lb),Bakery,29,17.00,23.56,102,683.33,493.12,27.84,92.28,97.92
2025-03-08,SKU-BAK-003,Whole Milk 1gal,Bakery,11,9.37,14.97,142,164.67,103.02,37.44,27.25,34.40
2025-05-19,SKU-BAK-036,Orange Juice 1L,Bakery,28,2.11,3.05,205,85.40,59.21,30.66,4.54,21.64
2025-05-28,SKU-FRZ-093,Bananas (lb),Frozen,13,7.25,12.32,0,160.16,94.24,41.16,23.65,42.26
2025-04-08,SKU-FRZ-114,Dish Soap 24oz,Frozen,29,5.46,9.50,205,275.57,158.26,42.57,5.50,111.81
2025-08-25,SKU-DRY-052,Apples (3lb bag),Dairy,12,8.39,17.05,122,204.57,100.68,50.78,17.63,86.26
2025-05-01,SKU-PRD-062,Eggs 12ct,Produce,30,4.95,9.61,14,288.18,148.42,48.50,32.80,106.96
2025-01-05,SKU-BEV-066,Frozen Pizza,Beverages,12,11.97,17.50,32,209.98,143.61,31.61,1.50,64.87
2025-12-08,SKU-SEA-045,Dish Soap 24oz,Seafood,21,15.46,23.50,48,493.57,324.56,34.24,29.34,139.68
2025-06-13,SKU-FRZ-120,Dish Soap 24oz,Frozen,3,15.23,25.38,98,76.14,45.69,40.00,10.61,19.84
2025-12-21,SKU-SEA-081,Salmon Fillet (lb),Seafood,1,16.16,29.36,70,29.36,16.16,44.95,3.87,9.33
2025-02-19,SKU-SNK-117,Rice 5lb,Snacks,22,1.60,3.04,157,66.99,35.25,47.38,11.85,19.89
2025-01-12,SKU-MET-002,Ground Beef 1lb,Meat,5,10.80,20.51,123,102.55,53.98,47.37,5.05,43.53
2025-12-26,SKU-SNK-016,Apples (3lb bag),Snacks,26,6.63,10.81,15,281.02,172.43,38.64,49.79,58.79
2025-06-25,SKU-HOU-056,Sourdough Bread,Household,26,7.12,11.97,202,311.33,185.14,40.53,11.34,114.85
2025-04-04,SKU-PRD-011,Orange Juice 1L,Produce,21,9.42,18.13,46,380.69,197.83,48.03,62.15,120.71
2025-10-13,SKU-PRD-109,Sourdough Bread,Produce,26,3.74,6.25,97,162.58,97.26,40.18,24.30,41.03
2025-08-02,SKU-PAN-026,Rice 5lb,Pantry,30,13.73,17.17,88,515.06,411.96,20.02,25.88,77.22
2025-02-25,SKU-FRZ-048,Frozen Pizza,Frozen,11,1.27,1.94,40,21.36,13.93,34.80,1.57,5.86
2025-03-14,SKU-MET-089,Paper Towels 6ct,Meat,4,9.85,18.80,214,75.19,39.42,47.57,10.83,24.94
2025-01-31,SKU-HOU-093,Dish Soap 24oz,Household,18,10.33,16.54,156,297.71,185.87,37.57,52.64,59.20
2025-01-04,SKU-PRD-112,Paper Towels 6ct,Produce,10,14.88,29.09,92,290.92,148.77,48.86,49.23,92.92
2025-06-12,SKU-DRY-041,Rice 5lb,Dairy,21,15.74,25.08,186,526.62,330.60,37.22,11.30,184.71
2025-10-04,SKU-SEA-071,Orange Juice 1L,Seafood,1,13.49,21.09,191,21.09,13.49,36.05,0.41,7.19
2025-08-14,SKU-PAN-087,Granola Bars 12ct,Pantry,5,13.59,18.12,90,90.58,67.93,25.00,12.64,10.01
2025-08-04,SKU-SEA-041,Salmon Fillet (lb),Seafood,8,9.84,20.17,200,161.37,78.74,51.20,8.07,74.55
2025-09-29,SKU-HOU-069,Whole Milk 1gal,Household,17,11.08,18.42,129,313.21,188.28,39.89,32.20,92.73
2025-02-04,SKU-BAK-085,Paper Towels 6ct,Bakery,9,3.70,7.20,18,64.77,33.33,48.55,3.67,27.77
2025-10-04,SKU-BEV-108,Pasta 16oz,Beverages,27,11.95,24.58,211,663.60,322.55,51.39,57.42,283.64
2025-07-11,SKU-PAN-024,Granola Bars 12ct,Pantry,11,15.79,29.78,51,327.59,173.69,46.98,48.85,105.05
2025-08-09,SKU-SEA-095,Orange Juice 1L,Seafood,26,3.56,4.34,211,112.96,92.50,18.11,7.46,13.00
2025-02-20,SKU-PRD-008,Sourdough Bread,Produce,9,6.10,12.61,35,113.51,54.93,51.61,2.85,55.73
2025-09-04,SKU-DRY-051,Frozen Pizza,Dairy,20,7.49,13.99,167,279.88,149.81,46.47,42.36,87.71
2025-11-11,SKU-PAN-099,Salmon Fillet (lb),Pantry,7,7.36,11.06,21,77.40,51.55,33.40,11.00,14.85
2025-10-28,SKU-PRD-109,Greek Yogurt 4pk,Produce,17,2.67,3.74,188,63.62,45.35,28.71,4.02,14.24
2025-08-28,SKU-DRY-022,Sourdough Bread,Dairy,13,8.42,11.38,101,147.90,109.48,25.98,15.87,22.55
2025-03-14,SKU-SNK-010,Greek Yogurt 4pk,Snacks,22,8.84,16.18,171,356.00,194.52,45.36,34.50,126.97
2025-04-28,SKU-DRY-115,Sourdough Bread,Dairy,10,12.32,19.93,147,199.26,123.20,38.17,35.68,40.38
2025-07-15,SKU-SNK-010,Rice 5lb,Snacks,20,12.26,21.33,36,426.63,245.24,42.52,46.10,135.29
2025-05-22,SKU-HOU-059,Sourdough Bread,Household,5,9.36,18.18,172,90.92,46.80,48.53,3.53,40.59
2025-11-14,SKU-SNK-087,Chicken Breast (lb),Snacks,5,9.93,12.92,78,64.62,49.64,23.17,1.70,13.27
2025-02-17,SKU-BEV-060,Eggs 12ct,Beverages,5,7.20,13.81,74,69.03,36.02,47.82,9.78,23.23
2025-10-01,SKU-HOU-017,Pasta 16oz,Household,8,8.89,12.92,50,103.32,71.16,31.13,8.59,23.58
2025-07-22,SKU-PAN-092,Olive Oil 1L,Pantry,13,13.20,20.65,80,268.50,171.55,36.11,44.56,52.39
2025-10-09,SKU-SEA-086,Ground Beef 1lb,Seafood,26,3.57,5.55,11,144.23,92.84,35.63,13.32,38.07
2025-09-08,SKU-BAK-057,Granola Bars 12ct,Bakery,8,14.75,19.14,159,153.14,118.03,22.93,1.51,33.61
2025-06-09,SKU-FRZ-045,Greek Yogurt 4pk,Frozen,9,13.57,24.41,203,219.68,122.14,44.40,13.81,83.73
2025-01-24,SKU-BEV-036,Frozen Pizza,Beverages,24,9.74,19.08,182,457.86,233.78,48.94,74.95,149.13
2025-12-11,SKU-FRZ-012,Whole Milk 1gal,Frozen,16,14.72,22.74,89,363.92,235.49,35.29,19.08,109.35
2025-03-15,SKU-FRZ-022,Potato Chips 8oz,Frozen,19,15.30,24.51,142,465.74,290.67,37.59,37.26,137.80
2025-09-18,SKU-PRD-017,Paper Towels 6ct,Produce,21,9.91,19.55,69,410.60,208.01,49.34,12.69,189.89
2025-02-24,SKU-SNK-007,Whole Milk 1gal,Snacks,3,4.20,8.29,122,24.86,12.59,49.36,3.08,9.19
2025-03-08,SKU-SEA-068,Paper Towels 6ct,Seafood,19,9.02,12.63,201,239.94,171.42,28.56,42.93,25.58
2025-03-25,SKU-SNK-004,Sourdough Bread,Snacks,29,8.81,15.13,161,438.74,255.41,41.79,15.17,168.16
2025-06-24,SKU-PAN-019,Salmon Fillet (lb),Pantry,26,1.81,2.55,88,66.33,46.93,29.25,8.95,10.45
2025-12-19,SKU-HOU-116,Bananas (lb),Household,7,10.91,16.56,23,115.90,76.39,34.10,12.53,26.99
2025-04-02,SKU-SEA-005,Granola Bars 12ct,Seafood,18,2.42,4.84,3,87.13,43.48,50.10,4.91,38.73
2025-03-08,SKU-DRY-092,Olive Oil 1L,Dairy,12,16.95,22.38,77,268.52,203.37,24.26,45.50,19.64
2025-12-24,SKU-SNK-041,Greek Yogurt 4pk,Snacks,8,10.66,19.57,47,156.58,85.27,45.54,18.06,53.25
2025-04-03,SKU-MET-118,Pasta 16oz,Meat,2,1.21,2.53,160,5.06,2.41,52.37,0.86,1.79
2025-10-12,SKU-BAK-017,Bananas (lb),Bakery,3,13.96,27.10,77,81.29,41.87,48.49,5.49,33.93
2025-12-26,SKU-PRD-092,Frozen Pizza,Produce,3,16.28,24.33,211,72.99,48.83,33.10,4.98,19.18
2025-01-02,SKU-SEA-081,Pasta 16oz,Seafood,7,15.95,22.08,119,154.55,111.66,27.75,19.26,23.62
2025-04-29,SKU-PAN-009,Apples (3lb bag),Pantry,24,15.82,19.05,48,457.27,379.78,16.95,2.76,74.72
2025-03-09,SKU-MET-113,Chicken Breast (lb),Meat,16,2.70,3.38,65,54.15,43.25,20.14,2.73,8.17
2025-06-08,SKU-BAK-079,Pasta 16oz,Bakery,24,9.30,11.87,187,284.81,223.23,21.62,34.78,26.80
2025-02-12,SKU-MET-028,Apples (3lb bag),Meat,29,4.61,7.94,129,230.39,133.56,42.03,3.51,93.33
2025-11-14,SKU-SEA-059,Chicken Breast (lb),Seafood,26,13.25,20.68,120,537.56,344.61,35.89,33.24,159.71
2025-08-20,SKU-PAN-106,Bananas (lb),Pantry,16,13.78,26.02,27,416.39,220.55,47.03,30.50,165.34
2025-12-10,SKU-DRY-071,Granola Bars 12ct,Dairy,15,2.40,3.43,2,51.48,35.94,30.18,0.07,15.47
2025-12-06,SKU-PRD-103,Rice 5lb,Produce,26,7.97,15.52,23,403.42,207.14,48.65,29.09,167.19
2025-01-30,SKU-BEV-092,Orange Juice 1L,Beverages,7,8.75,16.00,193,112.00,61.22,45.34,18.55,32.23
2025-10-13,SKU-FRZ-060,Apples (3lb bag),Frozen,6,6.45,11.61,46,69.65,38.67,44.48,7.98,22.99
2025-01-04,SKU-PRD-114,Orange Juice 1L,Produce,22,13.02,26.16,65,575.42,286.37,50.23,74.51,214.54
2025-12-24,SKU-MET-118,Salmon Fillet (lb),Meat,26,3.10,4.95,188,128.66,80.71,37.27,4.08,43.87
2025-12-02,SKU-MET-036,Eggs 12ct,Meat,18,2.03,3.70,43,66.66,36.56,45.16,9.63,20.48
2025-12-04,SKU-BAK-096,Bananas (lb),Bakery,2,14.58,27.70,49,55.40,29.16,47.36,5.34,20.89
2025-12-20,SKU-SNK-005,Olive Oil 1L,Snacks,20,14.84,29.04,167,580.75,296.81,48.89,29.96,253.98
2025-03-11,SKU-SEA-014,Orange Juice 1L,Seafood,14,6.37,11.10,91,155.43,89.24,42.59,3.99,62.21
2025-09-22,SKU-SNK-013,Salmon Fillet (lb),Snacks,9,11.40,14.27,206,128.42,102.60,20.11,21.29,4.54
2025-11-21,SKU-PRD-009,Rice 5lb,Produce,4,13.66,18.14,52,72.57,54.64,24.71,1.56,16.37
2025-02-15,SKU-PRD-101,Paper Towels 6ct,Produce,9,14.73,24.41,43,219.70,132.58,39.66,38.83,48.30
2025-08-01,SKU-BAK-082,Greek Yogurt 4pk,Bakery,22,16.99,32.81,55,721.83,373.74,48.22,80.58,267.51
2025-09-29,SKU-PAN-006,Eggs 12ct,Pantry,10,16.70,30.34,193,303.41,166.99,44.96,21.16,115.26
2025-06-01,SKU-PRD-064,Rice 5lb,Produce,26,15.24,21.94,175,570.42,396.37,30.51,10.48,163.57
2025-08-15,SKU-BEV-017,Paper Towels 6ct,Beverages,20,16.82,27.68,142,553.70,336.36,39.25,61.82,155.52
2025-07-23,SKU-BEV-018,Olive Oil 1L,Beverages,26,5.38,10.21,219,265.37,139.98,47.25,40.09,85.30
2025-12-05,SKU-PAN-051,Eggs 12ct,Pantry,30,14.65,26.83,82,804.94,439.51,45.40,45.67,319.76
2025-04-29,SKU-BAK-065,Frozen Pizza,Bakery,13,3.42,5.80,178,75.44,44.43,41.10,4.73,26.27
2025-01-30,SKU-BEV-052,Ground Beef 1lb,Beverages,22,12.39,22.42,172,493.17,272.53,44.74,11.71,208.93
2025-07-18,SKU-FRZ-110,Chicken Breast (lb),Frozen,8,3.06,4.74,89,37.89,24.45,35.46,1.47,11.96
2025-12-18,SKU-PAN-055,Frozen Pizza,Pantry,2,6.76,13.83,75,27.65,13.51,51.14,1.09,13.05
2025-08-15,SKU-PRD-004,Eggs 12ct,Produce,5,10.84,13.65,184,68.25,54.22,20.56,6.63,7.41
2025-04-17,SKU-BEV-045,Granola Bars 12ct,Beverages,7,17.15,32.56,214,227.93,120.05,47.33,23.23,84.65
2025-12-03,SKU-DRY-044,Eggs 12ct,Dairy,11,6.45,12.34,102,135.77,70.97,47.73,2.96,61.84
2025-12-16,SKU-BEV-090,Sourdough Bread,Beverages,24,4.55,8.53,133,204.75,109.32,46.61,6.47,88.96
2025-09-08,SKU-PRD-014,Apples (3lb bag),Produce,5,12.96,25.40,49,126.98,64.80,48.97,10.33,51.86
2025-07-18,SKU-MET-104,Frozen Pizza,Meat,23,12.51,23.42,158,538.67,287.71,46.59,29.76,221.20
2025-02-09,SKU-PRD-081,Whole Milk 1gal,Produce,6,7.94,10.90,20,65.39,47.62,27.18,7.19,10.58
2025-03-12,SKU-PAN-039,Bananas (lb),Pantry,3,9.91,13.90,42,41.70,29.74,28.69,2.19,9.77
2025-06-09,SKU-BEV-077,Whole Milk 1gal,Beverages,2,5.36,10.63,126,21.25,10.72,49.57,0.32,10.21
2025-05-04,SKU-BAK-026,Apples (3lb bag),Bakery,4,8.17,15.43,79,61.72,32.70,47.02,8.24,20.78
2025-06-28,SKU-PAN-058,Bananas (lb),Pantry,11,10.48,19.97,72,219.72,115.28,47.54,23.80,80.65
2025-09-25,SKU-DRY-061,Soda 12oz 6pk,Dairy,23,9.95,17.98,87,413.57,228.88,44.66,63.81,120.87
2025-06-29,SKU-SEA-085,Chicken Breast (lb),Seafood,17,3.66,5.32,210,90.50,62.17,31.31,1.89,26.44
2025-04-29,SKU-BEV-029,Frozen Pizza,Beverages,8,0.84,1.66,172,13.29,6.76,49.15,0.39,6.14
2025-07-25,SKU-BAK-101,Olive Oil 1L,Bakery,7,2.82,5.55,58,38.82,19.71,49.24,3.74,15.38
2025-10-29,SKU-FRZ-086,Eggs 12ct,Frozen,8,5.57,11.42,36,91.32,44.57,51.20,2.86,43.89
2025-02-11,SKU-FRZ-118,Bananas (lb),Frozen,9,12.33,15.99,101,143.91,110.94,22.91,7.48,25.49
2025-04-22,SKU-SNK-080,Orange Juice 1L,Snacks,21,2.93,5.79,112,121.62,61.46,49.47,21.23,38.94
2025-01-06,SKU-HOU-046,Rice 5lb,Household,10,14.48,24.44,130,244.39,144.83,40.74,30.80,68.77
2025-12-22,SKU-SNK-008,Rice 5lb,Snacks,16,13.48,20.54,163,328.68,215.71,34.37,36.58,76.39
2025-07-09,SKU-PAN-098,Ground Beef 1lb,Pantry,1,6.08,12.56,107,12.56,6.08,51.60,0.92,5.57
2025-04-22,SKU-BEV-103,Ground Beef 1lb,Beverages,30,13.64,20.12,149,603.48,409.22,32.19,25.91,168.35
2025-02-19,SKU-MET-113,Soda 12oz 6pk,Meat,7,1.45,2.96,84,20.71,10.14,51.02,0.47,10.10
2025-12-10,SKU-PRD-069,Apples (3lb bag),Produce,4,8.70,14.52,74,58.08,34.82,40.05,8.33,14.93
2025-10-06,SKU-BEV-053,Pasta 16oz,Beverages,12,3.81,5.12,80,61.41,45.75,25.50,1.56,14.10
2025-03-03,SKU-MET-113,Granola Bars 12ct,Meat,30,7.02,13.62,106,408.70,210.68,48.45,12.67,185.35
2025-06-02,SKU-BEV-096,Salmon Fillet (lb),Beverages,17,13.05,26.90,75,457.38,221.78,51.51,52.65,182.95
2025-04-05,SKU-DRY-001,Laundry Detergent 64oz,Dairy,9,6.44,9.57,167,86.12,57.95,32.70,10.38,17.78
2025-12-12,SKU-BAK-086,Dish Soap 24oz,Bakery,30,7.79,9.52,68,285.65,233.74,18.17,25.54,26.37
2025-11-24,SKU-SNK-081,Olive Oil 1L,Snacks,19,3.68,5.96,150,113.28,70.00,38.21,17.85,25.43
2025-07-13,SKU-DRY-055,Eggs 12ct,Dairy,25,11.55,16.74,158,418.59,288.83,31.00,55.90,73.85
2025-01-31,SKU-DRY-003,Olive Oil 1L,Dairy,28,4.98,7.57,145,212.01,139.43,34.23,16.49,56.09
2025-09-01,SKU-PAN-022,Frozen Pizza,Pantry,30,12.11,23.11,128,693.33,363.15,47.62,70.56,259.61
2025-11-06,SKU-DRY-011,Salmon Fillet (lb),Dairy,14,1.90,2.71,74,37.89,26.54,29.96,5.22,6.14
2025-01-07,SKU-SNK-050,Potato Chips 8oz,Snacks,25,5.81,11.04,98,276.03,145.34,47.35,8.46,122.23
2025-07-01,SKU-SEA-098,Apples (3lb bag),Seafood,9,16.56,34.39,203,309.47,149.02,51.85,44.02,116.42
2025-12-22,SKU-SNK-051,Olive Oil 1L,Snacks,29,14.82,22.23,70,644.81,429.90,33.33,115.54,99.37
2025-06-12,SKU-FRZ-109,Pasta 16oz,Frozen,7,2.42,5.03,155,35.24,16.97,51.84,1.81,16.46
2025-08-13,SKU-PAN-057,Frozen Pizza,Pantry,18,6.74,9.24,104,166.36,121.41,27.02,3.16,41.78
2025-10-26,SKU-PAN-119,Soda 12oz 6pk,Pantry,27,5.52,10.01,116,270.28,149.08,44.84,19.89,101.30
2025-08-03,SKU-MET-104,Dish Soap 24oz,Meat,18,14.08,17.37,122,312.58,253.40,18.93,5.63,53.54
2025-04-16,SKU-MET-072,Bananas (lb),Meat,16,12.48,25.58,204,409.33,199.64,51.23,73.05,136.64
2025-10-27,SKU-FRZ-049,Dish Soap 24oz,Frozen,24,1.20,1.59,126,38.27,28.78,24.82,6.23,3.27
2025-02-01,SKU-SEA-064,Laundry Detergent 64oz,Seafood,8,5.82,10.47,150,83.72,46.52,44.43,4.82,32.38
2025-01-25,SKU-BAK-038,Granola Bars 12ct,Bakery,22,2.37,4.50,101,98.98,52.04,47.42,16.34,30.60
2025-07-16,SKU-DRY-033,Potato Chips 8oz,Dairy,30,12.44,19.59,159,587.65,373.21,36.49,87.28,127.16
2025-07-23,SKU-PRD-034,Granola Bars 12ct,Produce,27,7.25,8.83,19,238.38,195.81,17.86,3.61,38.96
2025-02-17,SKU-HOU-102,Paper Towels 6ct,Household,24,16.02,26.15,204,627.69,384.38,38.76,7.00,236.30
2025-05-22,SKU-BAK-033,Apples (3lb bag),Bakery,10,14.63,26.14,88,261.45,146.31,44.04,17.31,97.82
2025-02-14,SKU-DRY-051,Ground Beef 1lb,Dairy,10,11.60,22.43,136,224.30,116.00,48.28,28.05,80.25
2025-11-20,SKU-BAK-065,Chicken Breast (lb),Bakery,27,5.14,8.78,80,237.01,138.79,41.44,38.02,60.19
2025-10-18,SKU-SNK-090,Whole Milk 1gal,Snacks,17,3.25,3.98,72,67.63,55.18,18.40,10.23,2.22
2025-05-17,SKU-SNK-024,Apples (3lb bag),Snacks,4,6.71,8.36,104,33.46,26.86,19.72,1.65,4.95
2025-04-19,SKU-PRD-013,Orange Juice 1L,Produce,29,15.30,30.61,56,887.65,443.77,50.01,11.72,432.16
2025-06-04,SKU-PAN-110,Ground Beef 1lb,Pantry,2,13.02,21.88,190,43.76,26.04,40.48,0.26,17.45
2025-02-23,SKU-SEA-113,Paper Towels 6ct,Seafood,4,3.42,4.76,162,19.02,13.69,28.05,1.09,4.25
2025-04-17,SKU-PAN-046,Orange Juice 1L,Pantry,18,12.93,16.58,83,298.40,232.69,22.02,49.73,15.97
2025-11-09,SKU-HOU-015,Greek Yogurt 4pk,Household,14,6.51,9.60,204,134.45,91.09,32.25,6.97,36.39
2025-11-27,SKU-SEA-038,Paper Towels 6ct,Seafood,28,6.29,11.45,146,320.48,176.12,45.05,13.46,130.91
2025-09-03,SKU-BAK-009,Rice 5lb,Bakery,29,1.94,2.56,10,74.28,56.16,24.39,3.58,14.54
2025-09-19,SKU-BAK-103,Orange Juice 1L,Bakery,11,17.91,31.53,145,346.83,197.03,43.19,60.12,89.68
2025-11-09,SKU-PRD-097,Apples (3lb bag),Produce,17,9.47,15.72,220,267.17,160.99,39.74,30.20,75.97
2025-08-28,SKU-PRD-078,Bananas (lb),Produce,12,3.77,7.41,101,88.90,45.28,49.07,11.07,32.56
2025-12-07,SKU-DRY-024,Pasta 16oz,Dairy,1,14.37,28.72,197,28.72,14.37,49.99,2.34,12.01
2025-09-07,SKU-DRY-009,Apples (3lb bag),Dairy,1,12.49,24.88,119,24.88,12.49,49.79,1.68,10.71
2025-09-16,SKU-FRZ-095,Paper Towels 6ct,Frozen,16,10.93,22.73,120,363.73,174.89,51.92,9.06,179.77
2025-12-19,SKU-PAN-005,Olive Oil 1L,Pantry,8,4.75,6.46,54,51.66,38.02,26.41,6.77,6.88
2025-11-17,SKU-PAN-077,Salmon Fillet (lb),Pantry,7,15.03,22.04,140,154.27,105.19,31.81,2.64,46.44
2025-10-27,SKU-PAN-089,Olive Oil 1L,Pantry,1,10.19,14.17,15,14.17,10.19,28.05,2.09,1.88
2025-12-15,SKU-HOU-056,Granola Bars 12ct,Household,6,1.78,3.68,24,22.09,10.67,51.72,2.46,8.96
2025-03-14,SKU-PAN-104,Soda 12oz 6pk,Pantry,16,2.38,4.53,9,72.54,38.03,47.56,7.24,27.26
2025-10-30,SKU-DRY-052,Paper Towels 6ct,Dairy,3,14.17,23.70,125,71.10,42.51,40.21,7.05,21.54
2025-03-09,SKU-FRZ-047,Greek Yogurt 4pk,Frozen,21,1.47,3.05,17,64.00,30.96,51.63,9.95,23.10
2025-03-04,SKU-BAK-071,Bananas (lb),Bakery,9,12.80,25.42,72,228.79,115.20,49.65,11.68,101.91
2025-11-18,SKU-SNK-112,Greek Yogurt 4pk,Snacks,10,1.86,3.45,66,34.46,18.56,46.14,3.85,12.05
2025-07-08,SKU-PRD-092,Dish Soap 24oz,Produce,6,11.70,20.72,168,124.32,70.19,43.54,1.84,52.29
2025-07-13,SKU-PAN-097,Bananas (lb),Pantry,10,13.49,20.04,207,200.40,134.91,32.68,4.40,61.09
2025-09-06,SKU-HOU-035,Bananas (lb),Household,21,3.04,4.03,94,84.66,63.87,24.56,5.09,15.71
2025-03-27,SKU-PAN-115,Laundry Detergent 64oz,Pantry,11,7.65,13.62,58,149.87,84.11,43.88,5.77,59.98
2025-05-12,SKU-MET-078,Laundry Detergent 64oz,Meat,14,9.28,13.06,120,182.85,129.86,28.98,18.40,34.59
2025-12-30,SKU-SNK-059,Pasta 16oz,Snacks,4,12.40,20.26,39,81.02,49.59,38.79,8.28,23.15
2025-06-09,SKU-SEA-013,Bananas (lb),Seafood,4,5.32,10.01,218,40.02,21.27,46.86,4.84,13.92
2025-09-13,SKU-SEA-049,Dish Soap 24oz,Seafood,13,13.73,22.31,155,290.00,178.47,38.46,13.93,97.60
2025-11-30,SKU-SNK-116,Olive Oil 1L,Snacks,9,15.58,21.84,136,196.60,140.23,28.67,16.43,39.94
2025-05-23,SKU-BEV-012,Soda 12oz 6pk,Beverages,15,7.58,12.66,24,189.90,113.72,40.11,26.53,49.65
2025-03-29,SKU-BEV-091,Whole Milk 1gal,Beverages,9,4.67,6.41,55,57.66,42.04,27.10,3.21,12.41
2025-11-13,SKU-BEV-084,Orange Juice 1L,Beverages,2,5.52,7.19,17,14.39,11.05,23.23,2.23,1.11
2025-07-22,SKU-MET-089,Ground Beef 1lb,Meat,30,12.16,17.63,137,528.95,364.72,31.05,57.80,106.43
2025-05-22,SKU-HOU-042,Bananas (lb),Household,19,14.29,27.67,211,525.82,271.49,48.37,54.77,199.55
2025-02-25,SKU-DRY-052,Frozen Pizza,Dairy,19,9.28,13.31,80,252.90,176.33,30.28,36.23,40.34
2025-10-02,SKU-PAN-077,Orange Juice 1L,Pantry,10,1.44,2.35,128,23.48,14.45,38.47,1.50,7.53
2025-04-06,SKU-PRD-070,Whole Milk 1gal,Produce,2,9.43,15.79,18,31.57,18.86,40.28,5.15,7.57
2025-03-02,SKU-PAN-098,Laundry Detergent 64oz,Pantry,29,10.81,19.24,95,557.94,313.63,43.79,85.23,159.09
2025-03-30,SKU-SEA-097,Apples (3lb bag),Seafood,15,5.55,10.73,181,160.97,83.25,48.29,26.92,50.81
2025-10-15,SKU-FRZ-013,Laundry Detergent 64oz,Frozen,19,0.84,1.75,32,33.17,16.05,51.61,4.10,13.02
2025-08-17,SKU-BEV-029,Rice 5lb,Beverages,17,13.43,24.43,194,415.30,228.26,45.04,17.11,169.92
2025-09-03,SKU-SNK-028,Whole Milk 1gal,Snacks,5,4.07,6.80,5,34.01,20.36,40.14,3.41,10.24
2025-07-30,SKU-DRY-102,Chicken Breast (lb),Dairy,17,14.49,18.77,179,319.04,246.27,22.81,46.34,26.42
2025-08-28,SKU-FRZ-037,Pasta 16oz,Frozen,12,7.58,15.21,36,182.48,90.98,50.14,19.74,71.77
2025-05-03,SKU-DRY-053,Orange Juice 1L,Dairy,18,16.23,30.79,127,554.28,292.09,47.30,95.05,167.14
2025-05-24,SKU-DRY-073,Apples (3lb bag),Dairy,15,13.11,26.20,111,392.99,196.59,49.98,60.71,135.70
2025-10-14,SKU-SNK-040,Frozen Pizza,Snacks,20,3.59,6.20,196,124.05,71.75,42.16,20.33,31.97
2025-08-11,SKU-HOU-006,Orange Juice 1L,Household,24,16.51,32.22,182,773.31,396.33,48.75,132.06,244.91
2025-07-10,SKU-SNK-003,Orange Juice 1L,Snacks,17,2.64,3.41,139,57.91,44.92,22.43,5.01,7.98
2025-09-12,SKU-SEA-014,Whole Milk 1gal,Seafood,29,6.99,12.61,210,365.63,202.69,44.57,12.14,150.81
2025-07-20,SKU-FRZ-019,Potato Chips 8oz,Frozen,11,2.80,4.66,125,51.27,30.82,39.87,2.28,18.16
2025-07-08,SKU-FRZ-098,Whole Milk 1gal,Frozen,12,16.31,21.51,9,258.09,195.67,24.18,9.70,52.72
2025-01-22,SKU-BEV-029,Ground Beef 1lb,Beverages,28,7.92,13.66,25,382.53,221.86,42.00,36.55,124.12
2025-02-06,SKU-FRZ-047,Granola Bars 12ct,Frozen,9,1.84,2.78,90,25.01,16.59,33.66,2.38,6.03
2025-10-30,SKU-PAN-086,Greek Yogurt 4pk,Pantry,3,4.85,9.59,117,28.76,14.55,49.41,1.29,12.91
2025-08-22,SKU-BEV-117,Rice 5lb,Beverages,3,14.52,22.37,169,67.12,43.56,35.10,7.30,16.26
2025-06-27,SKU-SNK-022,Greek Yogurt 4pk,Snacks,29,17.55,29.44,189,853.78,509.05,40.38,112.31,232.42
2025-01-24,SKU-FRZ-107,Pasta 16oz,Frozen,30,2.26,2.92,11,87.55,67.69,22.68,5.66,14.19
2025-10-03,SKU-PAN-040,Salmon Fillet (lb),Pantry,30,3.09,3.72,86,111.60,92.69,16.94,4.76,14.14
2025-12-18,SKU-HOU-024,Laundry Detergent 64oz,Household,4,1.13,1.59,165,6.38,4.51,29.26,0.86,1.01
2025-02-06,SKU-HOU-035,Greek Yogurt 4pk,Household,1,8.29,10.24,161,10.24,8.29,19.01,0.15,1.80
2025-03-23,SKU-PRD-066,Dish Soap 24oz,Produce,25,10.43,20.33,82,508.18,260.73,48.69,85.70,161.76
2025-12-01,SKU-SEA-046,Whole Milk 1gal,Seafood,6,3.37,6.57,166,39.41,20.19,48.76,5.27,13.94
2025-06-06,SKU-SEA-083,Paper Towels 6ct,Seafood,11,1.79,3.17,90,34.84,19.70,43.45,0.43,14.71
2025-10-22,SKU-PAN-001,Granola Bars 12ct,Pantry,26,13.55,27.32,142,710.41,352.36,50.40,93.84,264.20
2025-11-02,SKU-PAN-103,Orange Juice 1L,Pantry,28,16.20,30.31,24,848.57,453.73,46.53,37.11,357.73
2025-12-15,SKU-SEA-088,Laundry Detergent 64oz,Seafood,3,5.95,10.69,208,32.07,17.84,44.38,4.72,9.52
2025-11-04,SKU-DRY-072,Dish Soap 24oz,Dairy,9,5.88,9.68,176,87.14,52.92,39.27,9.60,24.62
2025-08-29,SKU-BAK-023,Frozen Pizza,Bakery,13,5.33,10.24,19,133.12,69.25,47.98,4.38,59.50
2025-11-09,SKU-BAK-031,Eggs 12ct,Bakery,12,1.92,3.76,78,45.14,22.98,49.08,1.68,20.48
2025-04-04,SKU-MET-065,Ground Beef 1lb,Meat,30,7.55,12.52,147,375.47,226.39,39.70,6.56,142.52
2025-10-13,SKU-PAN-097,Salmon Fillet (lb),Pantry,23,16.49,33.77,14,776.78,379.21,51.18,120.11,277.46
2025-09-19,SKU-SEA-011,Apples (3lb bag),Seafood,18,13.62,22.83,188,410.85,245.11,40.34,67.48,98.27
2025-12-15,SKU-SNK-050,Dish Soap 24oz,Snacks,18,4.14,7.36,73,132.43,74.59,43.67,15.00,42.84
2025-08-17,SKU-PRD-056,Orange Juice 1L,Produce,29,1.00,1.88,145,54.40,28.91,46.85,7.76,17.72
2025-02-18,SKU-SNK-096,Potato Chips 8oz,Snacks,3,12.63,15.45,83,46.34,37.88,18.26,1.03,7.43
2025-10-29,SKU-PAN-009,Apples (3lb bag),Pantry,10,17.47,25.95,181,259.49,174.72,32.67,30.18,54.60
2025-06-26,SKU-PRD-120,Bananas (lb),Produce,22,9.10,18.09,122,397.99,200.16,49.71,19.36,178.48
2025-05-28,SKU-SEA-093,Salmon Fillet (lb),Seafood,28,16.23,25.43,98,712.01,454.36,36.19,4.48,253.17
2025-03-29,SKU-MET-002,Sourdough Bread,Meat,14,8.35,15.54,45,217.56,116.90,46.27,2.85,97.81
2025-06-23,SKU-HOU-035,Bananas (lb),Household,10,4.46,5.79,132,57.88,44.59,22.97,6.54,6.76
2025-04-20,SKU-DRY-036,Orange Juice 1L,Dairy,30,1.97,3.43,40,102.92,58.99,42.68,4.31,39.61
2025-08-06,SKU-BEV-085,Frozen Pizza,Beverages,7,12.67,21.94,190,153.59,88.70,42.25,12.10,52.79
2025-07-17,SKU-BEV-102,Orange Juice 1L,Beverages,19,16.31,26.84,152,509.95,309.89,39.23,53.34,146.72
2025-11-12,SKU-HOU-084,Salmon Fillet (lb),Household,23,12.37,20.22,81,465.15,284.45,38.85,22.25,158.46
2025-12-08,SKU-DRY-094,Olive Oil 1L,Dairy,11,0.93,1.24,206,13.67,10.19,25.44,1.63,1.84
2025-06-11,SKU-HOU-096,Chicken Breast (lb),Household,16,5.07,7.72,52,123.53,81.17,34.29,5.64,36.71
2025-02-19,SKU-MET-097,Greek Yogurt 4pk,Meat,22,7.66,13.23,140,291.11,168.51,42.11,1.73,120.87
2025-05-12,SKU-PRD-004,Laundry Detergent 64oz,Produce,22,10.49,18.35,154,403.72,230.67,42.86,30.40,142.65
2025-10-19,SKU-DRY-063,Potato Chips 8oz,Dairy,6,9.37,16.56,57,99.36,56.20,43.44,0.20,42.96
2025-07-15,SKU-BAK-064,Potato Chips 8oz,Bakery,4,11.92,15.70,40,62.79,47.69,24.04,5.77,9.33
2025-11-29,SKU-DRY-025,Pasta 16oz,Dairy,21,13.50,27.58,17,579.20,283.47,51.06,72.10,223.64
2025-05-30,SKU-FRZ-025,Olive Oil 1L,Frozen,1,14.10,20.36,217,20.36,14.10,30.74,1.52,4.74
2025-08-23,SKU-SNK-074,Whole Milk 1gal,Snacks,4,6.63,12.89,0,51.57,26.51,48.58,0.68,24.37
2025-10-23,SKU-SNK-062,Frozen Pizza,Snacks,7,11.04,15.85,162,110.94,77.31,30.32,5.35,28.28
2025-03-21,SKU-BAK-025,Sourdough Bread,Bakery,16,2.68,5.34,46,85.50,42.90,49.83,1.42,41.18
2025-08-25,SKU-BEV-075,Orange Juice 1L,Beverages,20,12.06,14.81,214,296.18,241.23,18.55,3.22,51.73
2025-09-15,SKU-BAK-032,Granola Bars 12ct,Bakery,28,6.59,8.41,121,235.56,184.40,21.72,32.54,18.63
2025-09-19,SKU-BEV-104,Apples (3lb bag),Beverages,24,11.11,22.38,115,537.12,266.58,50.37,61.77,208.78
2025-05-13,SKU-DRY-039,Bananas (lb),Dairy,19,10.12,16.58,50,315.03,192.31,38.95,55.25,67.47
2025-08-21,SKU-MET-046,Frozen Pizza,Meat,8,12.68,21.33,205,170.65,101.44,40.56,27.42,41.80
2025-06-12,SKU-SEA-051,Laundry Detergent 64oz,Seafood,21,16.26,24.71,177,518.94,341.51,34.19,6.84,170.59
2025-10-21,SKU-BAK-004,Orange Juice 1L,Bakery,17,12.93,21.27,48,361.53,219.74,39.22,25.57,116.23
2025-03-24,SKU-DRY-024,Olive Oil 1L,Dairy,2,1.69,2.19,32,4.38,3.38,22.83,0.60,0.40
2025-03-03,SKU-SEA-058,Whole Milk 1gal,Seafood,28,13.77,17.92,125,501.73,385.52,23.16,28.56,87.65
2025-05-16,SKU-BEV-041,Frozen Pizza,Beverages,4,0.93,1.52,155,6.07,3.70,39.02,0.26,2.11
2025-09-06,SKU-BEV-100,Eggs 12ct,Beverages,30,17.13,25.13,89,753.95,513.76,31.86,10.87,229.31
2025-10-23,SKU-HOU-058,Orange Juice 1L,Household,5,14.94,29.28,114,146.38,74.71,48.96,0.61,71.06
2025-08-30,SKU-MET-073,Olive Oil 1L,Meat,30,11.10,22.34,173,670.14,332.97,50.31,42.54,294.63
2025-11-08,SKU-SEA-024,Laundry Detergent 64oz,Seafood,17,6.76,9.12,155,155.12,114.86,25.95,14.00,26.25
2025-05-12,SKU-DRY-070,Pasta 16oz,Dairy,17,16.98,27.94,200,474.95,288.58,39.24,39.02,147.34
2025-08-04,SKU-DRY-076,Frozen Pizza,Dairy,26,15.02,28.86,67,750.35,390.43,47.97,8.35,351.57
2025-08-12,SKU-PRD-109,Ground Beef 1lb,Produce,9,14.95,21.42,27,192.79,134.54,30.22,22.77,35.49
2025-05-31,SKU-PAN-087,Eggs 12ct,Pantry,25,13.04,23.32,105,582.91,325.98,44.08,6.59,250.34
2025-06-21,SKU-HOU-015,Laundry Detergent 64oz,Household,8,12.98,26.34,107,210.74,103.82,50.74,8.43,98.49
2025-08-16,SKU-BAK-001,Ground Beef 1lb,Bakery,23,2.74,4.90,136,112.77,62.97,44.16,11.82,37.97
2025-05-14,SKU-SNK-021,Apples (3lb bag),Snacks,1,4.60,8.29,148,8.29,4.60,44.53,1.48,2.22
2025-12-20,SKU-BAK-070,Soda 12oz 6pk,Bakery,29,10.67,19.50,111,565.55,309.57,45.26,51.82,204.16
2025-05-27,SKU-SEA-115,Chicken Breast (lb),Seafood,4,9.27,17.56,47,70.23,37.07,47.21,3.50,29.65
2025-07-15,SKU-SNK-110,Whole Milk 1gal,Snacks,28,14.51,22.53,185,630.77,406.37,35.58,50.28,174.12
2025-09-10,SKU-DRY-088,Frozen Pizza,Dairy,27,3.97,7.53,150,203.37,107.06,47.36,24.26,72.05
2025-03-27,SKU-MET-115,Rice 5lb,Meat,7,11.95,22.71,195,158.99,83.64,47.39,10.16,65.18
2025-05-17,SKU-HOU-082,Dish Soap 24oz,Household,2,9.11,13.48,121,26.96,18.22,32.41,3.50,5.24
2025-05-15,SKU-PAN-036,Olive Oil 1L,Pantry,4,16.81,34.62,39,138.48,67.24,51.45,23.91,47.33
2025-05-12,SKU-BEV-014,Whole Milk 1gal,Beverages,11,1.79,2.21,186,24.28,19.69,18.89,0.91,3.67
2025-04-06,SKU-DRY-046,Dish Soap 24oz,Dairy,25,11.47,15.99,0,399.73,286.72,28.27,59.88,53.13
2025-07-21,SKU-PRD-015,Chicken Breast (lb),Produce,5,6.15,12.68,121,63.40,30.73,51.53,5.95,26.72
2025-02-02,SKU-DRY-100,Rice 5lb,Dairy,10,13.33,20.14,35,201.35,133.28,33.81,33.08,34.99
2025-02-10,SKU-MET-088,Granola Bars 12ct,Meat,29,6.18,9.93,176,287.88,179.08,37.79,15.79,93.01
2025-05-01,SKU-SEA-086,Eggs 12ct,Seafood,30,14.81,20.97,207,629.03,444.40,29.35,103.17,81.47
2025-10-03,SKU-PRD-056,Olive Oil 1L,Produce,15,9.59,17.00,41,254.99,143.89,43.57,10.48,100.62
2025-01-13,SKU-MET-095,Apples (3lb bag),Meat,20,14.68,24.20,93,483.94,293.69,39.31,5.49,184.76
2025-04-08,SKU-PAN-002,Frozen Pizza,Pantry,19,17.73,35.43,203,673.22,336.95,49.95,13.20,323.07
2025-03-05,SKU-DRY-063,Sourdough Bread,Dairy,12,10.95,16.47,97,197.60,131.38,33.51,4.84,61.38
2025-04-16,SKU-SEA-057,Dish Soap 24oz,Seafood,29,1.53,2.10,166,60.82,44.35,27.07,0.64,15.82
2025-06-07,SKU-BEV-115,Orange Juice 1L,Beverages,24,12.46,20.11,48,482.73,299.14,38.03,48.04,135.55
2025-06-04,SKU-SNK-024,Rice 5lb,Snacks,21,9.29,13.58,120,285.15,195.05,31.60,49.58,40.52
2025-04-05,SKU-SNK-117,Apples (3lb bag),Snacks,12,7.95,16.61,92,199.35,95.35,52.17,26.47,77.54
2025-01-06,SKU-BAK-090,Soda 12oz 6pk,Bakery,8,13.97,25.39,43,203.14,111.73,45.00,7.30,84.11
2025-06-19,SKU-SNK-095,Dish Soap 24oz,Snacks,2,4.62,8.07,8,16.15,9.25,42.72,0.18,6.72
2025-03-14,SKU-MET-036,Potato Chips 8oz,Meat,10,17.26,32.74,19,327.37,172.61,47.27,58.80,95.96
2025-01-27,SKU-PAN-033,Pasta 16oz,Pantry,24,8.57,15.17,54,364.02,205.77,43.47,53.32,104.92
2025-11-16,SKU-SNK-067,Salmon Fillet (lb),Snacks,13,3.01,3.90,27,50.66,39.07,22.89,1.13,10.47
2025-08-13,SKU-PAN-018,Eggs 12ct,Pantry,24,2.86,4.07,79,97.62,68.63,29.69,17.34,11.65
2025-04-23,SKU-PRD-006,Laundry Detergent 64oz,Produce,9,17.59,26.99,179,242.90,158.33,34.82,21.86,62.72
2025-11-16,SKU-SNK-101,Frozen Pizza,Snacks,1,3.15,4.90,122,4.90,3.15,35.73,0.22,1.53
2025-05-17,SKU-BEV-113,Frozen Pizza,Beverages,24,12.29,20.93,217,502.28,294.92,41.28,36.97,170.39
2025-12-17,SKU-BAK-039,Pasta 16oz,Bakery,13,2.06,2.87,66,37.34,26.78,28.29,0.64,9.92
2025-07-08,SKU-FRZ-026,Salmon Fillet (lb),Frozen,25,10.09,13.43,141,335.73,252.16,24.89,19.61,63.96
2025-01-14,SKU-PAN-061,Granola Bars 12ct,Pantry,26,2.94,5.14,131,133.70,76.44,42.83,6.82,50.44
2025-04-21,SKU-FRZ-114,Potato Chips 8oz,Frozen,5,7.61,10.18,148,50.91,38.04,25.28,7.70,5.17
2025-06-22,SKU-SNK-116,Paper Towels 6ct,Snacks,20,3.21,4.31,89,86.20,64.20,25.53,7.63,14.37
2025-02-22,SKU-DRY-055,Pasta 16oz,Dairy,15,9.82,17.50,32,262.47,147.26,43.89,47.05,68.16
2025-01-21,SKU-DRY-097,Ground Beef 1lb,Dairy,2,10.55,17.18,176,34.36,21.11,38.57,5.09,8.16
2025-10-22,SKU-BEV-019,Rice 5lb,Beverages,15,17.42,26.31,123,394.71,261.32,33.79,10.62,122.78
2025-04-14,SKU-PAN-072,Greek Yogurt 4pk,Pantry,19,14.11,24.40,186,463.66,268.17,42.16,79.65,115.84
2025-07-11,SKU-HOU-111,Pasta 16oz,Household,9,2.17,4.44,154,39.94,19.56,51.02,4.77,15.61
2025-10-22,SKU-BEV-022,Frozen Pizza,Beverages,4,3.13,4.04,22,16.17,12.51,22.66,1.04,2.62
2025-12-06,SKU-BEV-091,Bananas (lb),Beverages,2,7.32,12.86,214,25.72,14.63,43.09,1.32,9.76
2025-12-14,SKU-SNK-039,Paper Towels 6ct,Snacks,19,16.53,28.13,168,534.49,314.06,41.24,45.79,174.64
2025-11-10,SKU-BEV-079,Sourdough Bread,Beverages,20,6.56,9.17,115,183.41,131.16,28.49,2.21,50.04
2025-11-23,SKU-BAK-046,Salmon Fillet (lb),Bakery,13,15.33,25.64,65,333.37,199.24,40.24,56.83,77.30
2025-12-12,SKU-BEV-053,Laundry Detergent 64oz,Beverages,17,17.62,23.98,11,407.65,299.50,26.53,47.49,60.66
2025-09-24,SKU-HOU-108,Soda 12oz 6pk,Household,9,7.88,12.62,154,113.56,70.88,37.58,6.73,35.95
2025-03-21,SKU-SEA-108,Salmon Fillet (lb),Seafood,3,8.10,15.44,189,46.33,24.31,47.54,7.80,14.23
2025-07-27,SKU-BAK-090,Chicken Breast (lb),Bakery,14,17.34,21.02,171,294.32,242.81,17.50,48.08,3.43
2025-12-21,SKU-PRD-094,Paper Towels 6ct,Produce,13,8.27,13.07,89,169.93,107.55,36.71,21.89,40.48
2025-04-22,SKU-HOU-091,Granola Bars 12ct,Household,24,16.19,27.60,21,662.46,388.49,41.36,118.38,155.60
2025-12-22,SKU-FRZ-069,Paper Towels 6ct,Frozen,22,9.92,18.60,81,409.25,218.21,46.68,10.27,180.77
2025-09-04,SKU-SEA-071,Chicken Breast (lb),Seafood,7,15.15,28.62,110,200.37,106.03,47.08,5.24,89.10
2025-11-29,SKU-DRY-024,Rice 5lb,Dairy,13,16.08,26.43,14,343.55,209.05,39.15,24.10,110.40
2025-12-08,SKU-PAN-026,Potato Chips 8oz,Pantry,18,11.32,13.84,96,249.06,203.78,18.18,2.84,42.44
2025-04-21,SKU-MET-066,Eggs 12ct,Meat,13,14.26,28.29,36,367.80,185.44,49.58,7.99,174.36
2025-02-09,SKU-BEV-104,Pasta 16oz,Beverages,11,13.09,20.64,123,227.06,143.97,36.59,15.09,68.00
2025-05-21,SKU-BEV-115,Frozen Pizza,Beverages,24,4.89,10.09,25,242.14,117.42,51.51,11.70,113.01
2025-08-12,SKU-SEA-002,Potato Chips 8oz,Seafood,8,3.53,6.70,111,53.59,28.21,47.35,8.30,17.08
2025-10-15,SKU-DRY-085,Salmon Fillet (lb),Dairy,28,8.49,13.84,216,387.50,237.64,38.67,15.13,134.73
2025-09-08,SKU-BEV-077,Apples (3lb bag),Beverages,21,1.72,2.19,156,45.99,36.17,21.34,7.52,2.29
2025-02-07,SKU-MET-074,Granola Bars 12ct,Meat,27,0.98,1.36,189,36.73,26.37,28.22,6.23,4.14
2025-03-05,SKU-PRD-118,Chicken Breast (lb),Produce,19,12.91,17.06,34,324.05,245.30,24.30,15.30,63.45
2025-01-21,SKU-MET-060,Bananas (lb),Meat,18,4.08,5.68,178,102.29,73.44,28.20,1.64,27.20
2025-12-05,SKU-BEV-051,Apples (3lb bag),Beverages,26,14.75,17.94,214,466.33,383.58,17.74,32.39,50.36
2025-02-10,SKU-FRZ-096,Olive Oil 1L,Frozen,8,6.64,8.67,217,69.38,53.10,23.46,1.85,14.42
2025-09-09,SKU-BEV-052,Ground Beef 1lb,Beverages,8,15.18,23.01,69,184.10,121.42,34.05,5.35,57.33
2025-05-28,SKU-FRZ-108,Greek Yogurt 4pk,Frozen,3,16.79,34.90,199,104.69,50.38,51.88,13.48,40.83
2025-06-28,SKU-PAN-106,Chicken Breast (lb),Pantry,7,11.35,18.02,7,126.12,79.47,36.99,19.27,27.39
2025-12-24,SKU-SNK-041,Olive Oil 1L,Snacks,9,8.77,11.17,100,100.55,78.96,21.48,15.81,5.79
2025-10-12,SKU-HOU-010,Soda 12oz 6pk,Household,21,17.84,35.30,68,741.36,374.63,49.47,63.09,303.64
2025-09-29,SKU-BEV-054,Ground Beef 1lb,Beverages,15,10.08,20.00,162,299.98,151.16,49.61,37.31,111.51
2025-03-11,SKU-MET-111,Granola Bars 12ct,Meat,2,12.28,22.77,27,45.55,24.56,46.07,7.70,13.29
2025-10-18,SKU-BEV-006,Greek Yogurt 4pk,Beverages,25,10.44,12.70,2,317.62,261.09,17.80,17.86,38.68
2025-05-22,SKU-HOU-014,Dish Soap 24oz,Household,13,15.38,25.58,17,332.55,199.96,39.87,24.51,108.08
2025-11-20,SKU-SNK-116,Rice 5lb,Snacks,29,1.61,2.95,67,85.64,46.64,45.53,11.81,27.18
2025-08-15,SKU-SNK-079,Granola Bars 12ct,Snacks,17,9.60,18.16,5,308.64,163.22,47.12,19.83,125.59
2025-08-02,SKU-PRD-111,Eggs 12ct,Produce,13,3.63,4.66,159,60.60,47.13,22.23,8.08,5.39
2025-09-16,SKU-MET-091,Dish Soap 24oz,Meat,15,6.91,9.97,24,149.60,103.62,30.73,16.05,29.93
2025-07-16,SKU-PRD-113,Chicken Breast (lb),Produce,21,3.54,4.33,127,91.02,74.29,18.38,5.16,11.57
2025-07-02,SKU-HOU-092,Soda 12oz 6pk,Household,24,7.26,10.02,94,240.56,174.15,27.61,20.77,45.65
2025-07-30,SKU-MET-094,Olive Oil 1L,Meat,30,6.63,10.23,199,306.96,198.77,35.25,14.15,94.04
2025-02-13,SKU-BAK-040,Bananas (lb),Bakery,4,1.00,1.50,51,5.99,4.01,33.05,0.67,1.31
2025-06-01,SKU-FRZ-011,Dish Soap 24oz,Frozen,29,13.94,25.51,139,739.70,404.17,45.36,106.05,229.48
2025-05-04,SKU-HOU-104,Bananas (lb),Household,30,3.82,4.94,143,148.29,114.48,22.80,20.45,13.35
2025-09-19,SKU-PAN-009,Paper Towels 6ct,Pantry,25,10.96,20.02,142,500.40,274.05,45.23,29.65,196.70
2025-11-27,SKU-DRY-044,Whole Milk 1gal,Dairy,22,17.14,24.54,142,539.94,377.04,30.17,40.36,122.54
2025-04-30,SKU-SEA-106,Eggs 12ct,Seafood,6,16.42,24.42,169,146.50,98.55,32.73,20.10,27.86
2025-10-07,SKU-MET-100,Whole Milk 1gal,Meat,19,3.82,7.12,122,135.21,72.54,46.35,18.20,44.47
2025-08-15,SKU-SEA-100,Sourdough Bread,Seafood,30,13.91,25.63,220,768.79,417.29,45.72,41.47,310.03
2025-02-25,SKU-BEV-078,Bananas (lb),Beverages,23,9.01,16.48,91,379.04,207.27,45.32,38.00,133.78
2025-01-21,SKU-HOU-010,Apples (3lb bag),Household,14,15.60,23.63,37,330.78,218.41,33.97,19.17,93.20
2025-05-10,SKU-PRD-074,Ground Beef 1lb,Produce,15,12.74,25.50,46,382.54,191.16,50.03,16.90,174.48
2025-06-27,SKU-PAN-086,Greek Yogurt 4pk,Pantry,21,14.28,21.73,27,456.27,299.93,34.26,25.18,131.15
2025-03-02,SKU-FRZ-104,Salmon Fillet (lb),Frozen,30,7.39,13.46,80,403.82,221.67,45.11,60.72,121.44
2025-09-11,SKU-HOU-048,Whole Milk 1gal,Household,26,14.16,20.92,41,543.93,368.10,32.33,54.32,121.51
2025-08-10,SKU-DRY-030,Granola Bars 12ct,Dairy,27,14.32,19.82,106,535.23,386.65,27.76,89.76,58.81
2025-09-12,SKU-BAK-035,Dish Soap 24oz,Bakery,30,6.29,10.30,153,308.91,188.77,38.89,27.21,92.93
2025-01-05,SKU-HOU-020,Olive Oil 1L,Household,1,0.81,1.18,71,1.18,0.81,31.37,0.01,0.36
2025-08-06,SKU-MET-032,Granola Bars 12ct,Meat,2,16.85,25.10,6,50.20,33.69,32.88,2.05,14.46
2025-09-23,SKU-PAN-086,Whole Milk 1gal,Pantry,6,9.84,19.96,26,119.75,59.03,50.70,15.79,44.93
2025-07-01,SKU-HOU-025,Soda 12oz 6pk,Household,6,7.05,12.29,113,73.74,42.32,42.61,4.88,26.54
2025-03-24,SKU-MET-031,Paper Towels 6ct,Meat,14,15.35,21.42,193,299.82,214.92,28.32,7.89,77.02
2025-08-02,SKU-DRY-069,Potato Chips 8oz,Dairy,22,10.87,15.45,66,339.83,239.10,29.64,23.65,77.09
2025-08-03,SKU-PRD-033,Olive Oil 1L,Produce,18,6.88,13.94,48,250.88,123.90,50.61,21.54,105.44
2025-08-09,SKU-DRY-077,Apples (3lb bag),Dairy,15,12.52,16.95,89,254.27,187.85,26.12,2.20,64.23
2025-05-16,SKU-HOU-049,Ground Beef 1lb,Household,17,4.76,8.45,204,143.61,80.97,43.62,14.84,47.80
2025-08-15,SKU-BAK-092,Soda 12oz 6pk,Bakery,21,1.08,1.44,97,30.20,22.75,24.69,5.06,2.39
2025-04-17,SKU-FRZ-093,Dish Soap 24oz,Frozen,8,5.58,8.49,203,67.93,44.67,34.24,11.99,11.28
2025-04-12,SKU-BAK-076,Potato Chips 8oz,Bakery,5,1.43,2.02,97,10.09,7.13,29.38,0.69,2.28
2025-04-19,SKU-MET-083,Ground Beef 1lb,Meat,3,9.67,18.13,44,54.40,29.02,46.65,7.12,18.26
2025-06-20,SKU-BAK-056,Whole Milk 1gal,Bakery,12,13.83,25.69,117,308.25,166.01,46.14,6.43,135.81
2025-03-06,SKU-PRD-031,Salmon Fillet (lb),Produce,14,9.47,11.86,135,166.07,132.58,20.17,16.16,17.33
2025-09-02,SKU-SEA-118,Laundry Detergent 64oz,Seafood,17,16.90,29.71,180,505.14,287.34,43.12,12.27,205.53
2025-09-05,SKU-HOU-032,Rice 5lb,Household,10,17.99,36.32,98,363.15,179.89,50.46,43.14,140.12
2025-09-22,SKU-FRZ-079,Greek Yogurt 4pk,Frozen,25,3.41,6.28,160,156.90,85.27,45.65,15.85,55.78
2025-07-05,SKU-FRZ-074,Olive Oil 1L,Frozen,17,17.35,31.82,39,540.91,295.00,45.46,24.15,221.77
2025-02-21,SKU-DRY-076,Dish Soap 24oz,Dairy,21,9.60,17.92,91,376.34,201.58,46.44,23.04,151.72
2025-05-26,SKU-BAK-106,Potato Chips 8oz,Bakery,25,13.89,17.15,152,428.67,347.20,19.00,19.63,61.83
2025-03-17,SKU-PRD-009,Orange Juice 1L,Produce,2,4.65,7.51,101,15.01,9.30,38.07,2.67,3.05
2025-04-28,SKU-SEA-072,Greek Yogurt 4pk,Seafood,15,17.23,30.69,110,460.41,258.45,43.87,58.87,143.10
2025-10-11,SKU-BAK-047,Apples (3lb bag),Bakery,21,10.11,13.74,20,288.63,212.32,26.44,45.91,30.41
2025-12-13,SKU-HOU-120,Frozen Pizza,Household,24,3.51,6.06,163,145.33,84.21,42.05,9.94,51.17
2025-12-15,SKU-SNK-049,Greek Yogurt 4pk,Snacks,27,10.99,21.48,10,579.88,296.86,48.81,100.15,182.87
2025-03-20,SKU-HOU-007,Salmon Fillet (lb),Household,6,10.62,21.56,145,129.33,63.69,50.75,5.62,60.03
2025-08-20,SKU-PRD-046,Apples (3lb bag),Produce,11,17.07,28.03,193,308.33,187.72,39.12,55.03,65.58
2025-02-19,SKU-BAK-069,Bananas (lb),Bakery,22,14.57,19.84,114,436.49,320.51,26.57,67.59,48.38
2025-08-23,SKU-HOU-047,Ground Beef 1lb,Household,6,10.08,19.02,53,114.11,60.51,46.98,19.45,34.16
2025-04-25,SKU-BEV-052,Whole Milk 1gal,Beverages,12,17.61,35.18,115,422.20,211.30,49.95,74.78,136.13
2025-05-03,SKU-DRY-041,Pasta 16oz,Dairy,21,5.71,10.02,8,210.39,119.97,42.98,8.46,81.96
2025-04-25,SKU-SNK-015,Paper Towels 6ct,Snacks,7,2.54,3.49,53,24.44,17.76,27.31,0.20,6.48
2025-10-22,SKU-BAK-053,Chicken Breast (lb),Bakery,3,11.76,18.37,31,55.10,35.29,35.96,1.34,18.48
2025-04-13,SKU-PRD-085,Pasta 16oz,Produce,13,7.98,13.67,218,177.77,103.76,41.63,23.19,50.82
2025-01-18,SKU-DRY-067,Pasta 16oz,Dairy,7,8.23,15.11,125,105.74,57.60,45.53,12.32,35.82
2025-10-04,SKU-BAK-067,Bananas (lb),Bakery,10,13.65,26.94,199,269.38,136.51,49.32,46.17,86.69
2025-06-07,SKU-PAN-004,Eggs 12ct,Pantry,5,6.94,11.58,114,57.90,34.72,40.03,4.21,18.97
2025-02-10,SKU-BAK-119,Pasta 16oz,Bakery,18,7.82,14.61,76,263.07,140.83,46.47,35.16,87.07
2025-08-16,SKU-BAK-019,Orange Juice 1L,Bakery,2,6.56,8.91,72,17.82,13.11,26.42,2.16,2.55
2025-06-06,SKU-SEA-016,Granola Bars 12ct,Seafood,24,1.86,3.11,96,74.73,44.69,40.20,12.93,17.12
2025-12-22,SKU-FRZ-026,Salmon Fillet (lb),Frozen,20,15.77,30.57,114,611.36,315.42,48.41,44.69,251.25
2025-05-13,SKU-SEA-061,Laundry Detergent 64oz,Seafood,13,11.55,22.78,46,296.17,150.18,49.29,21.45,124.55
2025-10-28,SKU-BEV-044,Bananas (lb),Beverages,20,14.27,18.35,164,366.96,285.40,22.23,23.14,58.42
2025-12-11,SKU-BAK-025,Chicken Breast (lb),Bakery,25,15.13,24.21,201,605.13,378.22,37.50,35.24,191.66
2025-03-19,SKU-BEV-033,Olive Oil 1L,Beverages,17,6.72,13.95,199,237.22,114.24,51.84,38.04,84.94
2025-10-01,SKU-SEA-085,Pasta 16oz,Seafood,30,15.32,20.10,199,603.01,459.51,23.80,96.34,47.16
2025-12-18,SKU-PRD-017,Chicken Breast (lb),Produce,15,0.92,1.71,177,25.72,13.78,46.44,2.04,9.91
2025-05-14,SKU-BAK-048,Granola Bars 12ct,Bakery,30,10.52,17.44,37,523.27,315.55,39.70,1.23,206.49
2025-08-27,SKU-MET-042,Salmon Fillet (lb),Meat,10,1.22,1.79,84,17.92,12.18,32.02,0.54,5.19
2025-03-18,SKU-BAK-076,Rice 5lb,Bakery,11,11.81,23.39,38,257.30,129.91,49.51,13.70,113.68
2025-07-31,SKU-SNK-045,Laundry Detergent 64oz,Snacks,13,8.23,15.55,204,202.17,106.96,47.09,25.70,69.50
2025-01-26,SKU-HOU-117,Chicken Breast (lb),Household,9,14.72,18.09,214,162.85,132.52,18.62,18.29,12.04
2025-10-10,SKU-PRD-065,Chicken Breast (lb),Produce,3,11.94,23.63,30,70.88,35.82,49.47,0.99,34.07
2025-01-26,SKU-PAN-074,Orange Juice 1L,Pantry,22,11.47,15.54,181,341.84,252.31,26.19,47.23,42.30
2025-07-06,SKU-SNK-027,Sourdough Bread,Snacks,2,1.79,3.11,158,6.22,3.58,42.49,0.67,1.97
2025-10-10,SKU-BAK-117,Eggs 12ct,Bakery,12,17.63,34.95,41,419.37,211.55,49.56,66.33,141.49
2025-03-23,SKU-BAK-058,Eggs 12ct,Bakery,7,5.63,8.63,75,60.43,39.39,34.81,5.87,15.16
2025-11-21,SKU-BEV-068,Pasta 16oz,Beverages,7,9.96,18.79,8,131.53,69.69,47.02,16.83,45.01
2025-04-05,SKU-PRD-120,Potato Chips 8oz,Produce,16,16.91,22.60,61,361.60,270.60,25.17,35.97,55.02
2025-09-13,SKU-PAN-063,Olive Oil 1L,Pantry,7,15.06,22.71,46,158.98,105.39,33.71,2.67,50.93
2025-03-11,SKU-SNK-004,Eggs 12ct,Snacks,15,0.83,1.60,21,23.96,12.43,48.12,3.75,7.78
2025-07-26,SKU-SNK-024,Laundry Detergent 64oz,Snacks,15,8.07,10.12,102,151.73,121.00,20.25,11.78,18.95
2025-11-30,SKU-HOU-051,Pasta 16oz,Household,29,5.82,10.27,164,297.69,168.91,43.26,14.22,114.57
2025-08-11,SKU-PAN-042,Salmon Fillet (lb),Pantry,17,6.26,7.60,135,129.25,106.49,17.61,3.18,19.58
2025-04-11,SKU-SNK-063,Orange Juice 1L,Snacks,19,13.24,18.61,65,353.54,251.54,28.85,3.75,98.25
2025-09-21,SKU-DRY-041,Apples (3lb bag),Dairy,26,14.53,22.83,29,593.66,377.76,36.37,55.13,160.77
2025-07-01,SKU-BEV-038,Dish Soap 24oz,Beverages,8,9.02,15.20,2,121.63,72.12,40.70,15.17,34.34
2025-02-07,SKU-HOU-102,Greek Yogurt 4pk,Household,4,3.24,6.75,118,27.01,12.96,52.03,1.90,12.15
2025-10-09,SKU-SNK-085,Sourdough Bread,Snacks,24,4.16,6.22,205,149.31,99.90,33.09,7.14,42.26
2025-09-05,SKU-SEA-025,Apples (3lb bag),Seafood,30,4.96,9.40,196,281.97,148.80,47.23,1.17,132.00
2025-05-06,SKU-BAK-039,Laundry Detergent 64oz,Bakery,24,2.39,3.79,217,90.96,57.36,36.93,12.79,20.81
2025-07-04,SKU-MET-039,Potato Chips 8oz,Meat,24,15.95,31.95,187,766.78,382.90,50.06,5.10,378.78
2025-10-18,SKU-HOU-012,Orange Juice 1L,Household,15,7.31,14.10,19,211.53,109.69,48.14,15.63,86.21
2025-06-12,SKU-MET-015,Rice 5lb,Meat,30,10.12,12.65,23,379.39,303.69,19.95,25.96,49.74
2025-12-05,SKU-BAK-008,Salmon Fillet (lb),Bakery,26,1.19,1.66,186,43.29,30.96,28.48,5.75,6.58
2025-05-10,SKU-PRD-068,Paper Towels 6ct,Produce,2,13.52,16.92,7,33.83,27.03,20.10,0.44,6.36
2025-06-07,SKU-BAK-029,Bananas (lb),Bakery,27,12.11,23.61,101,637.43,326.94,48.71,60.21,250.28
2025-02-28,SKU-FRZ-016,Frozen Pizza,Frozen,22,8.75,14.16,218,311.47,192.57,38.17,10.70,108.19
2025-08-10,SKU-SEA-054,Soda 12oz 6pk,Seafood,2,16.39,27.81,195,55.62,32.79,41.06,3.27,19.57
2025-08-13,SKU-FRZ-078,Rice 5lb,Frozen,15,12.87,24.92,82,373.77,193.04,48.35,5.84,174.88
2025-01-27,SKU-BEV-103,Salmon Fillet (lb),Beverages,1,17.60,32.57,142,32.57,17.60,45.96,2.48,12.49
2025-04-16,SKU-FRZ-068,Greek Yogurt 4pk,Frozen,2,7.87,14.39,203,28.77,15.74,45.29,1.95,11.08
2025-08-27,SKU-SEA-042,Greek Yogurt 4pk,Seafood,15,8.99,17.68,127,265.17,134.90,49.13,32.14,98.13
2025-03-18,SKU-FRZ-033,Eggs 12ct,Frozen,14,10.92,20.29,91,284.12,152.83,46.21,50.55,80.74
2025-01-02,SKU-FRZ-027,Salmon Fillet (lb),Frozen,11,15.08,18.53,1,203.87,165.89,18.63,21.09,16.89
2025-01-29,SKU-HOU-070,Olive Oil 1L,Household,29,16.91,28.68,210,831.66,490.46,41.03,40.95,300.25
2025-04-04,SKU-MET-054,Granola Bars 12ct,Meat,11,12.91,23.57,166,259.30,141.97,45.25,16.03,101.30
2025-07-20,SKU-FRZ-109,Laundry Detergent 64oz,Frozen,27,9.55,14.87,65,401.49,257.84,35.78,58.49,85.15
2025-07-07,SKU-DRY-004,Frozen Pizza,Dairy,4,9.94,20.46,200,81.83,39.75,51.43,14.52,27.56
2025-09-17,SKU-DRY-009,Ground Beef 1lb,Dairy,21,10.44,20.05,157,421.12,219.25,47.94,0.69,201.18
2025-01-20,SKU-FRZ-079,Frozen Pizza,Frozen,15,16.77,27.74,111,416.12,251.54,39.55,35.73,128.85
2025-12-25,SKU-BAK-065,Sourdough Bread,Bakery,22,17.55,26.78,126,589.13,386.02,34.48,56.36,146.76
2025-05-21,SKU-MET-075,Potato Chips 8oz,Meat,29,4.44,8.55,104,248.09,128.71,48.12,12.87,106.51
2025-04-09,SKU-FRZ-104,Ground Beef 1lb,Frozen,14,17.30,21.89,211,306.41,242.26,20.94,0.49,63.66
2025-01-12,SKU-FRZ-088,Granola Bars 12ct,Frozen,29,16.83,31.00,167,898.89,488.17,45.69,149.01,261.71
2025-09-24,SKU-PAN-104,Greek Yogurt 4pk,Pantry,25,7.39,9.54,86,238.48,184.81,22.51,42.72,10.95
2025-03-29,SKU-DRY-098,Granola Bars 12ct,Dairy,9,14.97,24.58,24,221.26,134.75,39.10,15.80,70.71
2025-02-20,SKU-MET-114,Rice 5lb,Meat,27,3.68,6.05,13,163.45,99.32,39.23,10.20,53.92
2025-12-22,SKU-PRD-068,Salmon Fillet (lb),Produce,25,5.19,10.34,184,258.61,129.65,49.87,28.63,100.32
2025-07-31,SKU-DRY-044,Rice 5lb,Dairy,23,15.10,21.13,79,486.06,347.30,28.55,11.90,126.86
2025-02-16,SKU-BEV-030,Laundry Detergent 64oz,Beverages,18,6.74,10.88,139,195.77,121.28,38.05,26.72,47.77
2025-11-20,SKU-BEV-098,Apples (3lb bag),Beverages,9,10.92,19.95,165,179.59,98.31,45.26,30.19,51.08
2025-06-15,SKU-BAK-065,Paper Towels 6ct,Bakery,25,16.95,29.07,75,726.72,423.77,41.69,21.76,281.19
2025-12-17,SKU-SEA-013,Rice 5lb,Seafood,19,2.38,4.19,113,79.67,45.14,43.35,5.69,28.85
2025-10-31,SKU-SNK-076,Chicken Breast (lb),Snacks,19,9.48,19.48,204,370.05,180.19,51.31,41.54,148.32
2025-07-21,SKU-HOU-032,Salmon Fillet (lb),Household,21,10.71,21.65,183,454.72,224.82,50.56,26.04,203.86
2025-08-03,SKU-DRY-067,Chicken Breast (lb),Dairy,21,1.39,2.36,95,49.65,29.14,41.31,5.89,14.61
2025-08-23,SKU-BAK-078,Granola Bars 12ct,Bakery,6,5.82,12.05,155,72.31,34.95,51.67,0.64,36.72
2025-06-03,SKU-DRY-119,Granola Bars 12ct,Dairy,10,8.41,11.37,220,113.68,84.12,26.00,3.21,26.35
2025-04-23,SKU-HOU-107,Olive Oil 1L,Household,24,7.04,13.69,57,328.53,168.87,48.60,8.58,151.08
2025-04-15,SKU-FRZ-063,Whole Milk 1gal,Frozen,13,14.37,26.47,41,344.16,186.82,45.72,15.51,141.83
2025-04-28,SKU-SNK-016,Rice 5lb,Snacks,26,7.03,12.62,181,328.25,182.82,44.31,44.27,101.16
2025-12-13,SKU-BAK-006,Orange Juice 1L,Bakery,1,15.95,24.08,109,24.08,15.95,33.77,1.96,6.17
2025-12-08,SKU-PRD-057,Rice 5lb,Produce,30,17.63,26.29,96,788.83,528.77,32.97,57.45,202.61
2025-02-28,SKU-MET-044,Paper Towels 6ct,Meat,9,16.35,30.29,135,272.63,147.11,46.04,24.00,101.52
2025-09-05,SKU-BAK-114,Olive Oil 1L,Bakery,11,3.80,6.76,66,74.31,41.84,43.70,4.24,28.23
2025-12-25,SKU-SEA-010,Apples (3lb bag),Seafood,24,7.51,15.01,157,360.15,180.35,49.93,37.87,141.93
2025-11-16,SKU-BEV-073,Orange Juice 1L,Beverages,14,2.56,4.93,37,69.01,35.87,48.03,8.23,24.91
2025-09-03,SKU-BAK-053,Pasta 16oz,Bakery,14,12.89,25.50,41,357.01,180.48,49.45,32.26,144.28
2025-06-11,SKU-HOU-022,Orange Juice 1L,Household,20,2.82,4.85,18,97.06,56.46,41.83,4.04,36.57
2025-04-10,SKU-HOU-116,Orange Juice 1L,Household,12,16.47,29.66,210,355.88,197.63,44.47,4.07,154.18
2025-04-04,SKU-SNK-120,Dish Soap 24oz,Snacks,30,11.36,18.72,117,561.55,340.72,39.33,49.35,171.48
2025-08-18,SKU-BEV-040,Greek Yogurt 4pk,Beverages,11,13.35,21.06,2,231.66,146.80,36.63,21.73,63.13
2025-04-26,SKU-PAN-053,Sourdough Bread,Pantry,29,0.83,1.73,177,50.25,24.11,52.03,6.55,19.60
2025-11-06,SKU-SEA-100,Whole Milk 1gal,Seafood,24,11.35,19.95,23,478.77,272.38,43.11,54.81,151.58
2025-05-04,SKU-PRD-033,Bananas (lb),Produce,1,14.60,20.78,121,20.78,14.60,29.72,3.68,2.50
2025-08-27,SKU-SEA-040,Soda 12oz 6pk,Seafood,25,10.04,20.86,138,521.47,251.03,51.86,29.42,241.02
2025-06-24,SKU-PAN-089,Eggs 12ct,Pantry,17,15.75,27.53,102,468.08,267.79,42.79,20.78,179.50
2025-11-09,SKU-FRZ-008,Rice 5lb,Frozen,26,3.13,5.62,139,146.13,81.48,44.24,15.55,49.10
2025-06-12,SKU-BAK-115,Whole Milk 1gal,Bakery,13,15.56,27.62,179,359.11,202.34,43.65,17.57,139.19
2025-10-01,SKU-PAN-057,Paper Towels 6ct,Pantry,9,15.92,27.87,75,250.87,143.28,42.89,42.71,64.88
2025-11-30,SKU-SNK-016,Ground Beef 1lb,Snacks,23,12.57,19.24,6,442.62,289.07,34.69,11.16,142.39
2025-10-08,SKU-PAN-036,Eggs 12ct,Pantry,28,4.95,6.24,159,174.82,138.74,20.64,20.44,15.65
2025-07-19,SKU-BEV-016,Eggs 12ct,Beverages,3,17.87,24.53,131,73.58,53.61,27.14,5.62,14.35
2025-09-21,SKU-BAK-009,Sourdough Bread,Bakery,9,9.56,12.04,95,108.38,86.06,20.60,18.76,3.56
2025-03-20,SKU-SNK-025,Frozen Pizza,Snacks,26,2.84,4.80,104,124.90,73.94,40.80,3.84,47.12
2025-10-19,SKU-BAK-097,Eggs 12ct,Bakery,23,8.69,14.29,184,328.63,199.84,39.19,41.39,87.40
2025-07-05,SKU-FRZ-062,Olive Oil 1L,Frozen,3,17.38,31.28,66,93.84,52.15,44.43,11.39,30.30
2025-02-16,SKU-HOU-014,Paper Towels 6ct,Household,9,9.48,18.98,125,170.79,85.36,50.02,10.62,74.81
2025-02-04,SKU-SNK-084,Bananas (lb),Snacks,16,11.50,16.76,122,268.19,183.95,31.41,38.78,45.46
2025-11-08,SKU-SNK-119,Frozen Pizza,Snacks,20,6.53,8.58,175,171.70,130.69,23.88,8.37,32.63
2025-03-14,SKU-PRD-006,Chicken Breast (lb),Produce,18,14.34,21.81,41,392.58,258.18,34.24,47.04,87.37
2025-04-02,SKU-PAN-023,Whole Milk 1gal,Pantry,19,9.18,16.22,4,308.11,174.41,43.39,34.09,99.61
2025-06-23,SKU-BEV-073,Greek Yogurt 4pk,Beverages,17,14.17,21.94,11,373.00,240.85,35.43,32.55,99.61
2025-07-18,SKU-SNK-064,Dish Soap 24oz,Snacks,8,12.22,15.34,159,122.73,97.72,20.37,20.47,4.54
2025-05-29,SKU-BEV-014,Chicken Breast (lb),Beverages,18,1.81,2.46,177,44.34,32.53,26.64,5.04,6.78
2025-06-16,SKU-FRZ-056,Potato Chips 8oz,Frozen,2,9.24,17.37,36,34.74,18.48,46.81,3.22,13.04
2025-02-09,SKU-SNK-108,Dish Soap 24oz,Snacks,22,7.47,9.04,49,198.78,164.27,17.36,23.95,10.56
2025-12-22,SKU-HOU-115,Rice 5lb,Household,23,6.98,8.62,14,198.24,160.48,19.05,16.02,21.75
2025-09-23,SKU-HOU-091,Whole Milk 1gal,Household,8,15.69,27.30,21,218.42,125.53,42.53,6.79,86.10
2025-01-22,SKU-BAK-021,Soda 12oz 6pk,Bakery,8,10.71,14.97,213,119.72,85.65,28.46,14.23,19.84
2025-02-26,SKU-MET-052,Salmon Fillet (lb),Meat,25,6.79,12.70,9,317.47,169.67,46.55,15.48,132.32
2025-06-07,SKU-PAN-009,Apples (3lb bag),Pantry,9,13.02,21.83,46,196.45,117.17,40.36,0.65,78.63
2025-06-25,SKU-HOU-046,Orange Juice 1L,Household,7,1.71,3.21,171,22.47,11.94,46.86,2.63,7.90
2025-04-03,SKU-BAK-038,Orange Juice 1L,Bakery,23,10.26,13.72,42,315.65,236.08,25.21,56.17,23.40
2025-10-10,SKU-MET-083,Olive Oil 1L,Meat,24,12.07,15.85,178,380.37,289.73,23.83,46.62,44.02
2025-05-25,SKU-PRD-064,Eggs 12ct,Produce,7,15.93,19.19,83,134.31,111.50,16.98,8.17,14.64
2025-01-21,SKU-BAK-023,Chicken Breast (lb),Bakery,4,11.31,17.55,119,70.19,45.25,35.52,3.23,21.70
2025-05-24,SKU-FRZ-089,Eggs 12ct,Frozen,21,7.93,16.47,173,345.90,166.52,51.86,41.79,137.59
2025-11-13,SKU-SNK-095,Eggs 12ct,Snacks,2,16.09,33.12,8,66.25,32.17,51.44,9.99,24.08
2025-01-07,SKU-BEV-020,Sourdough Bread,Beverages,4,1.37,2.79,189,11.14,5.48,50.81,1.38,4.28
2025-09-17,SKU-DRY-027,Dish Soap 24oz,Dairy,9,14.91,19.48,29,175.33,134.15,23.49,15.67,25.51
2025-02-04,SKU-SNK-084,Whole Milk 1gal,Snacks,5,11.93,23.09,121,115.45,59.64,48.34,5.75,50.06
2025-02-22,SKU-PRD-035,Ground Beef 1lb,Produce,9,1.92,3.87,144,34.85,17.26,50.47,1.74,15.85
2025-06-12,SKU-BEV-001,Rice 5lb,Beverages,8,4.35,6.59,17,52.75,34.82,34.00,3.93,14.01
2025-10-08,SKU-SNK-098,Pasta 16oz,Snacks,25,14.03,21.33,160,533.29,350.82,34.22,57.08,125.39
2025-12-28,SKU-SEA-038,Pasta 16oz,Seafood,13,3.10,4.72,186,61.37,40.32,34.30,4.85,16.20
2025-02-25,SKU-BEV-055,Orange Juice 1L,Beverages,11,9.06,15.45,164,169.91,99.66,41.34,11.30,58.95
2025-12-06,SKU-DRY-020,Greek Yogurt 4pk,Dairy,10,15.09,22.58,89,225.75,150.94,33.14,27.63,47.19
2025-12-23,SKU-MET-029,Sourdough Bread,Meat,7,8.82,14.55,124,101.82,61.77,39.34,1.56,38.50
2025-09-02,SKU-PAN-012,Laundry Detergent 64oz,Pantry,11,4.02,7.05,42,77.59,44.24,42.99,13.29,20.06
2025-02-15,SKU-BEV-113,Soda 12oz 6pk,Beverages,23,17.39,24.44,6,562.05,399.89,28.85,21.23,140.94
2025-08-18,SKU-PRD-082,Olive Oil 1L,Produce,20,8.55,13.59,107,271.72,170.90,37.11,1.43,99.39
2025-12-04,SKU-PRD-100,Soda 12oz 6pk,Produce,22,14.92,24.07,213,529.54,328.32,38.00,86.88,114.34
2025-04-20,SKU-BAK-110,Paper Towels 6ct,Bakery,10,1.62,2.42,47,24.19,16.15,33.21,0.27,7.76
2025-02-11,SKU-PRD-013,Orange Juice 1L,Produce,28,11.80,20.57,46,575.95,330.48,42.62,65.24,180.23
2025-01-10,SKU-PAN-092,Whole Milk 1gal,Pantry,10,15.73,22.22,181,222.22,157.35,29.19,21.96,42.92
2025-11-09,SKU-SNK-052,Laundry Detergent 64oz,Snacks,6,13.99,22.03,148,132.18,83.92,36.51,23.23,25.03
2025-04-06,SKU-MET-030,Paper Towels 6ct,Meat,3,3.29,4.62,173,13.85,9.88,28.69,1.84,2.13
2025-06-20,SKU-SNK-099,Apples (3lb bag),Snacks,30,5.87,8.03,53,240.93,176.05,26.93,21.36,43.52
2025-09-06,SKU-SEA-078,Rice 5lb,Seafood,10,12.46,23.34,216,233.44,124.60,46.63,6.41,102.43
2025-07-28,SKU-FRZ-120,Whole Milk 1gal,Frozen,27,16.69,20.55,122,554.97,450.53,18.82,81.62,22.82
2025-08-28,SKU-BEV-023,Bananas (lb),Beverages,27,5.78,10.09,172,272.49,156.19,42.68,19.57,96.74
2025-08-03,SKU-HOU-058,Orange Juice 1L,Household,7,14.70,24.23,113,169.60,102.87,39.35,25.50,41.23
2025-04-13,SKU-BEV-025,Sourdough Bread,Beverages,28,1.92,3.62,50,101.28,53.64,47.04,13.93,33.71
2025-05-24,SKU-MET-104,Bananas (lb),Meat,1,13.17,21.82,207,21.82,13.17,39.64,3.26,5.39
2025-03-12,SKU-FRZ-016,Frozen Pizza,Frozen,21,11.32,20.60,56,432.58,237.69,45.05,27.85,167.03
2025-07-18,SKU-BEV-051,Ground Beef 1lb,Beverages,8,9.16,14.71,142,117.69,73.26,37.75,14.51,29.92
2025-02-17,SKU-BEV-055,Paper Towels 6ct,Beverages,9,4.76,9.52,208,85.72,42.86,50.00,3.99,38.87
2025-04-13,SKU-BEV-053,Frozen Pizza,Beverages,4,6.33,8.99,79,35.95,25.30,29.63,4.77,5.88
2025-01-21,SKU-MET-097,Greek Yogurt 4pk,Meat,20,17.75,33.65,17,673.05,355.06,47.25,55.63,262.36
2025-06-18,SKU-HOU-108,Granola Bars 12ct,Household,15,5.94,9.67,167,145.03,89.03,38.61,4.17,51.83
2025-04-03,SKU-BAK-054,Whole Milk 1gal,Bakery,23,14.26,20.86,89,479.73,327.94,31.64,35.65,116.15
2025-03-13,SKU-SNK-070,Olive Oil 1L,Snacks,19,17.86,36.84,100,699.93,339.32,51.52,92.92,267.70
2025-04-15,SKU-BAK-082,Chicken Breast (lb),Bakery,2,6.96,8.42,69,16.85,13.93,17.32,1.61,1.31
2025-09-20,SKU-BEV-073,Ground Beef 1lb,Beverages,2,12.54,24.56,89,49.11,25.07,48.95,8.73,15.31
2025-09-07,SKU-FRZ-023,Rice 5lb,Frozen,13,8.95,14.82,187,192.62,116.29,39.63,5.97,70.36
2025-02-11,SKU-HOU-066,Granola Bars 12ct,Household,20,17.02,23.56,9,471.12,340.36,27.76,75.58,55.18
2025-02-22,SKU-SNK-027,Paper Towels 6ct,Snacks,6,5.89,11.92,44,71.54,35.36,50.58,3.44,32.74
2025-03-28,SKU-PRD-117,Orange Juice 1L,Produce,5,6.03,8.86,206,44.32,30.14,32.00,6.67,7.52
2025-08-09,SKU-PAN-066,Whole Milk 1gal,Pantry,7,1.66,2.51,137,17.60,11.60,34.09,1.48,4.52
2025-03-20,SKU-PAN-036,Bananas (lb),Pantry,2,15.53,28.12,165,56.23,31.07,44.75,6.10,19.06
2025-06-18,SKU-BEV-018,Greek Yogurt 4pk,Beverages,9,17.52,24.72,54,222.52,157.71,29.13,3.83,60.98
2025-09-07,SKU-HOU-056,Greek Yogurt 4pk,Household,14,7.52,11.02,102,154.23,105.34,31.70,16.92,31.97
2025-12-16,SKU-BEV-069,Dish Soap 24oz,Beverages,14,1.90,3.55,86,49.68,26.58,46.51,5.42,17.69
2025-06-10,SKU-SEA-116,Bananas (lb),Seafood,26,1.71,2.98,122,77.56,44.57,42.53,4.01,28.98
2025-02-18,SKU-PAN-093,Eggs 12ct,Pantry,5,17.64,35.79,51,178.97,88.18,50.73,19.70,71.10
2025-04-27,SKU-FRZ-004,Salmon Fillet (lb),Frozen,1,10.09,15.02,148,15.02,10.09,32.84,1.40,3.54
2025-12-19,SKU-SEA-022,Orange Juice 1L,Seafood,27,6.30,10.56,151,285.08,170.16,40.31,14.49,100.43
2025-12-08,SKU-FRZ-114,Whole Milk 1gal,Frozen,22,3.46,7.09,44,155.93,76.11,51.19,13.17,66.65
2025-09-21,SKU-SEA-115,Bananas (lb),Seafood,6,8.11,14.75,78,88.49,48.63,45.04,4.61,35.25
2025-08-05,SKU-BEV-065,Orange Juice 1L,Beverages,7,5.79,11.04,193,77.26,40.54,47.52,8.98,27.74
2025-12-05,SKU-HOU-069,Potato Chips 8oz,Household,8,8.29,16.17,207,129.37,66.35,48.71,14.89,48.13
2025-08-24,SKU-HOU-078,Olive Oil 1L,Household,20,10.80,21.65,104,432.98,216.07,50.10,54.89,162.02
2025-09-07,SKU-FRZ-016,Apples (3lb bag),Frozen,23,13.48,25.05,206,576.26,310.07,46.19,23.69,242.50
2025-01-28,SKU-SNK-010,Bananas (lb),Snacks,23,4.14,5.24,0,120.50,95.18,21.01,16.17,9.15
2025-02-10,SKU-BEV-054,Eggs 12ct,Beverages,18,11.59,15.42,157,277.64,208.55,24.88,23.50,45.58
2025-04-25,SKU-PAN-055,Granola Bars 12ct,Pantry,30,7.78,11.43,171,342.97,233.28,31.98,11.15,98.54
2025-03-07,SKU-FRZ-081,Apples (3lb bag),Frozen,26,13.16,19.79,195,514.62,342.14,33.52,24.59,147.90
2025-06-13,SKU-BEV-007,Sourdough Bread,Beverages,18,1.05,1.61,8,29.05,18.92,34.87,1.26,8.87
2025-06-30,SKU-PRD-068,Ground Beef 1lb,Produce,23,14.63,30.01,53,690.19,336.52,51.24,105.32,248.35
2025-01-16,SKU-HOU-025,Sourdough Bread,Household,4,13.65,16.93,184,67.70,54.59,19.37,7.81,5.30
2025-04-20,SKU-BEV-002,Salmon Fillet (lb),Beverages,26,11.42,23.58,131,612.96,296.82,51.58,58.12,258.02
2025-06-12,SKU-SEA-045,Rice 5lb,Seafood,8,13.65,24.10,140,192.79,109.17,43.37,15.03,68.59
2025-05-13,SKU-HOU-058,Dish Soap 24oz,Household,19,7.29,10.53,164,199.98,138.43,30.78,0.74,60.81
2025-12-10,SKU-BEV-036,Soda 12oz 6pk,Beverages,19,17.60,26.78,197,508.83,334.34,34.29,88.56,85.93
2025-01-30,SKU-MET-012,Chicken Breast (lb),Meat,18,14.56,29.51,56,531.23,262.13,50.66,55.11,213.99
2025-09-21,SKU-DRY-097,Pasta 16oz,Dairy,16,12.80,21.09,155,337.41,204.73,39.32,33.67,99.01
2025-10-23,SKU-DRY-087,Bananas (lb),Dairy,4,11.23,22.26,196,89.04,44.92,49.55,2.66,41.46
2025-01-18,SKU-PRD-047,Orange Juice 1L,Produce,23,3.35,4.69,77,107.76,77.00,28.55,0.19,30.57
2025-07-07,SKU-FRZ-009,Ground Beef 1lb,Frozen,6,5.77,7.09,49,42.53,34.63,18.58,4.94,2.96
2025-01-04,SKU-SNK-052,Greek Yogurt 4pk,Snacks,8,7.34,14.91,55,119.24,58.75,50.73,19.90,40.59
2025-04-18,SKU-SEA-086,Chicken Breast (lb),Seafood,2,6.04,7.46,178,14.92,12.08,19.07,0.13,2.72
2025-09-20,SKU-BAK-091,Eggs 12ct,Bakery,25,16.18,32.04,3,801.02,404.40,49.51,90.46,306.17
2025-09-27,SKU-BAK-028,Chicken Breast (lb),Bakery,3,2.13,4.22,66,12.67,6.38,49.62,1.39,4.90
2025-01-08,SKU-MET-037,Paper Towels 6ct,Meat,4,2.86,5.05,0,20.21,11.43,43.45,3.17,5.61
2025-06-14,SKU-BAK-016,Potato Chips 8oz,Bakery,27,10.51,19.38,215,523.19,283.89,45.74,37.89,201.42
2025-05-30,SKU-BAK-071,Salmon Fillet (lb),Bakery,12,13.87,20.01,47,240.09,166.38,30.70,13.53,60.17
2025-02-18,SKU-HOU-100,Dish Soap 24oz,Household,12,16.08,26.81,145,321.70,193.01,40.00,45.91,82.77
2025-10-31,SKU-DRY-104,Granola Bars 12ct,Dairy,23,15.49,24.40,125,561.12,356.21,36.52,20.31,184.61
2025-02-20,SKU-PRD-017,Paper Towels 6ct,Produce,7,17.40,25.89,18,181.26,121.83,32.79,2.14,57.29
2025-01-28,SKU-PRD-081,Olive Oil 1L,Produce,5,4.21,6.76,19,33.78,21.03,37.74,4.60,8.15
2025-08-04,SKU-BEV-012,Ground Beef 1lb,Beverages,16,12.84,26.70,93,427.27,205.37,51.93,50.78,171.12
2025-10-10,SKU-BAK-041,Granola Bars 12ct,Bakery,5,11.57,17.59,211,87.97,57.87,34.22,2.33,27.77
2025-07-25,SKU-HOU-011,Paper Towels 6ct,Household,16,14.17,26.88,176,430.05,226.72,47.28,34.72,168.61
2025-05-17,SKU-MET-038,Orange Juice 1L,Meat,27,9.50,18.57,182,501.50,256.52,48.85,12.87,232.11
2025-07-01,SKU-HOU-111,Apples (3lb bag),Household,7,13.66,16.94,160,118.61,95.64,19.37,4.85,18.12
2025-08-11,SKU-SNK-064,Dish Soap 24oz,Snacks,16,9.35,16.18,158,258.95,149.54,42.25,13.49,95.92
2025-08-17,SKU-PAN-073,Orange Juice 1L,Pantry,27,17.44,32.65,69,881.65,470.94,46.58,119.60,291.11
2025-11-17,SKU-SNK-079,Orange Juice 1L,Snacks,4,5.05,9.13,153,36.52,20.20,44.69,0.10,16.22
2025-12-24,SKU-MET-032,Apples (3lb bag),Meat,15,12.71,22.02,148,330.29,190.64,42.28,39.77,99.88
2025-04-22,SKU-DRY-090,Granola Bars 12ct,Dairy,17,15.34,24.34,34,413.79,260.75,36.99,38.69,114.36
2025-11-14,SKU-BAK-075,Frozen Pizza,Bakery,15,12.95,19.45,162,291.76,194.22,33.43,12.18,85.37
2025-08-11,SKU-MET-061,Dish Soap 24oz,Meat,15,5.68,9.85,202,147.80,85.22,42.34,12.06,50.52
2025-06-03,SKU-FRZ-032,Eggs 12ct,Frozen,7,7.33,9.70,123,67.87,51.32,24.39,4.44,12.11
2025-03-17,SKU-SNK-069,Laundry Detergent 64oz,Snacks,11,10.11,15.64,78,172.08,111.19,35.38,14.90,45.98
2025-02-24,SKU-BEV-112,Olive Oil 1L,Beverages,16,16.53,20.55,195,328.85,264.41,19.59,36.34,28.10
2025-01-10,SKU-MET-080,Eggs 12ct,Meat,19,3.54,6.21,141,117.96,67.26,42.99,3.04,47.66
2025-04-30,SKU-PAN-006,Salmon Fillet (lb),Pantry,15,14.43,20.54,91,308.14,216.39,29.77,44.71,47.03
2025-11-09,SKU-SEA-006,Bananas (lb),Seafood,8,10.32,21.01,155,168.06,82.57,50.87,25.43,60.07
2025-10-27,SKU-PRD-008,Pasta 16oz,Produce,10,10.90,21.13,73,211.29,108.98,48.42,28.60,73.71
2025-07-06,SKU-FRZ-029,Chicken Breast (lb),Frozen,15,15.00,30.51,206,457.66,224.94,50.85,29.54,203.18
2025-09-11,SKU-FRZ-062,Dish Soap 24oz,Frozen,8,11.83,18.66,189,149.30,94.67,36.59,14.51,40.12
2025-04-07,SKU-DRY-088,Eggs 12ct,Dairy,28,15.57,32.31,174,904.59,436.09,51.79,54.92,413.58
2025-05-20,SKU-DRY-106,Bananas (lb),Dairy,20,15.97,26.01,48,520.16,319.32,38.61,68.00,132.84
2025-09-18,SKU-PRD-052,Pasta 16oz,Produce,17,4.98,9.21,125,156.52,84.58,45.96,16.59,55.35
2025-07-13,SKU-PAN-083,Ground Beef 1lb,Pantry,12,2.91,5.25,128,63.01,34.89,44.62,1.14,26.97
2025-09-17,SKU-MET-102,Potato Chips 8oz,Meat,16,10.17,18.60,136,297.62,162.73,45.32,21.40,113.48
2025-05-29,SKU-DRY-019,Sourdough Bread,Dairy,2,13.00,26.09,195,52.17,25.99,50.18,7.72,18.46
2025-10-19,SKU-SNK-030,Olive Oil 1L,Snacks,1,0.85,1.13,8,1.13,0.85,24.61,0.00,0.27
2025-06-15,SKU-SNK-020,Whole Milk 1gal,Snacks,28,6.45,12.98,176,363.51,180.51,50.34,48.90,134.10
2025-03-10,SKU-SNK-054,Soda 12oz 6pk,Snacks,26,10.42,14.08,35,366.14,270.99,25.99,46.19,48.96
2025-01-14,SKU-DRY-096,Potato Chips 8oz,Dairy,15,7.14,13.97,0,209.53,107.04,48.92,26.42,76.08
2025-02-24,SKU-BAK-051,Chicken Breast (lb),Bakery,3,12.26,18.93,168,56.79,36.77,35.25,4.19,15.83
2025-04-02,SKU-FRZ-120,Bananas (lb),Frozen,19,17.09,26.55,153,504.47,324.62,35.65,32.46,147.38
2025-03-25,SKU-PRD-015,Greek Yogurt 4pk,Produce,3,6.95,12.09,1,36.28,20.86,42.50,2.56,12.86
2025-03-25,SKU-FRZ-024,Bananas (lb),Frozen,23,8.66,16.21,84,372.73,199.11,46.58,58.11,115.50
2025-07-21,SKU-SEA-015,Sourdough Bread,Seafood,8,2.28,3.56,171,28.50,18.20,36.12,2.98,7.31
2025-06-27,SKU-PRD-056,Soda 12oz 6pk,Produce,17,11.16,13.46,65,228.84,189.78,17.07,26.90,12.15
2025-04-23,SKU-BAK-056,Paper Towels 6ct,Bakery,2,10.05,19.53,20,39.07,20.10,48.55,6.47,12.49
2025-06-21,SKU-FRZ-038,Dish Soap 24oz,Frozen,24,4.52,8.02,2,192.39,108.54,43.58,1.20,82.66
2025-02-25,SKU-PRD-029,Laundry Detergent 64oz,Produce,7,17.97,27.63,76,193.41,125.76,34.98,21.65,46.00
2025-01-14,SKU-BAK-058,Rice 5lb,Bakery,16,10.88,17.59,219,281.51,174.06,38.17,44.30,63.15
2025-10-04,SKU-BEV-060,Potato Chips 8oz,Beverages,20,8.89,15.06,63,301.26,177.86,40.96,18.89,104.51
2025-10-01,SKU-FRZ-019,Greek Yogurt 4pk,Frozen,23,5.12,8.11,130,186.61,117.70,36.93,31.95,36.97
2025-11-30,SKU-BEV-025,Pasta 16oz,Beverages,8,15.53,23.12,101,184.97,124.27,32.82,16.98,43.72
2025-04-24,SKU-BEV-098,Sourdough Bread,Beverages,20,4.89,8.77,63,175.40,97.88,44.20,8.18,69.34
2025-02-28,SKU-PRD-079,Chicken Breast (lb),Produce,17,15.88,31.61,135,537.35,270.01,49.75,2.88,264.46
2025-04-23,SKU-FRZ-061,Ground Beef 1lb,Frozen,10,14.78,20.84,169,208.45,147.84,29.08,36.87,23.74
2025-04-03,SKU-FRZ-017,Salmon Fillet (lb),Frozen,13,15.43,20.93,80,272.04,200.58,26.27,18.25,53.20
2025-01-31,SKU-BEV-033,Pasta 16oz,Beverages,11,6.55,10.68,211,117.46,72.06,38.65,2.27,43.13
2025-05-20,SKU-SNK-026,Potato Chips 8oz,Snacks,3,9.75,13.35,35,40.04,29.24,26.99,2.23,8.57
2025-12-07,SKU-PAN-027,Pasta 16oz,Pantry,8,5.98,11.95,209,95.63,47.86,49.95,9.30,38.47
2025-08-02,SKU-PAN-070,Eggs 12ct,Pantry,1,2.79,3.85,205,3.85,2.79,27.40,0.40,0.65
2025-01-16,SKU-DRY-070,Soda 12oz 6pk,Dairy,7,17.02,35.20,16,246.43,119.14,51.65,3.50,123.79
2025-06-27,SKU-PRD-059,Frozen Pizza,Produce,15,6.11,11.22,166,168.23,91.59,45.56,15.95,60.68
2025-10-23,SKU-BAK-024,Rice 5lb,Bakery,13,8.97,13.27,197,172.49,116.67,32.36,13.55,42.27
2025-01-02,SKU-SNK-080,Ground Beef 1lb,Snacks,15,8.35,11.82,150,177.27,125.32,29.31,16.63,35.33
2025-11-03,SKU-MET-098,Paper Towels 6ct,Meat,29,3.77,5.47,142,158.64,109.20,31.16,13.39,36.05
2025-05-04,SKU-HOU-049,Olive Oil 1L,Household,8,2.12,3.02,220,24.12,16.93,29.80,4.23,2.95
2025-09-01,SKU-MET-004,Paper Towels 6ct,Meat,17,4.37,5.36,38,91.14,74.34,18.43,14.93,1.87
2025-03-07,SKU-DRY-038,Frozen Pizza,Dairy,26,11.58,17.79,135,462.51,301.18,34.88,5.48,155.85
2025-03-10,SKU-SNK-081,Dish Soap 24oz,Snacks,18,17.53,33.35,3,600.27,315.48,47.44,80.62,204.17
2025-01-14,SKU-SNK-017,Greek Yogurt 4pk,Snacks,2,9.68,18.07,197,36.13,19.36,46.43,4.26,12.52
2025-02-02,SKU-PAN-036,Olive Oil 1L,Pantry,19,5.81,8.74,107,166.11,110.41,33.53,24.30,31.40
2025-03-10,SKU-MET-093,Apples (3lb bag),Meat,16,17.20,21.42,68,342.73,275.18,19.71,40.15,27.40
2025-05-14,SKU-SEA-002,Paper Towels 6ct,Seafood,24,15.21,21.18,84,508.22,364.97,28.19,57.55,85.70
2025-02-19,SKU-BAK-078,Laundry Detergent 64oz,Bakery,27,13.19,20.36,159,549.63,356.04,35.22,9.45,184.14
2025-06-08,SKU-PRD-077,Eggs 12ct,Produce,17,4.46,9.29,117,157.97,75.82,52.00,25.15,57.00
2025-09-20,SKU-PAN-094,Dish Soap 24oz,Pantry,29,14.00,17.52,96,508.01,406.10,20.06,60.40,41.50
2025-02-24,SKU-HOU-116,Ground Beef 1lb,Household,21,12.37,25.51,88,535.74,259.84,51.50,17.46,258.44
2025-11-24,SKU-SNK-077,Potato Chips 8oz,Snacks,15,4.33,5.44,166,81.57,64.88,20.46,10.23,6.45
2025-01-21,SKU-DRY-100,Dish Soap 24oz,Dairy,4,6.33,7.74,5,30.98,25.32,18.27,2.30,3.36
2025-03-14,SKU-PAN-028,Orange Juice 1L,Pantry,14,4.99,9.43,197,132.06,69.92,47.05,18.84,43.29
2025-02-23,SKU-PAN-081,Salmon Fillet (lb),Pantry,5,14.97,24.95,188,124.77,74.86,40.01,21.76,28.16
2025-04-03,SKU-SNK-083,Orange Juice 1L,Snacks,26,0.82,1.67,18,43.51,21.42,50.77,0.29,21.80
2025-10-14,SKU-MET-117,Sourdough Bread,Meat,12,14.72,27.92,115,335.07,176.67,47.27,15.02,143.39
2025-03-21,SKU-FRZ-078,Paper Towels 6ct,Frozen,12,2.69,3.89,95,46.66,32.27,30.84,2.18,12.21
2025-05-21,SKU-HOU-095,Frozen Pizza,Household,9,14.26,18.06,8,162.50,128.31,21.04,4.58,29.61
2025-03-16,SKU-FRZ-042,Whole Milk 1gal,Frozen,26,14.11,26.26,129,682.73,366.76,46.28,111.36,204.61
2025-09-05,SKU-SEA-037,Ground Beef 1lb,Seafood,22,7.49,14.92,159,328.13,164.69,49.81,41.01,122.43
2025-12-31,SKU-SNK-073,Paper Towels 6ct,Snacks,27,15.59,26.96,180,727.80,421.03,42.15,87.58,219.20
2025-02-21,SKU-HOU-063,Whole Milk 1gal,Household,9,10.45,19.92,193,179.26,94.05,47.54,2.46,82.76
2025-12-02,SKU-DRY-060,Greek Yogurt 4pk,Dairy,16,17.78,29.38,97,470.12,284.47,39.49,19.32,166.33
2025-04-19,SKU-PAN-120,Ground Beef 1lb,Pantry,14,14.05,27.19,171,380.63,196.73,48.31,66.48,117.42
2025-04-24,SKU-FRZ-063,Paper Towels 6ct,Frozen,29,17.30,21.21,69,615.00,501.72,18.42,78.69,34.59
2025-10-30,SKU-DRY-065,Pasta 16oz,Dairy,7,15.44,23.24,32,162.71,108.08,33.57,2.47,52.16
2025-03-08,SKU-HOU-067,Rice 5lb,Household,22,3.08,3.93,53,86.39,67.77,21.55,6.91,11.71
2025-09-03,SKU-MET-052,Bananas (lb),Meat,4,13.38,27.58,83,110.31,53.53,51.47,0.43,56.35
2025-12-31,SKU-MET-016,Pasta 16oz,Meat,27,11.23,19.65,75,530.43,303.31,42.82,56.44,170.67
2025-02-22,SKU-SEA-096,Salmon Fillet (lb),Seafood,17,16.07,24.44,190,415.51,273.24,34.24,34.39,107.88
2025-07-08,SKU-BAK-087,Granola Bars 12ct,Bakery,16,5.13,10.43,169,166.91,82.11,50.80,3.31,81.49
2025-01-08,SKU-PRD-021,Salmon Fillet (lb),Produce,26,3.99,5.51,41,143.29,103.74,27.60,0.42,39.14
2025-12-25,SKU-HOU-024,Laundry Detergent 64oz,Household,4,9.01,11.82,119,47.26,36.03,23.76,7.79,3.44
2025-03-19,SKU-MET-120,Frozen Pizza,Meat,23,17.49,26.81,188,616.64,402.20,34.77,71.03,143.40
2025-09-13,SKU-BEV-087,Laundry Detergent 64oz,Beverages,28,11.34,21.16,14,592.51,317.51,46.41,106.46,168.54
2025-12-29,SKU-SEA-016,Bananas (lb),Seafood,1,2.71,3.35,79,3.35,2.71,19.24,0.49,0.15
2025-06-16,SKU-MET-023,Salmon Fillet (lb),Meat,20,15.70,24.60,139,491.97,314.10,36.16,16.66,161.21
2025-01-28,SKU-HOU-071,Potato Chips 8oz,Household,15,1.14,1.75,182,26.32,17.09,35.10,3.80,5.44
2025-08-31,SKU-PRD-113,Pasta 16oz,Produce,15,17.46,35.27,9,529.10,261.85,50.51,56.36,210.89
2025-08-07,SKU-BAK-041,Ground Beef 1lb,Bakery,1,15.30,18.40,184,18.40,15.30,16.85,0.28,2.82
2025-11-29,SKU-BAK-063,Potato Chips 8oz,Bakery,12,10.81,17.25,140,207.04,129.72,37.35,27.86,49.45
2025-11-28,SKU-MET-098,Bananas (lb),Meat,23,14.35,24.88,107,572.25,330.09,42.32,79.84,162.31
2025-12-15,SKU-PRD-111,Orange Juice 1L,Produce,23,9.79,15.43,6,354.88,225.17,36.55,7.79,121.92
2025-06-12,SKU-HOU-120,Pasta 16oz,Household,14,9.30,18.76,56,262.63,130.25,50.41,22.00,110.39
2025-12-17,SKU-PRD-040,Whole Milk 1gal,Produce,5,3.22,5.42,203,27.10,16.09,40.60,4.49,6.52
2025-01-17,SKU-PAN-073,Apples (3lb bag),Pantry,15,17.51,30.45,148,456.74,262.62,42.50,31.36,162.77
2025-10-09,SKU-BEV-077,Eggs 12ct,Beverages,24,3.04,4.51,100,108.20,72.94,32.59,2.20,33.06
2025-03-11,SKU-PRD-023,Salmon Fillet (lb),Produce,10,1.46,2.65,219,26.54,14.55,45.15,0.21,11.77
2025-06-17,SKU-PAN-111,Rice 5lb,Pantry,22,12.10,18.49,131,406.75,266.27,34.54,39.58,100.90
2025-05-16,SKU-SEA-033,Laundry Detergent 64oz,Seafood,19,13.73,23.08,74,438.61,260.85,40.53,58.70,119.06
2025-01-31,SKU-PAN-016,Bananas (lb),Pantry,24,15.18,19.47,186,467.34,364.25,22.06,72.72,30.37
2025-09-18,SKU-PRD-067,Greek Yogurt 4pk,Produce,15,17.91,27.79,199,416.80,268.62,35.55,71.62,76.56
2025-11-26,SKU-HOU-005,Paper Towels 6ct,Household,26,14.97,22.19,80,576.95,389.10,32.56,2.46,185.39
2025-08-27,SKU-FRZ-054,Olive Oil 1L,Frozen,27,10.57,15.19,66,410.07,285.40,30.40,45.42,79.25
2025-11-08,SKU-PRD-042,Greek Yogurt 4pk,Produce,10,6.39,9.58,129,95.80,63.94,33.26,3.24,28.62
2025-03-21,SKU-BEV-034,Pasta 16oz,Beverages,3,5.20,7.21,60,21.64,15.61,27.88,3.64,2.40
2025-08-15,SKU-BEV-096,Laundry Detergent 64oz,Beverages,16,13.64,25.89,37,414.28,218.20,47.33,64.82,131.26
2025-09-14,SKU-DRY-116,Salmon Fillet (lb),Dairy,6,15.06,27.41,30,164.46,90.36,45.06,13.22,60.88
2025-12-19,SKU-MET-032,Soda 12oz 6pk,Meat,2,17.45,35.33,205,70.66,34.89,50.62,0.99,34.78
2025-12-12,SKU-PRD-021,Greek Yogurt 4pk,Produce,14,17.82,29.13,57,407.84,249.44,38.84,71.35,87.05
2025-08-18,SKU-SNK-001,Olive Oil 1L,Snacks,29,2.23,2.73,17,79.26,64.76,18.29,10.37,4.13
2025-11-14,SKU-PAN-021,Pasta 16oz,Pantry,6,6.71,11.39,211,68.34,40.27,41.07,2.86,25.20
2025-11-16,SKU-BAK-103,Potato Chips 8oz,Bakery,4,11.13,13.80,91,55.21,44.52,19.37,7.77,2.92
2025-07-26,SKU-BEV-106,Dish Soap 24oz,Beverages,11,10.21,12.75,93,140.26,112.34,19.90,18.92,8.99
2025-11-13,SKU-MET-016,Salmon Fillet (lb),Meat,5,6.58,12.09,132,60.43,32.89,45.58,9.87,17.67
2025-11-02,SKU-HOU-016,Eggs 12ct,Household,4,6.49,13.00,218,52.02,25.94,50.13,0.43,25.65
2025-03-08,SKU-SNK-119,Laundry Detergent 64oz,Snacks,6,3.07,4.30,144,25.82,18.40,28.74,4.17,3.25
2025-07-27,SKU-SNK-113,Chicken Breast (lb),Snacks,5,8.34,10.75,74,53.77,41.68,22.49,5.15,6.94
2025-11-19,SKU-FRZ-036,Eggs 12ct,Frozen,12,7.63,15.79,187,189.53,91.57,51.69,6.47,91.49
2025-02-01,SKU-BAK-077,Soda 12oz 6pk,Bakery,5,4.53,9.07,6,45.37,22.65,50.08,1.93,20.79
2025-10-23,SKU-DRY-084,Salmon Fillet (lb),Dairy,9,13.40,21.37,13,192.31,120.63,37.27,4.35,67.33
2025-12-01,SKU-DRY-024,Whole Milk 1gal,Dairy,9,3.84,5.54,79,49.87,34.60,30.61,6.49,8.77
2025-03-26,SKU-PRD-109,Bananas (lb),Produce,5,7.79,10.18,136,50.91,38.94,23.51,6.54,5.43
2025-05-03,SKU-FRZ-097,Orange Juice 1L,Frozen,20,6.69,10.98,97,219.53,133.71,39.09,28.57,57.25
2025-04-04,SKU-DRY-100,Pasta 16oz,Dairy,1,13.57,22.05,206,22.05,13.57,38.47,0.47,8.02
2025-04-17,SKU-HOU-041,Whole Milk 1gal,Household,18,17.46,29.39,47,529.10,314.30,40.60,57.92,156.88
2025-03-16,SKU-SEA-054,Whole Milk 1gal,Seafood,16,12.09,20.81,153,332.92,193.51,41.88,46.07,93.34
2025-11-13,SKU-BEV-090,Bananas (lb),Beverages,30,6.58,8.92,29,267.72,197.46,26.24,15.29,54.96
2025-10-30,SKU-PRD-020,Laundry Detergent 64oz,Produce,15,10.56,13.01,170,195.12,158.46,18.79,5.47,31.19
2025-06-14,SKU-SNK-031,Granola Bars 12ct,Snacks,15,16.52,29.42,24,441.34,247.84,43.84,62.26,131.24
2025-07-03,SKU-SNK-108,Chicken Breast (lb),Snacks,7,14.27,21.80,70,152.60,99.89,34.54,16.72,35.98
2025-01-23,SKU-BAK-089,Paper Towels 6ct,Bakery,17,11.39,19.87,52,337.75,193.58,42.69,15.44,128.73
2025-06-15,SKU-SEA-041,Ground Beef 1lb,Seafood,19,12.20,15.88,78,301.75,231.75,23.20,29.30,40.70
2025-12-12,SKU-HOU-018,Rice 5lb,Household,24,15.59,25.29,132,606.96,374.18,38.35,49.67,183.11
2025-11-14,SKU-DRY-087,Dish Soap 24oz,Dairy,11,9.25,18.83,218,207.10,101.75,50.87,18.95,86.40
2025-12-14,SKU-MET-003,Bananas (lb),Meat,9,3.27,3.98,104,35.78,29.45,17.68,4.98,1.34
2025-02-19,SKU-PRD-021,Eggs 12ct,Produce,25,4.05,8.02,114,200.51,101.33,49.47,2.37,96.82
2025-10-21,SKU-SEA-098,Soda 12oz 6pk,Seafood,2,17.74,21.55,106,43.10,35.48,17.69,0.83,6.79
2025-09-05,SKU-MET-018,Apples (3lb bag),Meat,22,4.48,9.23,117,203.11,98.57,51.47,29.83,74.70
2025-06-07,SKU-HOU-057,Laundry Detergent 64oz,Household,21,15.05,25.47,31,534.91,315.99,40.93,67.45,151.47
2025-12-27,SKU-HOU-031,Paper Towels 6ct,Household,10,6.21,9.80,170,98.01,62.11,36.63,7.18,28.72
2025-12-12,SKU-BEV-119,Soda 12oz 6pk,Beverages,18,5.04,8.71,83,156.86,90.63,42.22,11.09,55.14
2025-09-24,SKU-SNK-028,Frozen Pizza,Snacks,7,16.14,29.97,56,209.80,112.98,46.15,12.79,84.02
2025-06-29,SKU-SNK-018,Laundry Detergent 64oz,Snacks,8,13.00,23.32,215,186.55,104.02,44.24,24.98,57.55
2025-07-16,SKU-BAK-090,Bananas (lb),Bakery,26,16.48,29.80,20,774.88,428.49,44.70,7.57,338.82
2025-12-12,SKU-FRZ-074,Whole Milk 1gal,Frozen,18,4.45,5.82,202,104.70,80.12,23.48,12.87,11.71
2025-07-23,SKU-HOU-056,Bananas (lb),Household,9,7.91,14.60,183,131.41,71.19,45.83,19.63,40.60
2025-08-05,SKU-SEA-082,Granola Bars 12ct,Seafood,11,11.19,15.56,70,171.19,123.06,28.12,20.03,28.10
2025-03-03,SKU-SNK-007,Eggs 12ct,Snacks,24,1.42,2.63,158,63.17,34.07,46.06,8.18,20.91
2025-12-09,SKU-BAK-117,Salmon Fillet (lb),Bakery,11,6.47,9.20,24,101.17,71.16,29.66,16.96,13.05
2025-08-03,SKU-SNK-111,Orange Juice 1L,Snacks,8,11.18,13.91,142,111.26,89.41,19.64,19.09,2.77
2025-05-04,SKU-BEV-011,Salmon Fillet (lb),Beverages,18,11.82,23.22,99,417.89,212.67,49.11,67.84,137.38
2025-06-15,SKU-DRY-090,Bananas (lb),Dairy,22,6.00,10.40,101,228.74,132.00,42.29,11.89,84.85
2025-10-09,SKU-FRZ-038,Granola Bars 12ct,Frozen,19,6.85,9.88,110,187.64,130.08,30.68,7.93,49.63
2025-08-12,SKU-PRD-082,Eggs 12ct,Produce,19,13.53,20.42,199,388.03,257.15,33.73,60.62,70.26
2025-11-28,SKU-MET-015,Greek Yogurt 4pk,Meat,5,4.58,6.38,102,31.92,22.88,28.32,4.31,4.73
2025-06-22,SKU-FRZ-052,Rice 5lb,Frozen,26,6.43,8.32,56,216.26,167.11,22.73,4.61,44.55
2025-06-04,SKU-PAN-079,Granola Bars 12ct,Pantry,19,9.72,17.77,114,337.56,184.60,45.31,26.30,126.66
2025-12-10,SKU-HOU-032,Whole Milk 1gal,Household,18,4.89,8.90,36,160.26,87.94,45.12,20.55,51.77
2025-11-07,SKU-BEV-043,Pasta 16oz,Beverages,13,7.37,9.38,23,121.89,95.79,21.41,11.87,14.22
2025-06-27,SKU-DRY-072,Frozen Pizza,Dairy,22,10.63,20.53,156,451.63,233.94,48.20,9.93,207.76
2025-05-25,SKU-BAK-092,Potato Chips 8oz,Bakery,25,3.51,4.24,67,106.06,87.65,17.36,3.07,15.34
2025-01-15,SKU-HOU-109,Salmon Fillet (lb),Household,5,16.90,24.03,49,120.15,84.48,29.69,2.77,32.90
2025-08-06,SKU-PAN-076,Rice 5lb,Pantry,11,2.43,3.30,113,36.25,26.73,26.25,4.65,4.86
2025-03-14,SKU-DRY-027,Olive Oil 1L,Dairy,6,12.03,17.67,30,106.03,72.18,31.92,11.99,21.86
2025-10-23,SKU-PRD-017,Pasta 16oz,Produce,21,13.68,20.23,76,424.87,287.24,32.39,18.07,119.55
2025-01-06,SKU-FRZ-116,Sourdough Bread,Frozen,19,0.99,1.64,79,31.18,18.83,39.59,3.98,8.36
2025-07-21,SKU-BEV-031,Greek Yogurt 4pk,Beverages,29,7.28,9.57,151,277.67,211.18,23.95,8.81,57.68
2025-06-06,SKU-HOU-037,Salmon Fillet (lb),Household,30,13.54,18.07,143,542.20,406.31,25.06,15.78,120.11
2025-08-30,SKU-MET-032,Chicken Breast (lb),Meat,6,9.41,13.07,112,78.42,56.48,27.98,3.57,18.37
2025-05-18,SKU-MET-039,Salmon Fillet (lb),Meat,10,14.10,17.00,62,169.96,141.04,17.02,25.56,3.35
2025-03-03,SKU-MET-106,Rice 5lb,Meat,23,1.39,2.03,8,46.78,32.03,31.54,2.48,12.28
2025-07-14,SKU-SNK-032,Eggs 12ct,Snacks,4,6.05,8.64,144,34.56,24.19,30.01,5.95,4.42
2025-10-16,SKU-MET-100,Rice 5lb,Meat,3,8.19,16.35,204,49.06,24.56,49.93,5.31,19.18
2025-07-13,SKU-PRD-058,Bananas (lb),Produce,15,14.06,26.54,167,398.16,210.86,47.04,12.09,175.21
2025-12-26,SKU-PAN-034,Olive Oil 1L,Pantry,4,2.20,3.65,90,14.61,8.79,39.81,2.20,3.61
2025-09-10,SKU-BEV-045,Pasta 16oz,Beverages,2,15.52,22.72,75,45.44,31.04,31.69,3.30,11.10
2025-04-20,SKU-BAK-060,Potato Chips 8oz,Bakery,24,10.99,19.57,7,469.58,263.78,43.83,44.43,161.37
2025-12-03,SKU-HOU-040,Apples (3lb bag),Household,5,8.43,13.85,67,69.26,42.14,39.17,6.26,20.87
2025-12-12,SKU-SEA-002,Eggs 12ct,Seafood,2,11.39,21.42,136,42.83,22.77,46.84,7.48,12.58
2025-06-29,SKU-BEV-116,Potato Chips 8oz,Beverages,10,17.73,30.57,83,305.69,177.29,42.00,3.38,125.02
2025-02-10,SKU-BAK-065,Bananas (lb),Bakery,27,6.02,9.00,79,243.09,162.67,33.08,29.92,50.50
2025-05-10,SKU-PAN-099,Whole Milk 1gal,Pantry,19,16.18,25.12,127,477.31,307.46,35.58,51.75,118.10
2025-02-01,SKU-DRY-011,Pasta 16oz,Dairy,13,13.49,26.67,50,346.66,175.43,49.39,0.21,171.01
2025-02-15,SKU-FRZ-109,Granola Bars 12ct,Frozen,16,10.32,16.23,48,259.63,165.13,36.40,16.16,78.34
2025-02-10,SKU-PRD-078,Dish Soap 24oz,Produce,17,13.96,20.28,217,344.70,237.37,31.14,13.09,94.24
2025-12-05,SKU-MET-112,Potato Chips 8oz,Meat,16,16.58,23.30,53,372.85,265.24,28.86,47.18,60.43
2025-06-03,SKU-HOU-032,Paper Towels 6ct,Household,4,10.42,18.18,79,72.74,41.69,42.68,7.39,23.65
2025-06-10,SKU-SNK-077,Whole Milk 1gal,Snacks,9,0.82,1.29,175,11.59,7.42,35.95,0.55,3.62
2025-11-12,SKU-BAK-049,Pasta 16oz,Bakery,12,10.05,17.04,158,204.49,120.61,41.02,20.02,63.86
2025-07-10,SKU-DRY-001,Laundry Detergent 64oz,Dairy,25,15.77,24.65,63,616.23,394.29,36.02,103.87,118.08
2025-01-04,SKU-MET-036,Frozen Pizza,Meat,10,6.31,11.56,11,115.56,63.13,45.37,3.96,48.47
2025-04-11,SKU-PRD-086,Orange Juice 1L,Produce,15,14.71,28.22,157,423.26,220.69,47.86,1.90,200.67
2025-05-30,SKU-SEA-081,Granola Bars 12ct,Seafood,2,12.45,17.15,128,34.30,24.90,27.40,3.92,5.47
2025-05-21,SKU-MET-093,Salmon Fillet (lb),Meat,19,10.74,16.43,82,312.13,204.06,34.62,11.73,96.34
2025-07-30,SKU-HOU-037,Whole Milk 1gal,Household,7,16.12,19.73,197,138.10,112.87,18.27,20.99,4.23
2025-08-29,SKU-FRZ-005,Greek Yogurt 4pk,Frozen,17,12.34,18.51,112,314.63,209.81,33.31,28.99,75.83
2025-05-31,SKU-MET-009,Laundry Detergent 64oz,Meat,13,4.51,5.69,53,73.95,58.57,20.80,11.81,3.57
2025-12-11,SKU-HOU-023,Ground Beef 1lb,Household,20,5.83,8.57,82,171.36,116.51,32.01,23.31,31.53
2025-08-08,SKU-PAN-108,Ground Beef 1lb,Pantry,2,2.89,5.63,102,11.26,5.78,48.67,0.80,4.68
2025-12-21,SKU-PAN-112,Soda 12oz 6pk,Pantry,16,8.20,15.81,211,252.89,131.27,48.09,44.04,77.58
2025-04-02,SKU-SEA-034,Olive Oil 1L,Seafood,6,6.93,14.38,120,86.27,41.59,51.79,9.36,35.32
2025-12-26,SKU-MET-100,Potato Chips 8oz,Meat,4,5.27,10.63,140,42.52,21.09,50.39,5.96,15.47
2025-11-29,SKU-HOU-002,Sourdough Bread,Household,15,7.98,14.81,55,222.16,119.75,46.10,6.45,95.95
2025-02-26,SKU-FRZ-029,Frozen Pizza,Frozen,22,11.41,15.30,149,336.68,250.95,25.46,30.46,55.27
2025-12-13,SKU-FRZ-020,Orange Juice 1L,Frozen,21,2.17,3.23,157,67.83,45.63,32.74,11.56,10.64
2025-02-23,SKU-BAK-011,Whole Milk 1gal,Bakery,1,2.00,3.01,90,3.01,2.00,33.59,0.52,0.49
2025-06-20,SKU-DRY-086,Granola Bars 12ct,Dairy,26,9.18,12.09,159,314.22,238.56,24.08,53.18,22.48
2025-07-11,SKU-SEA-117,Bananas (lb),Seafood,29,16.33,31.73,71,920.20,473.58,48.54,19.52,427.10
2025-12-07,SKU-BAK-120,Pasta 16oz,Bakery,3,8.65,11.23,21,33.69,25.95,22.98,4.90,2.84
2025-01-02,SKU-FRZ-053,Sourdough Bread,Frozen,10,15.72,27.71,117,277.10,157.21,43.27,29.80,90.09
2025-10-20,SKU-HOU-009,Granola Bars 12ct,Household,1,6.95,13.80,214,13.80,6.95,49.65,0.47,6.38
2025-05-24,SKU-PAN-060,Apples (3lb bag),Pantry,22,11.47,21.04,80,462.99,252.35,45.50,5.80,204.83
2025-03-20,SKU-BEV-069,Pasta 16oz,Beverages,1,10.84,17.22,71,17.22,10.84,37.01,2.14,4.23
2025-01-26,SKU-PAN-037,Dish Soap 24oz,Pantry,15,16.90,26.19,147,392.89,253.50,35.48,52.20,87.20
2025-07-22,SKU-PRD-055,Frozen Pizza,Produce,6,0.92,1.54,127,9.26,5.55,40.12,0.14,3.57
2025-09-07,SKU-FRZ-039,Eggs 12ct,Frozen,15,12.00,19.01,72,285.15,179.99,36.88,9.31,95.84
2025-01-15,SKU-PAN-081,Paper Towels 6ct,Pantry,5,10.29,13.49,147,67.45,51.46,23.70,8.97,7.01
2025-08-14,SKU-MET-108,Frozen Pizza,Meat,25,16.46,21.43,215,535.79,411.56,23.19,74.59,49.64
2025-07-16,SKU-HOU-001,Frozen Pizza,Household,12,11.99,20.47,72,245.60,143.84,41.43,3.67,98.09
2025-08-16,SKU-SEA-019,Laundry Detergent 64oz,Seafood,9,11.98,15.40,168,138.63,107.84,22.21,4.52,26.27
2025-05-20,SKU-BAK-053,Olive Oil 1L,Bakery,5,14.03,24.12,20,120.60,70.13,41.85,5.26,45.22
2025-07-11,SKU-DRY-033,Dish Soap 24oz,Dairy,25,13.24,27.38,144,684.52,331.00,51.64,98.72,254.80
2025-11-17,SKU-HOU-003,Orange Juice 1L,Household,10,8.98,10.95,89,109.54,89.79,18.03,9.44,10.31
2025-03-02,SKU-MET-025,Eggs 12ct,Meat,1,15.42,30.70,8,30.70,15.42,49.77,4.93,10.35
2025-06-30,SKU-HOU-057,Frozen Pizza,Household,19,14.40,28.73,79,545.91,273.63,49.88,90.86,181.42
2025-08-10,SKU-SEA-040,Paper Towels 6ct,Seafood,19,1.03,1.94,14,36.93,19.59,46.95,5.88,11.46
2025-08-29,SKU-MET-015,Paper Towels 6ct,Meat,18,1.67,3.39,181,60.95,30.15,50.54,9.64,21.16
2025-10-07,SKU-PAN-029,Olive Oil 1L,Pantry,17,9.56,12.22,28,207.69,162.48,21.77,35.07,10.13
2025-11-19,SKU-PAN-119,Rice 5lb,Pantry,11,16.16,24.84,66,273.23,177.78,34.93,32.24,63.20
2025-01-07,SKU-PAN-103,Greek Yogurt 4pk,Pantry,1,5.92,11.28,169,11.28,5.92,47.55,0.98,4.39
2025-04-17,SKU-BEV-044,Frozen Pizza,Beverages,20,9.16,14.62,7,292.43,183.14,37.37,8.12,101.17
2025-07-08,SKU-MET-015,Rice 5lb,Meat,8,17.76,33.08,108,264.61,142.06,46.31,8.21,114.34
2025-06-11,SKU-SNK-064,Laundry Detergent 64oz,Snacks,10,12.99,15.82,178,158.16,129.90,17.87,24.39,3.88
2025-05-29,SKU-SEA-105,Ground Beef 1lb,Seafood,20,13.37,21.09,195,421.71,267.48,36.57,64.38,89.85
2025-01-18,SKU-SNK-083,Paper Towels 6ct,Snacks,28,10.22,12.95,111,362.68,286.05,21.13,57.11,19.52
2025-10-22,SKU-SNK-088,Bananas (lb),Snacks,18,12.25,15.74,125,283.33,220.47,22.19,7.98,54.88
2025-03-24,SKU-SEA-087,Salmon Fillet (lb),Seafood,13,9.89,18.32,134,238.14,128.58,46.01,14.31,95.25
2025-10-31,SKU-HOU-005,Salmon Fillet (lb),Household,23,12.79,19.54,140,449.52,294.09,34.58,72.12,83.32
2025-08-06,SKU-MET-006,Laundry Detergent 64oz,Meat,12,13.94,18.65,54,223.86,167.33,25.25,36.93,19.60
2025-10-10,SKU-HOU-086,Orange Juice 1L,Household,26,10.47,13.52,148,351.43,272.11,22.57,9.39,69.93
2025-11-09,SKU-PAN-088,Olive Oil 1L,Pantry,20,6.53,9.64,33,192.81,130.54,32.30,0.43,61.85
2025-10-09,SKU-FRZ-048,Apples (3lb bag),Frozen,7,4.39,5.69,178,39.80,30.70,22.88,2.50,6.61
2025-08-01,SKU-SEA-104,Soda 12oz 6pk,Seafood,6,4.94,9.27,158,55.61,29.66,46.66,6.14,19.81
2025-06-17,SKU-HOU-060,Olive Oil 1L,Household,8,10.76,19.15,44,153.19,86.07,43.82,2.69,64.43
2025-09-24,SKU-FRZ-069,Laundry Detergent 64oz,Frozen,12,11.03,16.78,67,201.32,132.31,34.28,1.95,67.06
2025-05-10,SKU-BAK-070,Apples (3lb bag),Bakery,26,14.95,29.58,194,769.16,388.75,49.46,39.75,340.66
2025-10-31,SKU-FRZ-025,Orange Juice 1L,Frozen,10,16.10,21.52,129,215.23,161.04,25.18,25.20,28.99
2025-03-04,SKU-DRY-077,Paper Towels 6ct,Dairy,19,11.95,24.75,155,470.16,226.97,51.73,4.32,238.88
2025-12-24,SKU-PRD-062,Whole Milk 1gal,Produce,3,9.11,13.68,133,41.05,27.33,33.43,1.76,11.96
2025-12-03,SKU-PAN-017,Bananas (lb),Pantry,28,11.98,19.19,45,537.44,335.33,37.61,16.66,185.44
2025-12-28,SKU-SEA-110,Frozen Pizza,Seafood,22,11.81,23.34,195,513.46,259.71,49.42,45.19,208.55
2025-03-18,SKU-HOU-075,Rice 5lb,Household,30,10.32,14.08,126,422.41,309.46,26.74,21.11,91.84
2025-07-10,SKU-PRD-085,Olive Oil 1L,Produce,15,7.83,10.34,209,155.15,117.52,24.25,26.85,10.77
2025-08-22,SKU-HOU-050,Laundry Detergent 64oz,Household,12,6.29,12.41,133,148.94,75.47,49.33,18.69,54.78
2025-04-30,SKU-MET-077,Orange Juice 1L,Meat,22,7.80,9.78,38,215.12,171.63,20.22,11.43,32.06
2025-06-30,SKU-BEV-007,Bananas (lb),Beverages,18,6.25,12.11,31,217.94,112.52,48.37,7.17,98.25
2025-07-28,SKU-SNK-059,Chicken Breast (lb),Snacks,26,6.61,11.04,161,286.99,171.83,40.13,5.75,109.41
2025-04-26,SKU-DRY-006,Dish Soap 24oz,Dairy,16,15.52,29.63,146,474.07,248.34,47.61,50.93,174.80
2025-06-07,SKU-HOU-022,Greek Yogurt 4pk,Household,3,12.30,21.63,142,64.90,36.90,43.14,0.73,27.27
2025-10-08,SKU-SEA-087,Chicken Breast (lb),Seafood,19,15.15,29.88,210,567.68,287.94,49.28,84.76,194.98
2025-08-21,SKU-DRY-089,Eggs 12ct,Dairy,3,1.72,2.46,6,7.37,5.16,30.01,0.92,1.29
2025-06-15,SKU-PAN-077,Rice 5lb,Pantry,30,5.05,8.71,40,261.32,151.40,42.06,0.36,109.56
2025-09-20,SKU-FRZ-107,Dish Soap 24oz,Frozen,8,9.64,11.76,156,94.11,77.12,18.05,16.70,0.29
2025-02-05,SKU-DRY-040,Eggs 12ct,Dairy,24,0.85,1.58,34,38.01,20.41,46.30,5.00,12.59
2025-08-08,SKU-PRD-010,Paper Towels 6ct,Produce,12,16.24,25.97,134,311.62,194.91,37.45,12.91,103.80
2025-12-11,SKU-PAN-069,Chicken Breast (lb),Pantry,5,13.03,27.16,191,135.82,65.13,52.04,23.86,46.82
2025-10-18,SKU-HOU-114,Pasta 16oz,Household,27,15.94,31.70,53,856.01,430.29,49.73,43.12,382.61
2025-07-26,SKU-PAN-042,Sourdough Bread,Pantry,4,8.33,12.25,13,48.98,33.32,31.97,6.02,9.64
2025-09-30,SKU-BAK-106,Bananas (lb),Bakery,8,12.13,20.08,61,160.60,97.02,39.59,27.79,35.79
2025-01-05,SKU-MET-047,Greek Yogurt 4pk,Meat,15,9.12,15.79,116,236.79,136.76,42.24,16.79,83.24
2025-07-31,SKU-HOU-100,Dish Soap 24oz,Household,9,5.84,9.02,6,81.19,52.60,35.22,13.90,14.70
2025-10-03,SKU-MET-102,Laundry Detergent 64oz,Meat,13,14.15,24.81,177,322.59,183.94,42.98,11.77,126.88
2025-12-04,SKU-PRD-067,Salmon Fillet (lb),Produce,13,13.15,20.21,4,262.79,171.00,34.93,14.06,77.74
2025-09-08,SKU-DRY-117,Eggs 12ct,Dairy,16,10.16,21.14,22,338.19,162.51,51.95,46.58,129.10
2025-03-28,SKU-HOU-099,Bananas (lb),Household,30,7.74,13.35,85,400.50,232.16,42.03,40.16,128.18
2025-02-13,SKU-HOU-031,Olive Oil 1L,Household,7,16.91,22.50,198,157.53,118.35,24.87,19.41,19.78
2025-07-09,SKU-DRY-104,Potato Chips 8oz,Dairy,4,8.75,17.54,13,70.14,35.01,50.09,7.65,27.49
2025-06-05,SKU-PAN-056,Whole Milk 1gal,Pantry,13,10.47,18.31,44,237.97,136.06,42.83,28.04,73.87
2025-05-22,SKU-FRZ-077,Pasta 16oz,Frozen,10,14.30,27.16,11,271.65,143.03,47.35,41.22,87.40
2025-11-10,SKU-BEV-075,Ground Beef 1lb,Beverages,4,5.71,6.97,165,27.87,22.86,17.98,2.03,2.98
2025-09-10,SKU-DRY-025,Paper Towels 6ct,Dairy,10,11.53,15.89,44,158.85,115.31,27.41,7.48,36.06
2025-09-30,SKU-SEA-075,Olive Oil 1L,Seafood,30,8.60,12.11,68,363.43,257.94,29.03,59.29,46.20
2025-10-18,SKU-FRZ-050,Sourdough Bread,Frozen,10,14.41,30.19,202,301.91,144.09,52.28,13.89,143.94
2025-09-20,SKU-SNK-032,Rice 5lb,Snacks,10,12.31,15.01,115,150.13,123.08,18.02,12.15,14.90
2025-06-04,SKU-HOU-116,Olive Oil 1L,Household,7,15.13,21.27,78,148.89,105.91,28.87,4.73,38.25
2025-04-30,SKU-BEV-027,Bananas (lb),Beverages,23,14.18,24.38,47,560.84,326.13,41.85,58.67,176.03
2025-11-09,SKU-HOU-107,Dish Soap 24oz,Household,20,7.58,9.55,98,191.05,151.52,20.69,12.24,27.29
2025-01-07,SKU-FRZ-062,Chicken Breast (lb),Frozen,8,2.90,5.45,25,43.56,23.16,46.83,5.83,14.56
2025-07-08,SKU-BAK-046,Laundry Detergent 64oz,Bakery,12,15.07,21.20,192,254.44,180.84,28.93,13.05,60.55
2025-12-30,SKU-SEA-107,Paper Towels 6ct,Seafood,26,11.95,21.06,59,547.57,310.72,43.25,70.76,166.09
2025-12-09,SKU-HOU-117,Sourdough Bread,Household,10,13.34,16.52,220,165.19,133.39,19.25,1.26,30.54
2025-08-08,SKU-BAK-119,Orange Juice 1L,Bakery,8,14.49,30.33,0,242.62,115.90,52.23,33.20,93.52
2025-10-10,SKU-FRZ-027,Apples (3lb bag),Frozen,11,8.38,11.73,68,129.08,92.19,28.57,8.93,27.95
2025-10-08,SKU-BEV-075,Potato Chips 8oz,Beverages,8,12.63,25.52,90,204.18,101.02,50.52,24.67,78.49
2025-08-19,SKU-MET-116,Eggs 12ct,Meat,19,7.20,11.50,132,218.52,136.75,37.42,22.90,58.86
2025-10-27,SKU-SEA-032,Apples (3lb bag),Seafood,21,10.43,17.72,47,372.08,219.06,41.12,42.88,110.13
2025-06-14,SKU-HOU-095,Greek Yogurt 4pk,Household,17,16.62,34.09,130,579.61,282.57,51.25,47.02,250.01
2025-06-17,SKU-FRZ-024,Potato Chips 8oz,Frozen,24,7.76,14.34,46,344.17,186.32,45.86,38.90,118.94
2025-09-03,SKU-BEV-006,Dish Soap 24oz,Beverages,19,2.26,2.89,103,54.87,42.89,21.83,5.38,6.60
2025-07-14,SKU-MET-027,Potato Chips 8oz,Meat,19,14.57,18.62,195,353.78,276.75,21.77,15.80,61.22
2025-03-16,SKU-PRD-023,Salmon Fillet (lb),Produce,12,7.81,12.38,196,148.50,93.67,36.92,26.37,28.46
2025-03-25,SKU-BEV-101,Pasta 16oz,Beverages,3,17.37,24.63,22,73.88,52.12,29.45,7.50,14.26
2025-04-08,SKU-SNK-011,Eggs 12ct,Snacks,27,16.07,22.71,64,613.26,434.00,29.23,40.98,138.28
2025-08-06,SKU-SEA-110,Frozen Pizza,Seafood,28,12.17,17.27,155,483.53,340.74,29.53,71.79,71.01
2025-12-30,SKU-PRD-043,Rice 5lb,Produce,13,6.56,10.21,195,132.70,85.33,35.69,3.82,43.55
2025-04-03,SKU-PAN-015,Bananas (lb),Pantry,27,3.77,6.33,153,170.95,101.66,40.53,10.77,58.52
2025-12-10,SKU-FRZ-060,Paper Towels 6ct,Frozen,19,16.91,34.06,167,647.22,321.37,50.35,58.97,266.89
2025-03-14,SKU-PAN-049,Bananas (lb),Pantry,14,9.12,12.90,189,180.56,127.63,29.31,12.81,40.12
2025-03-25,SKU-DRY-005,Potato Chips 8oz,Dairy,2,7.50,13.43,132,26.85,15.01,44.11,3.30,8.55
2025-08-25,SKU-SEA-111,Sourdough Bread,Seafood,5,14.94,20.12,106,100.60,74.72,25.73,14.11,11.78
2025-10-24,SKU-FRZ-060,Ground Beef 1lb,Frozen,2,6.74,8.38,179,16.76,13.48,19.59,2.28,1.00
2025-12-23,SKU-FRZ-090,Granola Bars 12ct,Frozen,12,10.99,20.15,192,241.78,131.87,45.46,23.68,86.23
2025-03-05,SKU-BEV-095,Paper Towels 6ct,Beverages,8,10.98,19.78,25,158.20,87.86,44.47,24.68,45.67
2025-05-11,SKU-DRY-021,Laundry Detergent 64oz,Dairy,5,14.71,20.94,17,104.68,73.57,29.72,2.08,29.03
2025-06-17,SKU-FRZ-034,Eggs 12ct,Frozen,25,7.48,11.15,70,278.74,187.10,32.88,41.01,50.64
2025-11-11,SKU-DRY-070,Rice 5lb,Dairy,11,1.67,2.90,60,31.88,18.39,42.32,0.55,12.94
2025-07-15,SKU-SEA-113,Bananas (lb),Seafood,8,11.13,23.02,92,184.17,89.07,51.64,29.70,65.40
2025-01-07,SKU-HOU-110,Soda 12oz 6pk,Household,13,1.28,2.20,17,28.63,16.68,41.74,4.42,7.53
2025-08-31,SKU-DRY-110,Salmon Fillet (lb),Dairy,16,11.09,23.14,130,370.23,177.48,52.06,4.08,188.67
2025-06-15,SKU-PRD-058,Chicken Breast (lb),Produce,10,3.16,5.46,116,54.56,31.62,42.04,4.10,18.83
2025-10-31,SKU-BAK-089,Sourdough Bread,Bakery,11,10.82,17.16,109,188.76,119.05,36.93,29.26,40.46
2025-09-02,SKU-PRD-031,Salmon Fillet (lb),Produce,8,9.92,16.53,120,132.21,79.39,39.95,18.64,34.19
2025-10-25,SKU-SNK-008,Greek Yogurt 4pk,Snacks,17,1.13,2.15,200,36.59,19.20,47.53,2.67,14.72
2025-01-09,SKU-SEA-118,Potato Chips 8oz,Seafood,16,16.66,32.11,141,513.79,266.50,48.13,15.67,231.62
2025-05-15,SKU-PAN-063,Granola Bars 12ct,Pantry,25,12.25,23.56,62,589.08,306.18,48.02,23.65,259.25
2025-11-28,SKU-BAK-103,Dish Soap 24oz,Bakery,1,9.66,14.40,164,14.40,9.66,32.95,0.55,4.19
2025-02-12,SKU-BEV-007,Potato Chips 8oz,Beverages,4,3.72,6.41,115,25.63,14.86,42.01,1.74,9.02
2025-05-30,SKU-SNK-038,Soda 12oz 6pk,Snacks,24,10.92,21.93,14,526.38,262.13,50.20,54.01,210.23
2025-03-22,SKU-BEV-096,Whole Milk 1gal,Beverages,23,8.39,12.23,169,281.33,193.07,31.37,34.51,53.75
2025-03-31,SKU-MET-084,Eggs 12ct,Meat,16,1.49,3.04,40,48.69,23.80,51.12,7.65,17.24
2025-08-01,SKU-BEV-096,Greek Yogurt 4pk,Beverages,26,16.72,29.55,73,768.28,434.85,43.40,32.08,301.36
2025-12-19,SKU-SNK-094,Laundry Detergent 64oz,Snacks,6,4.54,9.49,213,56.93,27.24,52.15,9.86,19.83
2025-10-06,SKU-FRZ-026,Pasta 16oz,Frozen,16,7.21,12.43,159,198.92,115.31,42.03,27.74,55.86
2025-02-12,SKU-DRY-111,Frozen Pizza,Dairy,21,7.94,12.76,117,267.89,166.68,37.78,14.91,86.30
2025-07-26,SKU-HOU-043,Paper Towels 6ct,Household,7,16.96,21.20,218,148.40,118.70,20.01,3.80,25.89
2025-02-07,SKU-BEV-053,Ground Beef 1lb,Beverages,18,13.03,15.77,199,283.79,234.53,17.36,7.35,41.92
2025-07-14,SKU-MET-095,Ground Beef 1lb,Meat,29,2.09,3.61,184,104.76,60.55,42.20,0.53,43.68
2025-09-04,SKU-SNK-070,Orange Juice 1L,Snacks,1,5.53,11.56,113,11.56,5.53,52.19,0.72,5.32
2025-04-02,SKU-SNK-100,Greek Yogurt 4pk,Snacks,5,0.84,1.64,73,8.21,4.21,48.70,1.34,2.66
2025-05-02,SKU-BEV-100,Ground Beef 1lb,Beverages,28,2.79,5.55,34,155.42,78.18,49.70,25.18,52.06
2025-12-17,SKU-SNK-105,Sourdough Bread,Snacks,7,7.62,12.08,157,84.57,53.31,36.96,4.46,26.80
2025-12-30,SKU-SEA-057,Sourdough Bread,Seafood,5,11.36,18.07,220,90.33,56.79,37.13,10.34,23.20
2025-03-21,SKU-BEV-081,Sourdough Bread,Beverages,1,9.43,11.88,46,11.88,9.43,20.61,0.26,2.19
2025-12-22,SKU-PAN-022,Rice 5lb,Pantry,1,16.83,33.70,218,33.70,16.83,50.08,0.60,16.28
2025-07-28,SKU-HOU-068,Laundry Detergent 64oz,Household,26,15.02,21.70,16,564.12,390.58,30.76,95.27,78.27
2025-04-13,SKU-FRZ-111,Potato Chips 8oz,Frozen,19,8.72,10.54,186,200.28,165.63,17.30,4.43,30.22
2025-12-27,SKU-MET-018,Pasta 16oz,Meat,10,10.92,14.08,114,140.76,109.16,22.45,2.48,29.12
2025-05-20,SKU-MET-118,Laundry Detergent 64oz,Meat,23,5.00,9.98,183,229.47,114.99,49.89,32.14,82.34
2025-07-05,SKU-BAK-038,Eggs 12ct,Bakery,21,3.11,4.09,110,85.84,65.35,23.87,3.54,16.96
2025-04-27,SKU-DRY-050,Sourdough Bread,Dairy,20,1.58,3.26,75,65.30,31.53,51.72,1.06,32.72
2025-07-12,SKU-PAN-037,Laundry Detergent 64oz,Pantry,4,11.11,14.89,103,59.55,44.44,25.38,10.18,4.94
2025-07-25,SKU-PRD-030,Orange Juice 1L,Produce,5,17.21,21.58,164,107.88,86.06,20.23,9.71,12.12
2025-01-12,SKU-PRD-104,Apples (3lb bag),Produce,19,13.64,27.43,95,521.25,259.14,50.29,38.65,223.47
2025-06-18,SKU-PAN-051,Ground Beef 1lb,Pantry,19,17.19,26.67,60,506.82,326.65,35.55,88.65,91.52
2025-03-22,SKU-FRZ-099,Greek Yogurt 4pk,Frozen,2,12.98,21.77,164,43.55,25.96,40.40,2.32,15.27
2025-06-06,SKU-BAK-094,Dish Soap 24oz,Bakery,6,16.87,32.65,98,195.89,101.22,48.33,13.10,81.57
2025-11-10,SKU-PRD-074,Ground Beef 1lb,Produce,19,3.49,5.42,17,102.99,66.22,35.71,16.90,19.88
2025-05-14,SKU-PAN-030,Sourdough Bread,Pantry,18,1.33,2.08,126,37.39,24.01,35.77,6.65,6.72
2025-06-19,SKU-MET-109,Ground Beef 1lb,Meat,28,15.05,28.17,17,788.66,421.33,46.58,25.92,341.42
2025-02-14,SKU-PRD-095,Dish Soap 24oz,Produce,8,1.65,3.44,121,27.48,13.18,52.03,0.07,14.23
2025-12-02,SKU-FRZ-003,Chicken Breast (lb),Frozen,26,5.81,8.37,53,217.71,151.03,30.63,21.38,45.30
2025-03-06,SKU-FRZ-045,Bananas (lb),Frozen,28,4.71,7.01,48,196.34,131.91,32.82,18.83,45.61
2025-12-19,SKU-DRY-111,Sourdough Bread,Dairy,6,1.85,2.97,113,17.82,11.10,37.68,0.06,6.66
2025-03-14,SKU-MET-092,Laundry Detergent 64oz,Meat,29,17.31,33.69,155,976.95,501.99,48.62,154.27,320.69
2025-03-10,SKU-PAN-006,Eggs 12ct,Pantry,12,13.86,26.93,165,323.14,166.34,48.52,43.67,113.14
2025-08-11,SKU-SEA-012,Eggs 12ct,Seafood,24,15.47,29.43,52,706.25,371.34,47.42,64.57,270.34
2025-05-20,SKU-FRZ-007,Greek Yogurt 4pk,Frozen,18,15.15,29.60,25,532.72,272.73,48.80,55.95,204.03
2025-12-10,SKU-BEV-058,Rice 5lb,Beverages,3,5.17,9.81,118,29.43,15.50,47.32,4.30,9.63
2025-12-09,SKU-BAK-086,Olive Oil 1L,Bakery,9,5.63,7.60,178,68.37,50.69,25.87,6.94,10.75
2025-11-28,SKU-PAN-092,Granola Bars 12ct,Pantry,18,1.39,1.98,193,35.70,25.06,29.79,4.30,6.33
2025-05-03,SKU-BAK-101,Chicken Breast (lb),Bakery,11,17.93,35.35,168,388.85,197.18,49.29,53.67,137.99
2025-11-13,SKU-HOU-025,Pasta 16oz,Household,12,7.36,10.16,98,121.90,88.35,27.53,1.54,32.02
2025-06-23,SKU-BAK-027,Orange Juice 1L,Bakery,15,8.08,15.08,127,226.16,121.13,46.44,38.64,66.39
2025-03-23,SKU-PAN-113,Sourdough Bread,Pantry,15,12.56,16.03,60,240.38,188.36,21.64,5.84,46.18
2025-09-10,SKU-BEV-040,Whole Milk 1gal,Beverages,13,5.07,9.73,61,126.45,65.89,47.89,9.87,50.69
2025-04-17,SKU-DRY-112,Pasta 16oz,Dairy,16,14.24,17.25,173,275.94,227.86,17.42,39.60,8.48
2025-11-09,SKU-PAN-046,Whole Milk 1gal,Pantry,29,11.67,19.68,88,570.77,338.32,40.73,72.13,160.32
2025-02-23,SKU-DRY-053,Dish Soap 24oz,Dairy,21,0.98,2.03,87,42.60,20.48,51.94,0.47,21.66
2025-11-02,SKU-PRD-102,Ground Beef 1lb,Produce,22,2.01,3.00,77,66.10,44.17,33.18,9.86,12.07
2025-03-11,SKU-PRD-058,Laundry Detergent 64oz,Produce,3,15.00,24.93,98,74.78,45.00,39.83,5.83,23.96
2025-01-16,SKU-MET-074,Potato Chips 8oz,Meat,16,1.55,2.42,143,38.71,24.85,35.80,3.88,9.98
2025-03-07,SKU-BEV-048,Frozen Pizza,Beverages,12,8.03,10.62,95,127.42,96.38,24.36,13.43,17.62
2025-02-25,SKU-SNK-113,Ground Beef 1lb,Snacks,13,4.53,5.55,136,72.16,58.86,18.43,4.46,8.84
2025-03-14,SKU-PRD-071,Ground Beef 1lb,Produce,9,7.74,16.17,134,145.54,69.68,52.13,25.37,50.49
2025-03-06,SKU-MET-029,Potato Chips 8oz,Meat,15,2.46,4.74,126,71.09,36.85,48.17,11.42,22.83
2025-07-26,SKU-SNK-081,Olive Oil 1L,Snacks,25,7.79,14.45,142,361.16,194.83,46.05,46.72,119.61
2025-07-12,SKU-FRZ-048,Salmon Fillet (lb),Frozen,28,5.37,6.81,137,190.80,150.47,21.14,7.93,32.40
2025-12-06,SKU-BAK-010,Ground Beef 1lb,Bakery,4,2.37,4.66,114,18.64,9.49,49.06,1.82,7.32
2025-06-29,SKU-SEA-061,Orange Juice 1L,Seafood,2,11.99,14.80,217,29.61,23.98,19.01,4.74,0.89
2025-06-26,SKU-BEV-041,Salmon Fillet (lb),Beverages,7,9.12,18.33,79,128.34,63.83,50.27,20.49,44.02
2025-09-20,SKU-FRZ-011,Sourdough Bread,Frozen,22,0.97,1.22,155,26.87,21.31,20.68,1.01,4.55
2025-02-24,SKU-PRD-030,Granola Bars 12ct,Produce,9,12.19,17.87,22,160.82,109.75,31.76,18.12,32.95
2025-08-22,SKU-PRD-023,Eggs 12ct,Produce,3,9.66,19.03,1,57.10,28.97,49.26,1.54,26.59
2025-01-29,SKU-BEV-043,Bananas (lb),Beverages,29,14.33,18.38,51,532.90,415.71,21.99,52.42,64.77
